TimeQuest Timing Analyzer report for registro_clave_teclado
Thu May 07 22:58:12 2026
Quartus II 64-Bit Version 13.1.0 Build 162 10/23/2013 SJ Web Edition


---------------------
; Table of Contents ;
---------------------
  1. Legal Notice
  2. TimeQuest Timing Analyzer Summary
  3. Parallel Compilation
  4. Clocks
  5. Slow 1200mV 85C Model Fmax Summary
  6. Timing Closure Recommendations
  7. Slow 1200mV 85C Model Setup Summary
  8. Slow 1200mV 85C Model Hold Summary
  9. Slow 1200mV 85C Model Recovery Summary
 10. Slow 1200mV 85C Model Removal Summary
 11. Slow 1200mV 85C Model Minimum Pulse Width Summary
 12. Slow 1200mV 85C Model Setup: 'clk'
 13. Slow 1200mV 85C Model Hold: 'clk'
 14. Slow 1200mV 85C Model Minimum Pulse Width: 'clk'
 15. Setup Times
 16. Hold Times
 17. Clock to Output Times
 18. Minimum Clock to Output Times
 19. Slow 1200mV 85C Model Metastability Report
 20. Slow 1200mV 0C Model Fmax Summary
 21. Slow 1200mV 0C Model Setup Summary
 22. Slow 1200mV 0C Model Hold Summary
 23. Slow 1200mV 0C Model Recovery Summary
 24. Slow 1200mV 0C Model Removal Summary
 25. Slow 1200mV 0C Model Minimum Pulse Width Summary
 26. Slow 1200mV 0C Model Setup: 'clk'
 27. Slow 1200mV 0C Model Hold: 'clk'
 28. Slow 1200mV 0C Model Minimum Pulse Width: 'clk'
 29. Setup Times
 30. Hold Times
 31. Clock to Output Times
 32. Minimum Clock to Output Times
 33. Slow 1200mV 0C Model Metastability Report
 34. Fast 1200mV 0C Model Setup Summary
 35. Fast 1200mV 0C Model Hold Summary
 36. Fast 1200mV 0C Model Recovery Summary
 37. Fast 1200mV 0C Model Removal Summary
 38. Fast 1200mV 0C Model Minimum Pulse Width Summary
 39. Fast 1200mV 0C Model Setup: 'clk'
 40. Fast 1200mV 0C Model Hold: 'clk'
 41. Fast 1200mV 0C Model Minimum Pulse Width: 'clk'
 42. Setup Times
 43. Hold Times
 44. Clock to Output Times
 45. Minimum Clock to Output Times
 46. Fast 1200mV 0C Model Metastability Report
 47. Multicorner Timing Analysis Summary
 48. Setup Times
 49. Hold Times
 50. Clock to Output Times
 51. Minimum Clock to Output Times
 52. Board Trace Model Assignments
 53. Input Transition Times
 54. Slow Corner Signal Integrity Metrics
 55. Fast Corner Signal Integrity Metrics
 56. Setup Transfers
 57. Hold Transfers
 58. Report TCCS
 59. Report RSKM
 60. Unconstrained Paths
 61. TimeQuest Timing Analyzer Messages



----------------
; Legal Notice ;
----------------
Copyright (C) 1991-2013 Altera Corporation
Your use of Altera Corporation's design tools, logic functions 
and other software and tools, and its AMPP partner logic 
functions, and any output files from any of the foregoing 
(including device programming or simulation files), and any 
associated documentation or information are expressly subject 
to the terms and conditions of the Altera Program License 
Subscription Agreement, Altera MegaCore Function License 
Agreement, or other applicable license agreement, including, 
without limitation, that your use is for the sole purpose of 
programming logic devices manufactured by Altera and sold by 
Altera or its authorized distributors.  Please refer to the 
applicable agreement for further details.



+-------------------------------------------------------------------------+
; TimeQuest Timing Analyzer Summary                                       ;
+--------------------+----------------------------------------------------+
; Quartus II Version ; Version 13.1.0 Build 162 10/23/2013 SJ Web Edition ;
; Revision Name      ; registro_clave_teclado                             ;
; Device Family      ; Cyclone III                                        ;
; Device Name        ; EP3C16F484C6                                       ;
; Timing Models      ; Final                                              ;
; Delay Model        ; Combined                                           ;
; Rise/Fall Delays   ; Enabled                                            ;
+--------------------+----------------------------------------------------+


+------------------------------------------+
; Parallel Compilation                     ;
+----------------------------+-------------+
; Processors                 ; Number      ;
+----------------------------+-------------+
; Number detected on machine ; 12          ;
; Maximum allowed            ; 12          ;
;                            ;             ;
; Average used               ; 1.00        ;
; Maximum used               ; 12          ;
;                            ;             ;
; Usage by Processor         ; % Time Used ;
;     Processor 1            ; 100.0%      ;
;     Processors 2-12        ; < 0.1%      ;
+----------------------------+-------------+


+---------------------------------------------------------------------------------------------------------------------------------------------------------------------------------+
; Clocks                                                                                                                                                                          ;
+------------+------+--------+------------+-------+-------+------------+-----------+-------------+-------+--------+-----------+------------+----------+--------+--------+---------+
; Clock Name ; Type ; Period ; Frequency  ; Rise  ; Fall  ; Duty Cycle ; Divide by ; Multiply by ; Phase ; Offset ; Edge List ; Edge Shift ; Inverted ; Master ; Source ; Targets ;
+------------+------+--------+------------+-------+-------+------------+-----------+-------------+-------+--------+-----------+------------+----------+--------+--------+---------+
; clk        ; Base ; 1.000  ; 1000.0 MHz ; 0.000 ; 0.500 ;            ;           ;             ;       ;        ;           ;            ;          ;        ;        ; { clk } ;
+------------+------+--------+------------+-------+-------+------------+-----------+-------------+-------+--------+-----------+------------+----------+--------+--------+---------+


+-----------------------------------------------------------------------------------------------------------+
; Slow 1200mV 85C Model Fmax Summary                                                                        ;
+------------+-----------------+------------+---------------------------------------------------------------+
; Fmax       ; Restricted Fmax ; Clock Name ; Note                                                          ;
+------------+-----------------+------------+---------------------------------------------------------------+
; 590.67 MHz ; 250.0 MHz       ; clk        ; limit due to minimum period restriction (max I/O toggle rate) ;
+------------+-----------------+------------+---------------------------------------------------------------+
This panel reports FMAX for every clock in the design, regardless of the user-specified clock periods.  FMAX is only computed for paths where the source and destination registers or ports are driven by the same clock.  Paths of different clocks, including generated clocks, are ignored.  For paths between a clock and its inversion, FMAX is computed as if the rising and falling edges are scaled along with FMAX, such that the duty cycle (in terms of a percentage) is maintained. Altera recommends that you always use clock constraints and other slack reports for sign-off analysis.


----------------------------------
; Timing Closure Recommendations ;
----------------------------------
HTML report is unavailable in plain text report export.


+-------------------------------------+
; Slow 1200mV 85C Model Setup Summary ;
+-------+--------+--------------------+
; Clock ; Slack  ; End Point TNS      ;
+-------+--------+--------------------+
; clk   ; -0.693 ; -9.323             ;
+-------+--------+--------------------+


+------------------------------------+
; Slow 1200mV 85C Model Hold Summary ;
+-------+-------+--------------------+
; Clock ; Slack ; End Point TNS      ;
+-------+-------+--------------------+
; clk   ; 0.358 ; 0.000              ;
+-------+-------+--------------------+


------------------------------------------
; Slow 1200mV 85C Model Recovery Summary ;
------------------------------------------
No paths to report.


-----------------------------------------
; Slow 1200mV 85C Model Removal Summary ;
-----------------------------------------
No paths to report.


+---------------------------------------------------+
; Slow 1200mV 85C Model Minimum Pulse Width Summary ;
+-------+--------+----------------------------------+
; Clock ; Slack  ; End Point TNS                    ;
+-------+--------+----------------------------------+
; clk   ; -3.000 ; -22.000                          ;
+-------+--------+----------------------------------+


+----------------------------------------------------------------------------------------------------------+
; Slow 1200mV 85C Model Setup: 'clk'                                                                       ;
+--------+-------------+-------------+--------------+-------------+--------------+------------+------------+
; Slack  ; From Node   ; To Node     ; Launch Clock ; Latch Clock ; Relationship ; Clock Skew ; Data Delay ;
+--------+-------------+-------------+--------------+-------------+--------------+------------+------------+
; -0.693 ; contador[2] ; d2[3]       ; clk          ; clk         ; 1.000        ; -0.062     ; 1.626      ;
; -0.547 ; contador[2] ; d3[3]       ; clk          ; clk         ; 1.000        ; -0.062     ; 1.480      ;
; -0.547 ; contador[2] ; d3[2]       ; clk          ; clk         ; 1.000        ; -0.062     ; 1.480      ;
; -0.547 ; contador[2] ; d3[1]       ; clk          ; clk         ; 1.000        ; -0.062     ; 1.480      ;
; -0.547 ; contador[2] ; d3[0]       ; clk          ; clk         ; 1.000        ; -0.062     ; 1.480      ;
; -0.547 ; contador[2] ; d2[2]       ; clk          ; clk         ; 1.000        ; -0.062     ; 1.480      ;
; -0.547 ; contador[2] ; d2[1]       ; clk          ; clk         ; 1.000        ; -0.062     ; 1.480      ;
; -0.547 ; contador[2] ; d2[0]       ; clk          ; clk         ; 1.000        ; -0.062     ; 1.480      ;
; -0.547 ; contador[2] ; d1[2]       ; clk          ; clk         ; 1.000        ; -0.062     ; 1.480      ;
; -0.547 ; contador[2] ; d1[1]       ; clk          ; clk         ; 1.000        ; -0.062     ; 1.480      ;
; -0.547 ; contador[2] ; d1[0]       ; clk          ; clk         ; 1.000        ; -0.062     ; 1.480      ;
; -0.547 ; contador[2] ; contador[1] ; clk          ; clk         ; 1.000        ; -0.062     ; 1.480      ;
; -0.547 ; contador[2] ; contador[0] ; clk          ; clk         ; 1.000        ; -0.062     ; 1.480      ;
; -0.547 ; contador[2] ; d0[1]       ; clk          ; clk         ; 1.000        ; -0.062     ; 1.480      ;
; -0.547 ; contador[2] ; d0[2]       ; clk          ; clk         ; 1.000        ; -0.062     ; 1.480      ;
; -0.318 ; contador[2] ; d1[3]       ; clk          ; clk         ; 1.000        ; 0.287      ; 1.600      ;
; -0.318 ; contador[2] ; d0[0]       ; clk          ; clk         ; 1.000        ; 0.287      ; 1.600      ;
; -0.318 ; contador[2] ; d0[3]       ; clk          ; clk         ; 1.000        ; 0.287      ; 1.600      ;
; -0.299 ; d0[0]       ; d1[0]       ; clk          ; clk         ; 1.000        ; -0.426     ; 0.868      ;
; -0.139 ; d1[3]       ; d2[3]       ; clk          ; clk         ; 1.000        ; -0.426     ; 0.708      ;
; -0.080 ; d1[1]       ; d2[1]       ; clk          ; clk         ; 1.000        ; -0.062     ; 1.013      ;
; -0.077 ; d0[2]       ; d1[2]       ; clk          ; clk         ; 1.000        ; -0.062     ; 1.010      ;
; -0.018 ; contador[1] ; contador[2] ; clk          ; clk         ; 1.000        ; -0.062     ; 0.951      ;
; 0.087  ; d2[3]       ; d3[3]       ; clk          ; clk         ; 1.000        ; -0.062     ; 0.846      ;
; 0.208  ; d0[3]       ; d1[3]       ; clk          ; clk         ; 1.000        ; -0.077     ; 0.710      ;
; 0.213  ; contador[0] ; contador[2] ; clk          ; clk         ; 1.000        ; -0.062     ; 0.720      ;
; 0.214  ; contador[0] ; contador[1] ; clk          ; clk         ; 1.000        ; -0.062     ; 0.719      ;
; 0.222  ; d2[0]       ; d3[0]       ; clk          ; clk         ; 1.000        ; -0.062     ; 0.711      ;
; 0.223  ; d1[2]       ; d2[2]       ; clk          ; clk         ; 1.000        ; -0.062     ; 0.710      ;
; 0.223  ; d1[0]       ; d2[0]       ; clk          ; clk         ; 1.000        ; -0.062     ; 0.710      ;
; 0.224  ; d2[1]       ; d3[1]       ; clk          ; clk         ; 1.000        ; -0.062     ; 0.709      ;
; 0.225  ; d0[1]       ; d1[1]       ; clk          ; clk         ; 1.000        ; -0.062     ; 0.708      ;
; 0.227  ; d2[2]       ; d3[2]       ; clk          ; clk         ; 1.000        ; -0.062     ; 0.706      ;
; 0.274  ; contador[0] ; contador[0] ; clk          ; clk         ; 1.000        ; -0.062     ; 0.659      ;
; 0.274  ; contador[1] ; contador[1] ; clk          ; clk         ; 1.000        ; -0.062     ; 0.659      ;
; 0.296  ; contador[2] ; contador[2] ; clk          ; clk         ; 1.000        ; -0.062     ; 0.637      ;
+--------+-------------+-------------+--------------+-------------+--------------+------------+------------+


+---------------------------------------------------------------------------------------------------------+
; Slow 1200mV 85C Model Hold: 'clk'                                                                       ;
+-------+-------------+-------------+--------------+-------------+--------------+------------+------------+
; Slack ; From Node   ; To Node     ; Launch Clock ; Latch Clock ; Relationship ; Clock Skew ; Data Delay ;
+-------+-------------+-------------+--------------+-------------+--------------+------------+------------+
; 0.358 ; contador[1] ; contador[1] ; clk          ; clk         ; 0.000        ; 0.062      ; 0.577      ;
; 0.358 ; contador[2] ; contador[2] ; clk          ; clk         ; 0.000        ; 0.062      ; 0.577      ;
; 0.361 ; contador[0] ; contador[0] ; clk          ; clk         ; 0.000        ; 0.062      ; 0.580      ;
; 0.380 ; d0[3]       ; d1[3]       ; clk          ; clk         ; 0.000        ; 0.077      ; 0.614      ;
; 0.393 ; d2[2]       ; d3[2]       ; clk          ; clk         ; 0.000        ; 0.062      ; 0.612      ;
; 0.394 ; d2[1]       ; d3[1]       ; clk          ; clk         ; 0.000        ; 0.062      ; 0.613      ;
; 0.394 ; d0[1]       ; d1[1]       ; clk          ; clk         ; 0.000        ; 0.062      ; 0.613      ;
; 0.395 ; d2[0]       ; d3[0]       ; clk          ; clk         ; 0.000        ; 0.062      ; 0.614      ;
; 0.395 ; d1[2]       ; d2[2]       ; clk          ; clk         ; 0.000        ; 0.062      ; 0.614      ;
; 0.395 ; d1[0]       ; d2[0]       ; clk          ; clk         ; 0.000        ; 0.062      ; 0.614      ;
; 0.396 ; contador[0] ; contador[1] ; clk          ; clk         ; 0.000        ; 0.062      ; 0.615      ;
; 0.402 ; contador[0] ; contador[2] ; clk          ; clk         ; 0.000        ; 0.062      ; 0.621      ;
; 0.529 ; d2[3]       ; d3[3]       ; clk          ; clk         ; 0.000        ; 0.062      ; 0.748      ;
; 0.571 ; d0[2]       ; d1[2]       ; clk          ; clk         ; 0.000        ; 0.062      ; 0.790      ;
; 0.572 ; d1[1]       ; d2[1]       ; clk          ; clk         ; 0.000        ; 0.062      ; 0.791      ;
; 0.575 ; contador[1] ; contador[2] ; clk          ; clk         ; 0.000        ; 0.062      ; 0.794      ;
; 0.743 ; d1[3]       ; d2[3]       ; clk          ; clk         ; 0.000        ; -0.287     ; 0.613      ;
; 0.905 ; d0[0]       ; d1[0]       ; clk          ; clk         ; 0.000        ; -0.287     ; 0.775      ;
; 0.978 ; contador[2] ; d1[3]       ; clk          ; clk         ; 0.000        ; 0.426      ; 1.561      ;
; 0.978 ; contador[2] ; d0[0]       ; clk          ; clk         ; 0.000        ; 0.426      ; 1.561      ;
; 0.978 ; contador[2] ; d0[3]       ; clk          ; clk         ; 0.000        ; 0.426      ; 1.561      ;
; 1.256 ; contador[2] ; d3[3]       ; clk          ; clk         ; 0.000        ; 0.062      ; 1.475      ;
; 1.256 ; contador[2] ; d3[2]       ; clk          ; clk         ; 0.000        ; 0.062      ; 1.475      ;
; 1.256 ; contador[2] ; d3[1]       ; clk          ; clk         ; 0.000        ; 0.062      ; 1.475      ;
; 1.256 ; contador[2] ; d3[0]       ; clk          ; clk         ; 0.000        ; 0.062      ; 1.475      ;
; 1.256 ; contador[2] ; d2[2]       ; clk          ; clk         ; 0.000        ; 0.062      ; 1.475      ;
; 1.256 ; contador[2] ; d2[1]       ; clk          ; clk         ; 0.000        ; 0.062      ; 1.475      ;
; 1.256 ; contador[2] ; d2[0]       ; clk          ; clk         ; 0.000        ; 0.062      ; 1.475      ;
; 1.256 ; contador[2] ; d1[2]       ; clk          ; clk         ; 0.000        ; 0.062      ; 1.475      ;
; 1.256 ; contador[2] ; d1[1]       ; clk          ; clk         ; 0.000        ; 0.062      ; 1.475      ;
; 1.256 ; contador[2] ; d1[0]       ; clk          ; clk         ; 0.000        ; 0.062      ; 1.475      ;
; 1.256 ; contador[2] ; contador[1] ; clk          ; clk         ; 0.000        ; 0.062      ; 1.475      ;
; 1.256 ; contador[2] ; contador[0] ; clk          ; clk         ; 0.000        ; 0.062      ; 1.475      ;
; 1.256 ; contador[2] ; d0[1]       ; clk          ; clk         ; 0.000        ; 0.062      ; 1.475      ;
; 1.256 ; contador[2] ; d0[2]       ; clk          ; clk         ; 0.000        ; 0.062      ; 1.475      ;
; 1.374 ; contador[2] ; d2[3]       ; clk          ; clk         ; 0.000        ; 0.062      ; 1.593      ;
+-------+-------------+-------------+--------------+-------------+--------------+------------+------------+


+------------------------------------------------------------------------------------------------------------+
; Slow 1200mV 85C Model Minimum Pulse Width: 'clk'                                                           ;
+--------+--------------+----------------+------------------+-------+------------+---------------------------+
; Slack  ; Actual Width ; Required Width ; Type             ; Clock ; Clock Edge ; Target                    ;
+--------+--------------+----------------+------------------+-------+------------+---------------------------+
; -3.000 ; 1.000        ; 4.000          ; Port Rate        ; clk   ; Rise       ; clk                       ;
; -1.000 ; 1.000        ; 2.000          ; Min Period       ; clk   ; Rise       ; contador[0]               ;
; -1.000 ; 1.000        ; 2.000          ; Min Period       ; clk   ; Rise       ; contador[1]               ;
; -1.000 ; 1.000        ; 2.000          ; Min Period       ; clk   ; Rise       ; contador[2]               ;
; -1.000 ; 1.000        ; 2.000          ; Min Period       ; clk   ; Rise       ; d0[0]                     ;
; -1.000 ; 1.000        ; 2.000          ; Min Period       ; clk   ; Rise       ; d0[1]                     ;
; -1.000 ; 1.000        ; 2.000          ; Min Period       ; clk   ; Rise       ; d0[2]                     ;
; -1.000 ; 1.000        ; 2.000          ; Min Period       ; clk   ; Rise       ; d0[3]                     ;
; -1.000 ; 1.000        ; 2.000          ; Min Period       ; clk   ; Rise       ; d1[0]                     ;
; -1.000 ; 1.000        ; 2.000          ; Min Period       ; clk   ; Rise       ; d1[1]                     ;
; -1.000 ; 1.000        ; 2.000          ; Min Period       ; clk   ; Rise       ; d1[2]                     ;
; -1.000 ; 1.000        ; 2.000          ; Min Period       ; clk   ; Rise       ; d1[3]                     ;
; -1.000 ; 1.000        ; 2.000          ; Min Period       ; clk   ; Rise       ; d2[0]                     ;
; -1.000 ; 1.000        ; 2.000          ; Min Period       ; clk   ; Rise       ; d2[1]                     ;
; -1.000 ; 1.000        ; 2.000          ; Min Period       ; clk   ; Rise       ; d2[2]                     ;
; -1.000 ; 1.000        ; 2.000          ; Min Period       ; clk   ; Rise       ; d2[3]                     ;
; -1.000 ; 1.000        ; 2.000          ; Min Period       ; clk   ; Rise       ; d3[0]                     ;
; -1.000 ; 1.000        ; 2.000          ; Min Period       ; clk   ; Rise       ; d3[1]                     ;
; -1.000 ; 1.000        ; 2.000          ; Min Period       ; clk   ; Rise       ; d3[2]                     ;
; -1.000 ; 1.000        ; 2.000          ; Min Period       ; clk   ; Rise       ; d3[3]                     ;
; 0.166  ; 0.350        ; 0.184          ; Low Pulse Width  ; clk   ; Rise       ; d0[0]                     ;
; 0.166  ; 0.350        ; 0.184          ; Low Pulse Width  ; clk   ; Rise       ; d0[3]                     ;
; 0.166  ; 0.350        ; 0.184          ; Low Pulse Width  ; clk   ; Rise       ; d1[3]                     ;
; 0.187  ; 0.371        ; 0.184          ; Low Pulse Width  ; clk   ; Rise       ; contador[0]               ;
; 0.187  ; 0.371        ; 0.184          ; Low Pulse Width  ; clk   ; Rise       ; contador[1]               ;
; 0.187  ; 0.371        ; 0.184          ; Low Pulse Width  ; clk   ; Rise       ; contador[2]               ;
; 0.187  ; 0.371        ; 0.184          ; Low Pulse Width  ; clk   ; Rise       ; d0[1]                     ;
; 0.187  ; 0.371        ; 0.184          ; Low Pulse Width  ; clk   ; Rise       ; d0[2]                     ;
; 0.187  ; 0.371        ; 0.184          ; Low Pulse Width  ; clk   ; Rise       ; d1[0]                     ;
; 0.187  ; 0.371        ; 0.184          ; Low Pulse Width  ; clk   ; Rise       ; d1[1]                     ;
; 0.187  ; 0.371        ; 0.184          ; Low Pulse Width  ; clk   ; Rise       ; d1[2]                     ;
; 0.187  ; 0.371        ; 0.184          ; Low Pulse Width  ; clk   ; Rise       ; d2[0]                     ;
; 0.187  ; 0.371        ; 0.184          ; Low Pulse Width  ; clk   ; Rise       ; d2[1]                     ;
; 0.187  ; 0.371        ; 0.184          ; Low Pulse Width  ; clk   ; Rise       ; d2[2]                     ;
; 0.187  ; 0.371        ; 0.184          ; Low Pulse Width  ; clk   ; Rise       ; d2[3]                     ;
; 0.187  ; 0.371        ; 0.184          ; Low Pulse Width  ; clk   ; Rise       ; d3[0]                     ;
; 0.187  ; 0.371        ; 0.184          ; Low Pulse Width  ; clk   ; Rise       ; d3[1]                     ;
; 0.187  ; 0.371        ; 0.184          ; Low Pulse Width  ; clk   ; Rise       ; d3[2]                     ;
; 0.187  ; 0.371        ; 0.184          ; Low Pulse Width  ; clk   ; Rise       ; d3[3]                     ;
; 0.327  ; 0.327        ; 0.000          ; Low Pulse Width  ; clk   ; Rise       ; d0[0]|clk                 ;
; 0.327  ; 0.327        ; 0.000          ; Low Pulse Width  ; clk   ; Rise       ; d0[3]|clk                 ;
; 0.327  ; 0.327        ; 0.000          ; Low Pulse Width  ; clk   ; Rise       ; d1[3]|clk                 ;
; 0.339  ; 0.339        ; 0.000          ; Low Pulse Width  ; clk   ; Rise       ; clk~input|o               ;
; 0.348  ; 0.348        ; 0.000          ; Low Pulse Width  ; clk   ; Rise       ; contador[0]|clk           ;
; 0.348  ; 0.348        ; 0.000          ; Low Pulse Width  ; clk   ; Rise       ; contador[1]|clk           ;
; 0.348  ; 0.348        ; 0.000          ; Low Pulse Width  ; clk   ; Rise       ; contador[2]|clk           ;
; 0.348  ; 0.348        ; 0.000          ; Low Pulse Width  ; clk   ; Rise       ; d0[1]|clk                 ;
; 0.348  ; 0.348        ; 0.000          ; Low Pulse Width  ; clk   ; Rise       ; d0[2]|clk                 ;
; 0.348  ; 0.348        ; 0.000          ; Low Pulse Width  ; clk   ; Rise       ; d1[0]|clk                 ;
; 0.348  ; 0.348        ; 0.000          ; Low Pulse Width  ; clk   ; Rise       ; d1[1]|clk                 ;
; 0.348  ; 0.348        ; 0.000          ; Low Pulse Width  ; clk   ; Rise       ; d1[2]|clk                 ;
; 0.348  ; 0.348        ; 0.000          ; Low Pulse Width  ; clk   ; Rise       ; d2[0]|clk                 ;
; 0.348  ; 0.348        ; 0.000          ; Low Pulse Width  ; clk   ; Rise       ; d2[1]|clk                 ;
; 0.348  ; 0.348        ; 0.000          ; Low Pulse Width  ; clk   ; Rise       ; d2[2]|clk                 ;
; 0.348  ; 0.348        ; 0.000          ; Low Pulse Width  ; clk   ; Rise       ; d2[3]|clk                 ;
; 0.348  ; 0.348        ; 0.000          ; Low Pulse Width  ; clk   ; Rise       ; d3[0]|clk                 ;
; 0.348  ; 0.348        ; 0.000          ; Low Pulse Width  ; clk   ; Rise       ; d3[1]|clk                 ;
; 0.348  ; 0.348        ; 0.000          ; Low Pulse Width  ; clk   ; Rise       ; d3[2]|clk                 ;
; 0.348  ; 0.348        ; 0.000          ; Low Pulse Width  ; clk   ; Rise       ; d3[3]|clk                 ;
; 0.356  ; 0.356        ; 0.000          ; Low Pulse Width  ; clk   ; Rise       ; clk~inputclkctrl|inclk[0] ;
; 0.356  ; 0.356        ; 0.000          ; Low Pulse Width  ; clk   ; Rise       ; clk~inputclkctrl|outclk   ;
; 0.412  ; 0.628        ; 0.216          ; High Pulse Width ; clk   ; Rise       ; contador[0]               ;
; 0.412  ; 0.628        ; 0.216          ; High Pulse Width ; clk   ; Rise       ; contador[1]               ;
; 0.412  ; 0.628        ; 0.216          ; High Pulse Width ; clk   ; Rise       ; contador[2]               ;
; 0.412  ; 0.628        ; 0.216          ; High Pulse Width ; clk   ; Rise       ; d0[1]                     ;
; 0.412  ; 0.628        ; 0.216          ; High Pulse Width ; clk   ; Rise       ; d0[2]                     ;
; 0.412  ; 0.628        ; 0.216          ; High Pulse Width ; clk   ; Rise       ; d1[0]                     ;
; 0.412  ; 0.628        ; 0.216          ; High Pulse Width ; clk   ; Rise       ; d1[1]                     ;
; 0.412  ; 0.628        ; 0.216          ; High Pulse Width ; clk   ; Rise       ; d1[2]                     ;
; 0.412  ; 0.628        ; 0.216          ; High Pulse Width ; clk   ; Rise       ; d2[0]                     ;
; 0.412  ; 0.628        ; 0.216          ; High Pulse Width ; clk   ; Rise       ; d2[1]                     ;
; 0.412  ; 0.628        ; 0.216          ; High Pulse Width ; clk   ; Rise       ; d2[2]                     ;
; 0.412  ; 0.628        ; 0.216          ; High Pulse Width ; clk   ; Rise       ; d2[3]                     ;
; 0.412  ; 0.628        ; 0.216          ; High Pulse Width ; clk   ; Rise       ; d3[0]                     ;
; 0.412  ; 0.628        ; 0.216          ; High Pulse Width ; clk   ; Rise       ; d3[1]                     ;
; 0.412  ; 0.628        ; 0.216          ; High Pulse Width ; clk   ; Rise       ; d3[2]                     ;
; 0.412  ; 0.628        ; 0.216          ; High Pulse Width ; clk   ; Rise       ; d3[3]                     ;
; 0.433  ; 0.649        ; 0.216          ; High Pulse Width ; clk   ; Rise       ; d0[0]                     ;
; 0.433  ; 0.649        ; 0.216          ; High Pulse Width ; clk   ; Rise       ; d0[3]                     ;
; 0.433  ; 0.649        ; 0.216          ; High Pulse Width ; clk   ; Rise       ; d1[3]                     ;
; 0.500  ; 0.500        ; 0.000          ; High Pulse Width ; clk   ; Rise       ; clk~input|i               ;
; 0.500  ; 0.500        ; 0.000          ; Low Pulse Width  ; clk   ; Rise       ; clk~input|i               ;
; 0.643  ; 0.643        ; 0.000          ; High Pulse Width ; clk   ; Rise       ; clk~inputclkctrl|inclk[0] ;
; 0.643  ; 0.643        ; 0.000          ; High Pulse Width ; clk   ; Rise       ; clk~inputclkctrl|outclk   ;
; 0.651  ; 0.651        ; 0.000          ; High Pulse Width ; clk   ; Rise       ; contador[0]|clk           ;
; 0.651  ; 0.651        ; 0.000          ; High Pulse Width ; clk   ; Rise       ; contador[1]|clk           ;
; 0.651  ; 0.651        ; 0.000          ; High Pulse Width ; clk   ; Rise       ; contador[2]|clk           ;
; 0.651  ; 0.651        ; 0.000          ; High Pulse Width ; clk   ; Rise       ; d0[1]|clk                 ;
; 0.651  ; 0.651        ; 0.000          ; High Pulse Width ; clk   ; Rise       ; d0[2]|clk                 ;
; 0.651  ; 0.651        ; 0.000          ; High Pulse Width ; clk   ; Rise       ; d1[0]|clk                 ;
; 0.651  ; 0.651        ; 0.000          ; High Pulse Width ; clk   ; Rise       ; d1[1]|clk                 ;
; 0.651  ; 0.651        ; 0.000          ; High Pulse Width ; clk   ; Rise       ; d1[2]|clk                 ;
; 0.651  ; 0.651        ; 0.000          ; High Pulse Width ; clk   ; Rise       ; d2[0]|clk                 ;
; 0.651  ; 0.651        ; 0.000          ; High Pulse Width ; clk   ; Rise       ; d2[1]|clk                 ;
; 0.651  ; 0.651        ; 0.000          ; High Pulse Width ; clk   ; Rise       ; d2[2]|clk                 ;
; 0.651  ; 0.651        ; 0.000          ; High Pulse Width ; clk   ; Rise       ; d2[3]|clk                 ;
; 0.651  ; 0.651        ; 0.000          ; High Pulse Width ; clk   ; Rise       ; d3[0]|clk                 ;
; 0.651  ; 0.651        ; 0.000          ; High Pulse Width ; clk   ; Rise       ; d3[1]|clk                 ;
; 0.651  ; 0.651        ; 0.000          ; High Pulse Width ; clk   ; Rise       ; d3[2]|clk                 ;
; 0.651  ; 0.651        ; 0.000          ; High Pulse Width ; clk   ; Rise       ; d3[3]|clk                 ;
+--------+--------------+----------------+------------------+-------+------------+---------------------------+


+---------------------------------------------------------------------------+
; Setup Times                                                               ;
+---------------+------------+-------+-------+------------+-----------------+
; Data Port     ; Clock Port ; Rise  ; Fall  ; Clock Edge ; Clock Reference ;
+---------------+------------+-------+-------+------------+-----------------+
; cargar_digito ; clk        ; 2.528 ; 2.956 ; Rise       ; clk             ;
; digito_in[*]  ; clk        ; 1.437 ; 1.874 ; Rise       ; clk             ;
;  digito_in[0] ; clk        ; 1.033 ; 1.471 ; Rise       ; clk             ;
;  digito_in[1] ; clk        ; 1.393 ; 1.831 ; Rise       ; clk             ;
;  digito_in[2] ; clk        ; 1.437 ; 1.874 ; Rise       ; clk             ;
;  digito_in[3] ; clk        ; 1.003 ; 1.414 ; Rise       ; clk             ;
; limpiar       ; clk        ; 2.465 ; 2.918 ; Rise       ; clk             ;
+---------------+------------+-------+-------+------------+-----------------+


+-----------------------------------------------------------------------------+
; Hold Times                                                                  ;
+---------------+------------+--------+--------+------------+-----------------+
; Data Port     ; Clock Port ; Rise   ; Fall   ; Clock Edge ; Clock Reference ;
+---------------+------------+--------+--------+------------+-----------------+
; cargar_digito ; clk        ; -1.173 ; -1.615 ; Rise       ; clk             ;
; digito_in[*]  ; clk        ; -0.622 ; -1.015 ; Rise       ; clk             ;
;  digito_in[0] ; clk        ; -0.647 ; -1.067 ; Rise       ; clk             ;
;  digito_in[1] ; clk        ; -1.022 ; -1.442 ; Rise       ; clk             ;
;  digito_in[2] ; clk        ; -1.064 ; -1.483 ; Rise       ; clk             ;
;  digito_in[3] ; clk        ; -0.622 ; -1.015 ; Rise       ; clk             ;
; limpiar       ; clk        ; -0.704 ; -1.099 ; Rise       ; clk             ;
+---------------+------------+--------+--------+------------+-----------------+


+--------------------------------------------------------------------------------+
; Clock to Output Times                                                          ;
+--------------------+------------+-------+-------+------------+-----------------+
; Data Port          ; Clock Port ; Rise  ; Fall  ; Clock Edge ; Clock Reference ;
+--------------------+------------+-------+-------+------------+-----------------+
; clave_out[*]       ; clk        ; 6.222 ; 6.181 ; Rise       ; clk             ;
;  clave_out[0]      ; clk        ; 6.065 ; 6.089 ; Rise       ; clk             ;
;  clave_out[1]      ; clk        ; 5.671 ; 5.651 ; Rise       ; clk             ;
;  clave_out[2]      ; clk        ; 5.429 ; 5.387 ; Rise       ; clk             ;
;  clave_out[3]      ; clk        ; 6.222 ; 6.181 ; Rise       ; clk             ;
;  clave_out[4]      ; clk        ; 5.451 ; 5.428 ; Rise       ; clk             ;
;  clave_out[5]      ; clk        ; 5.883 ; 5.880 ; Rise       ; clk             ;
;  clave_out[6]      ; clk        ; 5.674 ; 5.647 ; Rise       ; clk             ;
;  clave_out[7]      ; clk        ; 5.806 ; 5.768 ; Rise       ; clk             ;
;  clave_out[8]      ; clk        ; 5.915 ; 5.873 ; Rise       ; clk             ;
;  clave_out[9]      ; clk        ; 5.413 ; 5.376 ; Rise       ; clk             ;
;  clave_out[10]     ; clk        ; 5.816 ; 5.842 ; Rise       ; clk             ;
;  clave_out[11]     ; clk        ; 5.271 ; 5.249 ; Rise       ; clk             ;
;  clave_out[12]     ; clk        ; 5.412 ; 5.373 ; Rise       ; clk             ;
;  clave_out[13]     ; clk        ; 5.794 ; 5.821 ; Rise       ; clk             ;
;  clave_out[14]     ; clk        ; 5.426 ; 5.384 ; Rise       ; clk             ;
;  clave_out[15]     ; clk        ; 5.726 ; 5.705 ; Rise       ; clk             ;
; completo           ; clk        ; 6.471 ; 6.442 ; Rise       ; clk             ;
; cuenta_digitos[*]  ; clk        ; 6.944 ; 7.036 ; Rise       ; clk             ;
;  cuenta_digitos[0] ; clk        ; 5.440 ; 5.420 ; Rise       ; clk             ;
;  cuenta_digitos[1] ; clk        ; 6.944 ; 7.036 ; Rise       ; clk             ;
;  cuenta_digitos[2] ; clk        ; 5.457 ; 5.427 ; Rise       ; clk             ;
; hex0_out[*]        ; clk        ; 6.201 ; 6.158 ; Rise       ; clk             ;
;  hex0_out[0]       ; clk        ; 5.976 ; 5.970 ; Rise       ; clk             ;
;  hex0_out[1]       ; clk        ; 5.681 ; 5.661 ; Rise       ; clk             ;
;  hex0_out[2]       ; clk        ; 5.427 ; 5.389 ; Rise       ; clk             ;
;  hex0_out[3]       ; clk        ; 6.201 ; 6.158 ; Rise       ; clk             ;
; hex1_out[*]        ; clk        ; 5.806 ; 5.768 ; Rise       ; clk             ;
;  hex1_out[0]       ; clk        ; 5.448 ; 5.430 ; Rise       ; clk             ;
;  hex1_out[1]       ; clk        ; 5.774 ; 5.741 ; Rise       ; clk             ;
;  hex1_out[2]       ; clk        ; 5.634 ; 5.607 ; Rise       ; clk             ;
;  hex1_out[3]       ; clk        ; 5.806 ; 5.768 ; Rise       ; clk             ;
; hex2_out[*]        ; clk        ; 5.915 ; 5.873 ; Rise       ; clk             ;
;  hex2_out[0]       ; clk        ; 5.915 ; 5.873 ; Rise       ; clk             ;
;  hex2_out[1]       ; clk        ; 5.453 ; 5.416 ; Rise       ; clk             ;
;  hex2_out[2]       ; clk        ; 5.826 ; 5.852 ; Rise       ; clk             ;
;  hex2_out[3]       ; clk        ; 5.448 ; 5.423 ; Rise       ; clk             ;
; hex3_out[*]        ; clk        ; 5.726 ; 5.705 ; Rise       ; clk             ;
;  hex3_out[0]       ; clk        ; 5.412 ; 5.373 ; Rise       ; clk             ;
;  hex3_out[1]       ; clk        ; 5.643 ; 5.623 ; Rise       ; clk             ;
;  hex3_out[2]       ; clk        ; 5.436 ; 5.394 ; Rise       ; clk             ;
;  hex3_out[3]       ; clk        ; 5.726 ; 5.705 ; Rise       ; clk             ;
+--------------------+------------+-------+-------+------------+-----------------+


+--------------------------------------------------------------------------------+
; Minimum Clock to Output Times                                                  ;
+--------------------+------------+-------+-------+------------+-----------------+
; Data Port          ; Clock Port ; Rise  ; Fall  ; Clock Edge ; Clock Reference ;
+--------------------+------------+-------+-------+------------+-----------------+
; clave_out[*]       ; clk        ; 5.165 ; 5.142 ; Rise       ; clk             ;
;  clave_out[0]      ; clk        ; 5.933 ; 5.956 ; Rise       ; clk             ;
;  clave_out[1]      ; clk        ; 5.547 ; 5.527 ; Rise       ; clk             ;
;  clave_out[2]      ; clk        ; 5.315 ; 5.272 ; Rise       ; clk             ;
;  clave_out[3]      ; clk        ; 6.076 ; 6.035 ; Rise       ; clk             ;
;  clave_out[4]      ; clk        ; 5.337 ; 5.312 ; Rise       ; clk             ;
;  clave_out[5]      ; clk        ; 5.759 ; 5.755 ; Rise       ; clk             ;
;  clave_out[6]      ; clk        ; 5.552 ; 5.524 ; Rise       ; clk             ;
;  clave_out[7]      ; clk        ; 5.677 ; 5.639 ; Rise       ; clk             ;
;  clave_out[8]      ; clk        ; 5.783 ; 5.740 ; Rise       ; clk             ;
;  clave_out[9]      ; clk        ; 5.300 ; 5.262 ; Rise       ; clk             ;
;  clave_out[10]     ; clk        ; 5.687 ; 5.710 ; Rise       ; clk             ;
;  clave_out[11]     ; clk        ; 5.165 ; 5.142 ; Rise       ; clk             ;
;  clave_out[12]     ; clk        ; 5.299 ; 5.259 ; Rise       ; clk             ;
;  clave_out[13]     ; clk        ; 5.666 ; 5.690 ; Rise       ; clk             ;
;  clave_out[14]     ; clk        ; 5.312 ; 5.270 ; Rise       ; clk             ;
;  clave_out[15]     ; clk        ; 5.601 ; 5.580 ; Rise       ; clk             ;
; completo           ; clk        ; 6.232 ; 6.111 ; Rise       ; clk             ;
; cuenta_digitos[*]  ; clk        ; 5.325 ; 5.304 ; Rise       ; clk             ;
;  cuenta_digitos[0] ; clk        ; 5.325 ; 5.304 ; Rise       ; clk             ;
;  cuenta_digitos[1] ; clk        ; 6.821 ; 6.912 ; Rise       ; clk             ;
;  cuenta_digitos[2] ; clk        ; 5.342 ; 5.311 ; Rise       ; clk             ;
; hex0_out[*]        ; clk        ; 5.314 ; 5.275 ; Rise       ; clk             ;
;  hex0_out[0]       ; clk        ; 5.844 ; 5.837 ; Rise       ; clk             ;
;  hex0_out[1]       ; clk        ; 5.557 ; 5.537 ; Rise       ; clk             ;
;  hex0_out[2]       ; clk        ; 5.314 ; 5.275 ; Rise       ; clk             ;
;  hex0_out[3]       ; clk        ; 6.055 ; 6.012 ; Rise       ; clk             ;
; hex1_out[*]        ; clk        ; 5.334 ; 5.314 ; Rise       ; clk             ;
;  hex1_out[0]       ; clk        ; 5.334 ; 5.314 ; Rise       ; clk             ;
;  hex1_out[1]       ; clk        ; 5.650 ; 5.616 ; Rise       ; clk             ;
;  hex1_out[2]       ; clk        ; 5.512 ; 5.484 ; Rise       ; clk             ;
;  hex1_out[3]       ; clk        ; 5.677 ; 5.639 ; Rise       ; clk             ;
; hex2_out[*]        ; clk        ; 5.335 ; 5.302 ; Rise       ; clk             ;
;  hex2_out[0]       ; clk        ; 5.783 ; 5.740 ; Rise       ; clk             ;
;  hex2_out[1]       ; clk        ; 5.340 ; 5.302 ; Rise       ; clk             ;
;  hex2_out[2]       ; clk        ; 5.697 ; 5.720 ; Rise       ; clk             ;
;  hex2_out[3]       ; clk        ; 5.335 ; 5.308 ; Rise       ; clk             ;
; hex3_out[*]        ; clk        ; 5.299 ; 5.259 ; Rise       ; clk             ;
;  hex3_out[0]       ; clk        ; 5.299 ; 5.259 ; Rise       ; clk             ;
;  hex3_out[1]       ; clk        ; 5.521 ; 5.499 ; Rise       ; clk             ;
;  hex3_out[2]       ; clk        ; 5.322 ; 5.280 ; Rise       ; clk             ;
;  hex3_out[3]       ; clk        ; 5.601 ; 5.580 ; Rise       ; clk             ;
+--------------------+------------+-------+-------+------------+-----------------+


----------------------------------------------
; Slow 1200mV 85C Model Metastability Report ;
----------------------------------------------
No synchronizer chains to report.


+-----------------------------------------------------------------------------------------------------------+
; Slow 1200mV 0C Model Fmax Summary                                                                         ;
+------------+-----------------+------------+---------------------------------------------------------------+
; Fmax       ; Restricted Fmax ; Clock Name ; Note                                                          ;
+------------+-----------------+------------+---------------------------------------------------------------+
; 648.09 MHz ; 250.0 MHz       ; clk        ; limit due to minimum period restriction (max I/O toggle rate) ;
+------------+-----------------+------------+---------------------------------------------------------------+
This panel reports FMAX for every clock in the design, regardless of the user-specified clock periods.  FMAX is only computed for paths where the source and destination registers or ports are driven by the same clock.  Paths of different clocks, including generated clocks, are ignored.  For paths between a clock and its inversion, FMAX is computed as if the rising and falling edges are scaled along with FMAX, such that the duty cycle (in terms of a percentage) is maintained. Altera recommends that you always use clock constraints and other slack reports for sign-off analysis.


+------------------------------------+
; Slow 1200mV 0C Model Setup Summary ;
+-------+--------+-------------------+
; Clock ; Slack  ; End Point TNS     ;
+-------+--------+-------------------+
; clk   ; -0.543 ; -6.695            ;
+-------+--------+-------------------+


+-----------------------------------+
; Slow 1200mV 0C Model Hold Summary ;
+-------+-------+-------------------+
; Clock ; Slack ; End Point TNS     ;
+-------+-------+-------------------+
; clk   ; 0.312 ; 0.000             ;
+-------+-------+-------------------+


-----------------------------------------
; Slow 1200mV 0C Model Recovery Summary ;
-----------------------------------------
No paths to report.


----------------------------------------
; Slow 1200mV 0C Model Removal Summary ;
----------------------------------------
No paths to report.


+--------------------------------------------------+
; Slow 1200mV 0C Model Minimum Pulse Width Summary ;
+-------+--------+---------------------------------+
; Clock ; Slack  ; End Point TNS                   ;
+-------+--------+---------------------------------+
; clk   ; -3.000 ; -22.000                         ;
+-------+--------+---------------------------------+


+----------------------------------------------------------------------------------------------------------+
; Slow 1200mV 0C Model Setup: 'clk'                                                                        ;
+--------+-------------+-------------+--------------+-------------+--------------+------------+------------+
; Slack  ; From Node   ; To Node     ; Launch Clock ; Latch Clock ; Relationship ; Clock Skew ; Data Delay ;
+--------+-------------+-------------+--------------+-------------+--------------+------------+------------+
; -0.543 ; contador[2] ; d2[3]       ; clk          ; clk         ; 1.000        ; -0.055     ; 1.483      ;
; -0.397 ; contador[2] ; d3[3]       ; clk          ; clk         ; 1.000        ; -0.055     ; 1.337      ;
; -0.397 ; contador[2] ; d3[2]       ; clk          ; clk         ; 1.000        ; -0.055     ; 1.337      ;
; -0.397 ; contador[2] ; d3[1]       ; clk          ; clk         ; 1.000        ; -0.055     ; 1.337      ;
; -0.397 ; contador[2] ; d3[0]       ; clk          ; clk         ; 1.000        ; -0.055     ; 1.337      ;
; -0.397 ; contador[2] ; d2[2]       ; clk          ; clk         ; 1.000        ; -0.055     ; 1.337      ;
; -0.397 ; contador[2] ; d2[1]       ; clk          ; clk         ; 1.000        ; -0.055     ; 1.337      ;
; -0.397 ; contador[2] ; d2[0]       ; clk          ; clk         ; 1.000        ; -0.055     ; 1.337      ;
; -0.397 ; contador[2] ; d1[2]       ; clk          ; clk         ; 1.000        ; -0.055     ; 1.337      ;
; -0.397 ; contador[2] ; d1[1]       ; clk          ; clk         ; 1.000        ; -0.055     ; 1.337      ;
; -0.397 ; contador[2] ; d1[0]       ; clk          ; clk         ; 1.000        ; -0.055     ; 1.337      ;
; -0.397 ; contador[2] ; contador[1] ; clk          ; clk         ; 1.000        ; -0.055     ; 1.337      ;
; -0.397 ; contador[2] ; contador[0] ; clk          ; clk         ; 1.000        ; -0.055     ; 1.337      ;
; -0.397 ; contador[2] ; d0[1]       ; clk          ; clk         ; 1.000        ; -0.055     ; 1.337      ;
; -0.397 ; contador[2] ; d0[2]       ; clk          ; clk         ; 1.000        ; -0.055     ; 1.337      ;
; -0.198 ; contador[2] ; d1[3]       ; clk          ; clk         ; 1.000        ; 0.264      ; 1.457      ;
; -0.198 ; contador[2] ; d0[0]       ; clk          ; clk         ; 1.000        ; 0.264      ; 1.457      ;
; -0.198 ; contador[2] ; d0[3]       ; clk          ; clk         ; 1.000        ; 0.264      ; 1.457      ;
; -0.157 ; d0[0]       ; d1[0]       ; clk          ; clk         ; 1.000        ; -0.387     ; 0.765      ;
; -0.020 ; d1[3]       ; d2[3]       ; clk          ; clk         ; 1.000        ; -0.387     ; 0.628      ;
; 0.042  ; d1[1]       ; d2[1]       ; clk          ; clk         ; 1.000        ; -0.055     ; 0.898      ;
; 0.044  ; d0[2]       ; d1[2]       ; clk          ; clk         ; 1.000        ; -0.055     ; 0.896      ;
; 0.098  ; contador[1] ; contador[2] ; clk          ; clk         ; 1.000        ; -0.055     ; 0.842      ;
; 0.195  ; d2[3]       ; d3[3]       ; clk          ; clk         ; 1.000        ; -0.055     ; 0.745      ;
; 0.294  ; contador[0] ; contador[1] ; clk          ; clk         ; 1.000        ; -0.055     ; 0.646      ;
; 0.297  ; d0[3]       ; d1[3]       ; clk          ; clk         ; 1.000        ; -0.068     ; 0.630      ;
; 0.301  ; contador[0] ; contador[2] ; clk          ; clk         ; 1.000        ; -0.055     ; 0.639      ;
; 0.309  ; d2[0]       ; d3[0]       ; clk          ; clk         ; 1.000        ; -0.055     ; 0.631      ;
; 0.310  ; d1[2]       ; d2[2]       ; clk          ; clk         ; 1.000        ; -0.055     ; 0.630      ;
; 0.310  ; d1[0]       ; d2[0]       ; clk          ; clk         ; 1.000        ; -0.055     ; 0.630      ;
; 0.311  ; d2[1]       ; d3[1]       ; clk          ; clk         ; 1.000        ; -0.055     ; 0.629      ;
; 0.312  ; d0[1]       ; d1[1]       ; clk          ; clk         ; 1.000        ; -0.055     ; 0.628      ;
; 0.314  ; d2[2]       ; d3[2]       ; clk          ; clk         ; 1.000        ; -0.055     ; 0.626      ;
; 0.357  ; contador[0] ; contador[0] ; clk          ; clk         ; 1.000        ; -0.055     ; 0.583      ;
; 0.357  ; contador[1] ; contador[1] ; clk          ; clk         ; 1.000        ; -0.055     ; 0.583      ;
; 0.378  ; contador[2] ; contador[2] ; clk          ; clk         ; 1.000        ; -0.055     ; 0.562      ;
+--------+-------------+-------------+--------------+-------------+--------------+------------+------------+


+---------------------------------------------------------------------------------------------------------+
; Slow 1200mV 0C Model Hold: 'clk'                                                                        ;
+-------+-------------+-------------+--------------+-------------+--------------+------------+------------+
; Slack ; From Node   ; To Node     ; Launch Clock ; Latch Clock ; Relationship ; Clock Skew ; Data Delay ;
+-------+-------------+-------------+--------------+-------------+--------------+------------+------------+
; 0.312 ; contador[1] ; contador[1] ; clk          ; clk         ; 0.000        ; 0.055      ; 0.511      ;
; 0.312 ; contador[2] ; contador[2] ; clk          ; clk         ; 0.000        ; 0.055      ; 0.511      ;
; 0.320 ; contador[0] ; contador[0] ; clk          ; clk         ; 0.000        ; 0.055      ; 0.519      ;
; 0.345 ; d0[3]       ; d1[3]       ; clk          ; clk         ; 0.000        ; 0.068      ; 0.557      ;
; 0.353 ; contador[0] ; contador[1] ; clk          ; clk         ; 0.000        ; 0.055      ; 0.552      ;
; 0.356 ; d2[2]       ; d3[2]       ; clk          ; clk         ; 0.000        ; 0.055      ; 0.555      ;
; 0.357 ; d2[1]       ; d3[1]       ; clk          ; clk         ; 0.000        ; 0.055      ; 0.556      ;
; 0.358 ; d1[2]       ; d2[2]       ; clk          ; clk         ; 0.000        ; 0.055      ; 0.557      ;
; 0.358 ; d1[0]       ; d2[0]       ; clk          ; clk         ; 0.000        ; 0.055      ; 0.557      ;
; 0.358 ; d0[1]       ; d1[1]       ; clk          ; clk         ; 0.000        ; 0.055      ; 0.557      ;
; 0.359 ; d2[0]       ; d3[0]       ; clk          ; clk         ; 0.000        ; 0.055      ; 0.558      ;
; 0.365 ; contador[0] ; contador[2] ; clk          ; clk         ; 0.000        ; 0.055      ; 0.564      ;
; 0.488 ; d2[3]       ; d3[3]       ; clk          ; clk         ; 0.000        ; 0.055      ; 0.687      ;
; 0.512 ; d0[2]       ; d1[2]       ; clk          ; clk         ; 0.000        ; 0.055      ; 0.711      ;
; 0.514 ; d1[1]       ; d2[1]       ; clk          ; clk         ; 0.000        ; 0.055      ; 0.713      ;
; 0.517 ; contador[1] ; contador[2] ; clk          ; clk         ; 0.000        ; 0.055      ; 0.716      ;
; 0.676 ; d1[3]       ; d2[3]       ; clk          ; clk         ; 0.000        ; -0.264     ; 0.556      ;
; 0.832 ; d0[0]       ; d1[0]       ; clk          ; clk         ; 0.000        ; -0.264     ; 0.712      ;
; 0.881 ; contador[2] ; d1[3]       ; clk          ; clk         ; 0.000        ; 0.387      ; 1.412      ;
; 0.881 ; contador[2] ; d0[0]       ; clk          ; clk         ; 0.000        ; 0.387      ; 1.412      ;
; 0.881 ; contador[2] ; d0[3]       ; clk          ; clk         ; 0.000        ; 0.387      ; 1.412      ;
; 1.136 ; contador[2] ; d3[3]       ; clk          ; clk         ; 0.000        ; 0.055      ; 1.335      ;
; 1.136 ; contador[2] ; d3[2]       ; clk          ; clk         ; 0.000        ; 0.055      ; 1.335      ;
; 1.136 ; contador[2] ; d3[1]       ; clk          ; clk         ; 0.000        ; 0.055      ; 1.335      ;
; 1.136 ; contador[2] ; d3[0]       ; clk          ; clk         ; 0.000        ; 0.055      ; 1.335      ;
; 1.136 ; contador[2] ; d2[2]       ; clk          ; clk         ; 0.000        ; 0.055      ; 1.335      ;
; 1.136 ; contador[2] ; d2[1]       ; clk          ; clk         ; 0.000        ; 0.055      ; 1.335      ;
; 1.136 ; contador[2] ; d2[0]       ; clk          ; clk         ; 0.000        ; 0.055      ; 1.335      ;
; 1.136 ; contador[2] ; d1[2]       ; clk          ; clk         ; 0.000        ; 0.055      ; 1.335      ;
; 1.136 ; contador[2] ; d1[1]       ; clk          ; clk         ; 0.000        ; 0.055      ; 1.335      ;
; 1.136 ; contador[2] ; d1[0]       ; clk          ; clk         ; 0.000        ; 0.055      ; 1.335      ;
; 1.136 ; contador[2] ; contador[1] ; clk          ; clk         ; 0.000        ; 0.055      ; 1.335      ;
; 1.136 ; contador[2] ; contador[0] ; clk          ; clk         ; 0.000        ; 0.055      ; 1.335      ;
; 1.136 ; contador[2] ; d0[1]       ; clk          ; clk         ; 0.000        ; 0.055      ; 1.335      ;
; 1.136 ; contador[2] ; d0[2]       ; clk          ; clk         ; 0.000        ; 0.055      ; 1.335      ;
; 1.241 ; contador[2] ; d2[3]       ; clk          ; clk         ; 0.000        ; 0.055      ; 1.440      ;
+-------+-------------+-------------+--------------+-------------+--------------+------------+------------+


+------------------------------------------------------------------------------------------------------------+
; Slow 1200mV 0C Model Minimum Pulse Width: 'clk'                                                            ;
+--------+--------------+----------------+------------------+-------+------------+---------------------------+
; Slack  ; Actual Width ; Required Width ; Type             ; Clock ; Clock Edge ; Target                    ;
+--------+--------------+----------------+------------------+-------+------------+---------------------------+
; -3.000 ; 1.000        ; 4.000          ; Port Rate        ; clk   ; Rise       ; clk                       ;
; -1.000 ; 1.000        ; 2.000          ; Min Period       ; clk   ; Rise       ; contador[0]               ;
; -1.000 ; 1.000        ; 2.000          ; Min Period       ; clk   ; Rise       ; contador[1]               ;
; -1.000 ; 1.000        ; 2.000          ; Min Period       ; clk   ; Rise       ; contador[2]               ;
; -1.000 ; 1.000        ; 2.000          ; Min Period       ; clk   ; Rise       ; d0[0]                     ;
; -1.000 ; 1.000        ; 2.000          ; Min Period       ; clk   ; Rise       ; d0[1]                     ;
; -1.000 ; 1.000        ; 2.000          ; Min Period       ; clk   ; Rise       ; d0[2]                     ;
; -1.000 ; 1.000        ; 2.000          ; Min Period       ; clk   ; Rise       ; d0[3]                     ;
; -1.000 ; 1.000        ; 2.000          ; Min Period       ; clk   ; Rise       ; d1[0]                     ;
; -1.000 ; 1.000        ; 2.000          ; Min Period       ; clk   ; Rise       ; d1[1]                     ;
; -1.000 ; 1.000        ; 2.000          ; Min Period       ; clk   ; Rise       ; d1[2]                     ;
; -1.000 ; 1.000        ; 2.000          ; Min Period       ; clk   ; Rise       ; d1[3]                     ;
; -1.000 ; 1.000        ; 2.000          ; Min Period       ; clk   ; Rise       ; d2[0]                     ;
; -1.000 ; 1.000        ; 2.000          ; Min Period       ; clk   ; Rise       ; d2[1]                     ;
; -1.000 ; 1.000        ; 2.000          ; Min Period       ; clk   ; Rise       ; d2[2]                     ;
; -1.000 ; 1.000        ; 2.000          ; Min Period       ; clk   ; Rise       ; d2[3]                     ;
; -1.000 ; 1.000        ; 2.000          ; Min Period       ; clk   ; Rise       ; d3[0]                     ;
; -1.000 ; 1.000        ; 2.000          ; Min Period       ; clk   ; Rise       ; d3[1]                     ;
; -1.000 ; 1.000        ; 2.000          ; Min Period       ; clk   ; Rise       ; d3[2]                     ;
; -1.000 ; 1.000        ; 2.000          ; Min Period       ; clk   ; Rise       ; d3[3]                     ;
; 0.177  ; 0.361        ; 0.184          ; Low Pulse Width  ; clk   ; Rise       ; d0[0]                     ;
; 0.177  ; 0.361        ; 0.184          ; Low Pulse Width  ; clk   ; Rise       ; d0[3]                     ;
; 0.177  ; 0.361        ; 0.184          ; Low Pulse Width  ; clk   ; Rise       ; d1[3]                     ;
; 0.182  ; 0.366        ; 0.184          ; Low Pulse Width  ; clk   ; Rise       ; contador[0]               ;
; 0.182  ; 0.366        ; 0.184          ; Low Pulse Width  ; clk   ; Rise       ; contador[1]               ;
; 0.182  ; 0.366        ; 0.184          ; Low Pulse Width  ; clk   ; Rise       ; contador[2]               ;
; 0.182  ; 0.366        ; 0.184          ; Low Pulse Width  ; clk   ; Rise       ; d0[1]                     ;
; 0.182  ; 0.366        ; 0.184          ; Low Pulse Width  ; clk   ; Rise       ; d0[2]                     ;
; 0.182  ; 0.366        ; 0.184          ; Low Pulse Width  ; clk   ; Rise       ; d1[0]                     ;
; 0.182  ; 0.366        ; 0.184          ; Low Pulse Width  ; clk   ; Rise       ; d1[1]                     ;
; 0.182  ; 0.366        ; 0.184          ; Low Pulse Width  ; clk   ; Rise       ; d1[2]                     ;
; 0.182  ; 0.366        ; 0.184          ; Low Pulse Width  ; clk   ; Rise       ; d2[0]                     ;
; 0.182  ; 0.366        ; 0.184          ; Low Pulse Width  ; clk   ; Rise       ; d2[1]                     ;
; 0.182  ; 0.366        ; 0.184          ; Low Pulse Width  ; clk   ; Rise       ; d2[2]                     ;
; 0.182  ; 0.366        ; 0.184          ; Low Pulse Width  ; clk   ; Rise       ; d2[3]                     ;
; 0.182  ; 0.366        ; 0.184          ; Low Pulse Width  ; clk   ; Rise       ; d3[0]                     ;
; 0.182  ; 0.366        ; 0.184          ; Low Pulse Width  ; clk   ; Rise       ; d3[1]                     ;
; 0.182  ; 0.366        ; 0.184          ; Low Pulse Width  ; clk   ; Rise       ; d3[2]                     ;
; 0.182  ; 0.366        ; 0.184          ; Low Pulse Width  ; clk   ; Rise       ; d3[3]                     ;
; 0.337  ; 0.337        ; 0.000          ; Low Pulse Width  ; clk   ; Rise       ; d0[0]|clk                 ;
; 0.337  ; 0.337        ; 0.000          ; Low Pulse Width  ; clk   ; Rise       ; d0[3]|clk                 ;
; 0.337  ; 0.337        ; 0.000          ; Low Pulse Width  ; clk   ; Rise       ; d1[3]|clk                 ;
; 0.339  ; 0.339        ; 0.000          ; Low Pulse Width  ; clk   ; Rise       ; clk~input|o               ;
; 0.342  ; 0.342        ; 0.000          ; Low Pulse Width  ; clk   ; Rise       ; contador[0]|clk           ;
; 0.342  ; 0.342        ; 0.000          ; Low Pulse Width  ; clk   ; Rise       ; contador[1]|clk           ;
; 0.342  ; 0.342        ; 0.000          ; Low Pulse Width  ; clk   ; Rise       ; contador[2]|clk           ;
; 0.342  ; 0.342        ; 0.000          ; Low Pulse Width  ; clk   ; Rise       ; d0[1]|clk                 ;
; 0.342  ; 0.342        ; 0.000          ; Low Pulse Width  ; clk   ; Rise       ; d0[2]|clk                 ;
; 0.342  ; 0.342        ; 0.000          ; Low Pulse Width  ; clk   ; Rise       ; d1[0]|clk                 ;
; 0.342  ; 0.342        ; 0.000          ; Low Pulse Width  ; clk   ; Rise       ; d1[1]|clk                 ;
; 0.342  ; 0.342        ; 0.000          ; Low Pulse Width  ; clk   ; Rise       ; d1[2]|clk                 ;
; 0.342  ; 0.342        ; 0.000          ; Low Pulse Width  ; clk   ; Rise       ; d2[0]|clk                 ;
; 0.342  ; 0.342        ; 0.000          ; Low Pulse Width  ; clk   ; Rise       ; d2[1]|clk                 ;
; 0.342  ; 0.342        ; 0.000          ; Low Pulse Width  ; clk   ; Rise       ; d2[2]|clk                 ;
; 0.342  ; 0.342        ; 0.000          ; Low Pulse Width  ; clk   ; Rise       ; d2[3]|clk                 ;
; 0.342  ; 0.342        ; 0.000          ; Low Pulse Width  ; clk   ; Rise       ; d3[0]|clk                 ;
; 0.342  ; 0.342        ; 0.000          ; Low Pulse Width  ; clk   ; Rise       ; d3[1]|clk                 ;
; 0.342  ; 0.342        ; 0.000          ; Low Pulse Width  ; clk   ; Rise       ; d3[2]|clk                 ;
; 0.342  ; 0.342        ; 0.000          ; Low Pulse Width  ; clk   ; Rise       ; d3[3]|clk                 ;
; 0.348  ; 0.348        ; 0.000          ; Low Pulse Width  ; clk   ; Rise       ; clk~inputclkctrl|inclk[0] ;
; 0.348  ; 0.348        ; 0.000          ; Low Pulse Width  ; clk   ; Rise       ; clk~inputclkctrl|outclk   ;
; 0.417  ; 0.633        ; 0.216          ; High Pulse Width ; clk   ; Rise       ; contador[0]               ;
; 0.417  ; 0.633        ; 0.216          ; High Pulse Width ; clk   ; Rise       ; contador[1]               ;
; 0.417  ; 0.633        ; 0.216          ; High Pulse Width ; clk   ; Rise       ; contador[2]               ;
; 0.417  ; 0.633        ; 0.216          ; High Pulse Width ; clk   ; Rise       ; d0[1]                     ;
; 0.417  ; 0.633        ; 0.216          ; High Pulse Width ; clk   ; Rise       ; d0[2]                     ;
; 0.417  ; 0.633        ; 0.216          ; High Pulse Width ; clk   ; Rise       ; d1[0]                     ;
; 0.417  ; 0.633        ; 0.216          ; High Pulse Width ; clk   ; Rise       ; d1[1]                     ;
; 0.417  ; 0.633        ; 0.216          ; High Pulse Width ; clk   ; Rise       ; d1[2]                     ;
; 0.417  ; 0.633        ; 0.216          ; High Pulse Width ; clk   ; Rise       ; d2[0]                     ;
; 0.417  ; 0.633        ; 0.216          ; High Pulse Width ; clk   ; Rise       ; d2[1]                     ;
; 0.417  ; 0.633        ; 0.216          ; High Pulse Width ; clk   ; Rise       ; d2[2]                     ;
; 0.417  ; 0.633        ; 0.216          ; High Pulse Width ; clk   ; Rise       ; d2[3]                     ;
; 0.417  ; 0.633        ; 0.216          ; High Pulse Width ; clk   ; Rise       ; d3[0]                     ;
; 0.417  ; 0.633        ; 0.216          ; High Pulse Width ; clk   ; Rise       ; d3[1]                     ;
; 0.417  ; 0.633        ; 0.216          ; High Pulse Width ; clk   ; Rise       ; d3[2]                     ;
; 0.417  ; 0.633        ; 0.216          ; High Pulse Width ; clk   ; Rise       ; d3[3]                     ;
; 0.423  ; 0.639        ; 0.216          ; High Pulse Width ; clk   ; Rise       ; d0[0]                     ;
; 0.423  ; 0.639        ; 0.216          ; High Pulse Width ; clk   ; Rise       ; d0[3]                     ;
; 0.423  ; 0.639        ; 0.216          ; High Pulse Width ; clk   ; Rise       ; d1[3]                     ;
; 0.500  ; 0.500        ; 0.000          ; High Pulse Width ; clk   ; Rise       ; clk~input|i               ;
; 0.500  ; 0.500        ; 0.000          ; Low Pulse Width  ; clk   ; Rise       ; clk~input|i               ;
; 0.651  ; 0.651        ; 0.000          ; High Pulse Width ; clk   ; Rise       ; clk~inputclkctrl|inclk[0] ;
; 0.651  ; 0.651        ; 0.000          ; High Pulse Width ; clk   ; Rise       ; clk~inputclkctrl|outclk   ;
; 0.657  ; 0.657        ; 0.000          ; High Pulse Width ; clk   ; Rise       ; contador[0]|clk           ;
; 0.657  ; 0.657        ; 0.000          ; High Pulse Width ; clk   ; Rise       ; contador[1]|clk           ;
; 0.657  ; 0.657        ; 0.000          ; High Pulse Width ; clk   ; Rise       ; contador[2]|clk           ;
; 0.657  ; 0.657        ; 0.000          ; High Pulse Width ; clk   ; Rise       ; d0[1]|clk                 ;
; 0.657  ; 0.657        ; 0.000          ; High Pulse Width ; clk   ; Rise       ; d0[2]|clk                 ;
; 0.657  ; 0.657        ; 0.000          ; High Pulse Width ; clk   ; Rise       ; d1[0]|clk                 ;
; 0.657  ; 0.657        ; 0.000          ; High Pulse Width ; clk   ; Rise       ; d1[1]|clk                 ;
; 0.657  ; 0.657        ; 0.000          ; High Pulse Width ; clk   ; Rise       ; d1[2]|clk                 ;
; 0.657  ; 0.657        ; 0.000          ; High Pulse Width ; clk   ; Rise       ; d2[0]|clk                 ;
; 0.657  ; 0.657        ; 0.000          ; High Pulse Width ; clk   ; Rise       ; d2[1]|clk                 ;
; 0.657  ; 0.657        ; 0.000          ; High Pulse Width ; clk   ; Rise       ; d2[2]|clk                 ;
; 0.657  ; 0.657        ; 0.000          ; High Pulse Width ; clk   ; Rise       ; d2[3]|clk                 ;
; 0.657  ; 0.657        ; 0.000          ; High Pulse Width ; clk   ; Rise       ; d3[0]|clk                 ;
; 0.657  ; 0.657        ; 0.000          ; High Pulse Width ; clk   ; Rise       ; d3[1]|clk                 ;
; 0.657  ; 0.657        ; 0.000          ; High Pulse Width ; clk   ; Rise       ; d3[2]|clk                 ;
; 0.657  ; 0.657        ; 0.000          ; High Pulse Width ; clk   ; Rise       ; d3[3]|clk                 ;
+--------+--------------+----------------+------------------+-------+------------+---------------------------+


+---------------------------------------------------------------------------+
; Setup Times                                                               ;
+---------------+------------+-------+-------+------------+-----------------+
; Data Port     ; Clock Port ; Rise  ; Fall  ; Clock Edge ; Clock Reference ;
+---------------+------------+-------+-------+------------+-----------------+
; cargar_digito ; clk        ; 2.196 ; 2.542 ; Rise       ; clk             ;
; digito_in[*]  ; clk        ; 1.196 ; 1.566 ; Rise       ; clk             ;
;  digito_in[0] ; clk        ; 0.832 ; 1.192 ; Rise       ; clk             ;
;  digito_in[1] ; clk        ; 1.162 ; 1.522 ; Rise       ; clk             ;
;  digito_in[2] ; clk        ; 1.196 ; 1.566 ; Rise       ; clk             ;
;  digito_in[3] ; clk        ; 0.802 ; 1.149 ; Rise       ; clk             ;
; limpiar       ; clk        ; 2.127 ; 2.510 ; Rise       ; clk             ;
+---------------+------------+-------+-------+------------+-----------------+


+-----------------------------------------------------------------------------+
; Hold Times                                                                  ;
+---------------+------------+--------+--------+------------+-----------------+
; Data Port     ; Clock Port ; Rise   ; Fall   ; Clock Edge ; Clock Reference ;
+---------------+------------+--------+--------+------------+-----------------+
; cargar_digito ; clk        ; -0.961 ; -1.334 ; Rise       ; clk             ;
; digito_in[*]  ; clk        ; -0.468 ; -0.801 ; Rise       ; clk             ;
;  digito_in[0] ; clk        ; -0.492 ; -0.838 ; Rise       ; clk             ;
;  digito_in[1] ; clk        ; -0.835 ; -1.181 ; Rise       ; clk             ;
;  digito_in[2] ; clk        ; -0.868 ; -1.223 ; Rise       ; clk             ;
;  digito_in[3] ; clk        ; -0.468 ; -0.801 ; Rise       ; clk             ;
; limpiar       ; clk        ; -0.528 ; -0.880 ; Rise       ; clk             ;
+---------------+------------+--------+--------+------------+-----------------+


+--------------------------------------------------------------------------------+
; Clock to Output Times                                                          ;
+--------------------+------------+-------+-------+------------+-----------------+
; Data Port          ; Clock Port ; Rise  ; Fall  ; Clock Edge ; Clock Reference ;
+--------------------+------------+-------+-------+------------+-----------------+
; clave_out[*]       ; clk        ; 5.907 ; 5.813 ; Rise       ; clk             ;
;  clave_out[0]      ; clk        ; 5.761 ; 5.755 ; Rise       ; clk             ;
;  clave_out[1]      ; clk        ; 5.405 ; 5.339 ; Rise       ; clk             ;
;  clave_out[2]      ; clk        ; 5.170 ; 5.093 ; Rise       ; clk             ;
;  clave_out[3]      ; clk        ; 5.907 ; 5.813 ; Rise       ; clk             ;
;  clave_out[4]      ; clk        ; 5.187 ; 5.122 ; Rise       ; clk             ;
;  clave_out[5]      ; clk        ; 5.602 ; 5.560 ; Rise       ; clk             ;
;  clave_out[6]      ; clk        ; 5.404 ; 5.324 ; Rise       ; clk             ;
;  clave_out[7]      ; clk        ; 5.508 ; 5.438 ; Rise       ; clk             ;
;  clave_out[8]      ; clk        ; 5.627 ; 5.545 ; Rise       ; clk             ;
;  clave_out[9]      ; clk        ; 5.147 ; 5.080 ; Rise       ; clk             ;
;  clave_out[10]     ; clk        ; 5.529 ; 5.501 ; Rise       ; clk             ;
;  clave_out[11]     ; clk        ; 5.019 ; 4.972 ; Rise       ; clk             ;
;  clave_out[12]     ; clk        ; 5.150 ; 5.082 ; Rise       ; clk             ;
;  clave_out[13]     ; clk        ; 5.503 ; 5.468 ; Rise       ; clk             ;
;  clave_out[14]     ; clk        ; 5.164 ; 5.095 ; Rise       ; clk             ;
;  clave_out[15]     ; clk        ; 5.447 ; 5.370 ; Rise       ; clk             ;
; completo           ; clk        ; 6.143 ; 6.030 ; Rise       ; clk             ;
; cuenta_digitos[*]  ; clk        ; 6.664 ; 6.702 ; Rise       ; clk             ;
;  cuenta_digitos[0] ; clk        ; 5.179 ; 5.105 ; Rise       ; clk             ;
;  cuenta_digitos[1] ; clk        ; 6.664 ; 6.702 ; Rise       ; clk             ;
;  cuenta_digitos[2] ; clk        ; 5.197 ; 5.128 ; Rise       ; clk             ;
; hex0_out[*]        ; clk        ; 5.887 ; 5.791 ; Rise       ; clk             ;
;  hex0_out[0]       ; clk        ; 5.672 ; 5.636 ; Rise       ; clk             ;
;  hex0_out[1]       ; clk        ; 5.415 ; 5.349 ; Rise       ; clk             ;
;  hex0_out[2]       ; clk        ; 5.171 ; 5.096 ; Rise       ; clk             ;
;  hex0_out[3]       ; clk        ; 5.887 ; 5.791 ; Rise       ; clk             ;
; hex1_out[*]        ; clk        ; 5.508 ; 5.438 ; Rise       ; clk             ;
;  hex1_out[0]       ; clk        ; 5.186 ; 5.121 ; Rise       ; clk             ;
;  hex1_out[1]       ; clk        ; 5.493 ; 5.421 ; Rise       ; clk             ;
;  hex1_out[2]       ; clk        ; 5.364 ; 5.284 ; Rise       ; clk             ;
;  hex1_out[3]       ; clk        ; 5.508 ; 5.438 ; Rise       ; clk             ;
; hex2_out[*]        ; clk        ; 5.627 ; 5.545 ; Rise       ; clk             ;
;  hex2_out[0]       ; clk        ; 5.627 ; 5.545 ; Rise       ; clk             ;
;  hex2_out[1]       ; clk        ; 5.187 ; 5.120 ; Rise       ; clk             ;
;  hex2_out[2]       ; clk        ; 5.539 ; 5.511 ; Rise       ; clk             ;
;  hex2_out[3]       ; clk        ; 5.183 ; 5.125 ; Rise       ; clk             ;
; hex3_out[*]        ; clk        ; 5.447 ; 5.370 ; Rise       ; clk             ;
;  hex3_out[0]       ; clk        ; 5.150 ; 5.082 ; Rise       ; clk             ;
;  hex3_out[1]       ; clk        ; 5.372 ; 5.303 ; Rise       ; clk             ;
;  hex3_out[2]       ; clk        ; 5.174 ; 5.105 ; Rise       ; clk             ;
;  hex3_out[3]       ; clk        ; 5.447 ; 5.370 ; Rise       ; clk             ;
+--------------------+------------+-------+-------+------------+-----------------+


+--------------------------------------------------------------------------------+
; Minimum Clock to Output Times                                                  ;
+--------------------+------------+-------+-------+------------+-----------------+
; Data Port          ; Clock Port ; Rise  ; Fall  ; Clock Edge ; Clock Reference ;
+--------------------+------------+-------+-------+------------+-----------------+
; clave_out[*]       ; clk        ; 4.924 ; 4.877 ; Rise       ; clk             ;
;  clave_out[0]      ; clk        ; 5.644 ; 5.637 ; Rise       ; clk             ;
;  clave_out[1]      ; clk        ; 5.294 ; 5.228 ; Rise       ; clk             ;
;  clave_out[2]      ; clk        ; 5.068 ; 4.992 ; Rise       ; clk             ;
;  clave_out[3]      ; clk        ; 5.776 ; 5.684 ; Rise       ; clk             ;
;  clave_out[4]      ; clk        ; 5.084 ; 5.020 ; Rise       ; clk             ;
;  clave_out[5]      ; clk        ; 5.491 ; 5.450 ; Rise       ; clk             ;
;  clave_out[6]      ; clk        ; 5.294 ; 5.216 ; Rise       ; clk             ;
;  clave_out[7]      ; clk        ; 5.393 ; 5.324 ; Rise       ; clk             ;
;  clave_out[8]      ; clk        ; 5.507 ; 5.427 ; Rise       ; clk             ;
;  clave_out[9]      ; clk        ; 5.046 ; 4.980 ; Rise       ; clk             ;
;  clave_out[10]     ; clk        ; 5.413 ; 5.384 ; Rise       ; clk             ;
;  clave_out[11]     ; clk        ; 4.924 ; 4.877 ; Rise       ; clk             ;
;  clave_out[12]     ; clk        ; 5.049 ; 4.981 ; Rise       ; clk             ;
;  clave_out[13]     ; clk        ; 5.388 ; 5.352 ; Rise       ; clk             ;
;  clave_out[14]     ; clk        ; 5.062 ; 4.994 ; Rise       ; clk             ;
;  clave_out[15]     ; clk        ; 5.335 ; 5.259 ; Rise       ; clk             ;
; completo           ; clk        ; 5.883 ; 5.778 ; Rise       ; clk             ;
; cuenta_digitos[*]  ; clk        ; 5.077 ; 5.003 ; Rise       ; clk             ;
;  cuenta_digitos[0] ; clk        ; 5.077 ; 5.003 ; Rise       ; clk             ;
;  cuenta_digitos[1] ; clk        ; 6.554 ; 6.593 ; Rise       ; clk             ;
;  cuenta_digitos[2] ; clk        ; 5.094 ; 5.025 ; Rise       ; clk             ;
; hex0_out[*]        ; clk        ; 5.069 ; 4.995 ; Rise       ; clk             ;
;  hex0_out[0]       ; clk        ; 5.555 ; 5.518 ; Rise       ; clk             ;
;  hex0_out[1]       ; clk        ; 5.304 ; 5.238 ; Rise       ; clk             ;
;  hex0_out[2]       ; clk        ; 5.069 ; 4.995 ; Rise       ; clk             ;
;  hex0_out[3]       ; clk        ; 5.757 ; 5.663 ; Rise       ; clk             ;
; hex1_out[*]        ; clk        ; 5.084 ; 5.019 ; Rise       ; clk             ;
;  hex1_out[0]       ; clk        ; 5.084 ; 5.019 ; Rise       ; clk             ;
;  hex1_out[1]       ; clk        ; 5.382 ; 5.311 ; Rise       ; clk             ;
;  hex1_out[2]       ; clk        ; 5.254 ; 5.176 ; Rise       ; clk             ;
;  hex1_out[3]       ; clk        ; 5.393 ; 5.324 ; Rise       ; clk             ;
; hex2_out[*]        ; clk        ; 5.082 ; 5.020 ; Rise       ; clk             ;
;  hex2_out[0]       ; clk        ; 5.507 ; 5.427 ; Rise       ; clk             ;
;  hex2_out[1]       ; clk        ; 5.086 ; 5.020 ; Rise       ; clk             ;
;  hex2_out[2]       ; clk        ; 5.423 ; 5.394 ; Rise       ; clk             ;
;  hex2_out[3]       ; clk        ; 5.082 ; 5.025 ; Rise       ; clk             ;
; hex3_out[*]        ; clk        ; 5.049 ; 4.981 ; Rise       ; clk             ;
;  hex3_out[0]       ; clk        ; 5.049 ; 4.981 ; Rise       ; clk             ;
;  hex3_out[1]       ; clk        ; 5.262 ; 5.194 ; Rise       ; clk             ;
;  hex3_out[2]       ; clk        ; 5.072 ; 5.004 ; Rise       ; clk             ;
;  hex3_out[3]       ; clk        ; 5.335 ; 5.259 ; Rise       ; clk             ;
+--------------------+------------+-------+-------+------------+-----------------+


---------------------------------------------
; Slow 1200mV 0C Model Metastability Report ;
---------------------------------------------
No synchronizer chains to report.


+------------------------------------+
; Fast 1200mV 0C Model Setup Summary ;
+-------+-------+--------------------+
; Clock ; Slack ; End Point TNS      ;
+-------+-------+--------------------+
; clk   ; 0.078 ; 0.000              ;
+-------+-------+--------------------+


+-----------------------------------+
; Fast 1200mV 0C Model Hold Summary ;
+-------+-------+-------------------+
; Clock ; Slack ; End Point TNS     ;
+-------+-------+-------------------+
; clk   ; 0.188 ; 0.000             ;
+-------+-------+-------------------+


-----------------------------------------
; Fast 1200mV 0C Model Recovery Summary ;
-----------------------------------------
No paths to report.


----------------------------------------
; Fast 1200mV 0C Model Removal Summary ;
----------------------------------------
No paths to report.


+--------------------------------------------------+
; Fast 1200mV 0C Model Minimum Pulse Width Summary ;
+-------+--------+---------------------------------+
; Clock ; Slack  ; End Point TNS                   ;
+-------+--------+---------------------------------+
; clk   ; -3.000 ; -23.151                         ;
+-------+--------+---------------------------------+


+---------------------------------------------------------------------------------------------------------+
; Fast 1200mV 0C Model Setup: 'clk'                                                                       ;
+-------+-------------+-------------+--------------+-------------+--------------+------------+------------+
; Slack ; From Node   ; To Node     ; Launch Clock ; Latch Clock ; Relationship ; Clock Skew ; Data Delay ;
+-------+-------------+-------------+--------------+-------------+--------------+------------+------------+
; 0.078 ; contador[2] ; d2[3]       ; clk          ; clk         ; 1.000        ; -0.035     ; 0.874      ;
; 0.152 ; contador[2] ; d3[3]       ; clk          ; clk         ; 1.000        ; -0.035     ; 0.800      ;
; 0.152 ; contador[2] ; d3[2]       ; clk          ; clk         ; 1.000        ; -0.035     ; 0.800      ;
; 0.152 ; contador[2] ; d3[1]       ; clk          ; clk         ; 1.000        ; -0.035     ; 0.800      ;
; 0.152 ; contador[2] ; d3[0]       ; clk          ; clk         ; 1.000        ; -0.035     ; 0.800      ;
; 0.152 ; contador[2] ; d2[2]       ; clk          ; clk         ; 1.000        ; -0.035     ; 0.800      ;
; 0.152 ; contador[2] ; d2[1]       ; clk          ; clk         ; 1.000        ; -0.035     ; 0.800      ;
; 0.152 ; contador[2] ; d2[0]       ; clk          ; clk         ; 1.000        ; -0.035     ; 0.800      ;
; 0.152 ; contador[2] ; d1[2]       ; clk          ; clk         ; 1.000        ; -0.035     ; 0.800      ;
; 0.152 ; contador[2] ; d1[1]       ; clk          ; clk         ; 1.000        ; -0.035     ; 0.800      ;
; 0.152 ; contador[2] ; d1[0]       ; clk          ; clk         ; 1.000        ; -0.035     ; 0.800      ;
; 0.152 ; contador[2] ; contador[1] ; clk          ; clk         ; 1.000        ; -0.035     ; 0.800      ;
; 0.152 ; contador[2] ; contador[0] ; clk          ; clk         ; 1.000        ; -0.035     ; 0.800      ;
; 0.152 ; contador[2] ; d0[1]       ; clk          ; clk         ; 1.000        ; -0.035     ; 0.800      ;
; 0.152 ; contador[2] ; d0[2]       ; clk          ; clk         ; 1.000        ; -0.035     ; 0.800      ;
; 0.276 ; d0[0]       ; d1[0]       ; clk          ; clk         ; 1.000        ; -0.233     ; 0.478      ;
; 0.281 ; contador[2] ; d1[3]       ; clk          ; clk         ; 1.000        ; 0.154      ; 0.860      ;
; 0.281 ; contador[2] ; d0[0]       ; clk          ; clk         ; 1.000        ; 0.154      ; 0.860      ;
; 0.281 ; contador[2] ; d0[3]       ; clk          ; clk         ; 1.000        ; 0.154      ; 0.860      ;
; 0.369 ; d1[3]       ; d2[3]       ; clk          ; clk         ; 1.000        ; -0.233     ; 0.385      ;
; 0.399 ; d1[1]       ; d2[1]       ; clk          ; clk         ; 1.000        ; -0.035     ; 0.553      ;
; 0.400 ; d0[2]       ; d1[2]       ; clk          ; clk         ; 1.000        ; -0.035     ; 0.552      ;
; 0.429 ; contador[1] ; contador[2] ; clk          ; clk         ; 1.000        ; -0.035     ; 0.523      ;
; 0.484 ; d2[3]       ; d3[3]       ; clk          ; clk         ; 1.000        ; -0.035     ; 0.468      ;
; 0.557 ; d0[3]       ; d1[3]       ; clk          ; clk         ; 1.000        ; -0.044     ; 0.386      ;
; 0.559 ; contador[0] ; contador[2] ; clk          ; clk         ; 1.000        ; -0.035     ; 0.393      ;
; 0.562 ; contador[0] ; contador[1] ; clk          ; clk         ; 1.000        ; -0.035     ; 0.390      ;
; 0.565 ; d2[0]       ; d3[0]       ; clk          ; clk         ; 1.000        ; -0.035     ; 0.387      ;
; 0.565 ; d1[2]       ; d2[2]       ; clk          ; clk         ; 1.000        ; -0.035     ; 0.387      ;
; 0.566 ; d1[0]       ; d2[0]       ; clk          ; clk         ; 1.000        ; -0.035     ; 0.386      ;
; 0.567 ; d0[1]       ; d1[1]       ; clk          ; clk         ; 1.000        ; -0.035     ; 0.385      ;
; 0.569 ; d2[2]       ; d3[2]       ; clk          ; clk         ; 1.000        ; -0.035     ; 0.383      ;
; 0.569 ; d2[1]       ; d3[1]       ; clk          ; clk         ; 1.000        ; -0.035     ; 0.383      ;
; 0.593 ; contador[0] ; contador[0] ; clk          ; clk         ; 1.000        ; -0.035     ; 0.359      ;
; 0.593 ; contador[1] ; contador[1] ; clk          ; clk         ; 1.000        ; -0.035     ; 0.359      ;
; 0.602 ; contador[2] ; contador[2] ; clk          ; clk         ; 1.000        ; -0.035     ; 0.350      ;
+-------+-------------+-------------+--------------+-------------+--------------+------------+------------+


+---------------------------------------------------------------------------------------------------------+
; Fast 1200mV 0C Model Hold: 'clk'                                                                        ;
+-------+-------------+-------------+--------------+-------------+--------------+------------+------------+
; Slack ; From Node   ; To Node     ; Launch Clock ; Latch Clock ; Relationship ; Clock Skew ; Data Delay ;
+-------+-------------+-------------+--------------+-------------+--------------+------------+------------+
; 0.188 ; contador[1] ; contador[1] ; clk          ; clk         ; 0.000        ; 0.035      ; 0.307      ;
; 0.188 ; contador[2] ; contador[2] ; clk          ; clk         ; 0.000        ; 0.035      ; 0.307      ;
; 0.195 ; contador[0] ; contador[0] ; clk          ; clk         ; 0.000        ; 0.035      ; 0.314      ;
; 0.199 ; d0[3]       ; d1[3]       ; clk          ; clk         ; 0.000        ; 0.044      ; 0.327      ;
; 0.206 ; d2[2]       ; d3[2]       ; clk          ; clk         ; 0.000        ; 0.035      ; 0.325      ;
; 0.206 ; d2[1]       ; d3[1]       ; clk          ; clk         ; 0.000        ; 0.035      ; 0.325      ;
; 0.207 ; d1[2]       ; d2[2]       ; clk          ; clk         ; 0.000        ; 0.035      ; 0.326      ;
; 0.207 ; d0[1]       ; d1[1]       ; clk          ; clk         ; 0.000        ; 0.035      ; 0.326      ;
; 0.208 ; d1[0]       ; d2[0]       ; clk          ; clk         ; 0.000        ; 0.035      ; 0.327      ;
; 0.209 ; d2[0]       ; d3[0]       ; clk          ; clk         ; 0.000        ; 0.035      ; 0.328      ;
; 0.210 ; contador[0] ; contador[1] ; clk          ; clk         ; 0.000        ; 0.035      ; 0.329      ;
; 0.212 ; contador[0] ; contador[2] ; clk          ; clk         ; 0.000        ; 0.035      ; 0.331      ;
; 0.273 ; d2[3]       ; d3[3]       ; clk          ; clk         ; 0.000        ; 0.035      ; 0.392      ;
; 0.306 ; d1[1]       ; d2[1]       ; clk          ; clk         ; 0.000        ; 0.035      ; 0.425      ;
; 0.306 ; d0[2]       ; d1[2]       ; clk          ; clk         ; 0.000        ; 0.035      ; 0.425      ;
; 0.308 ; contador[1] ; contador[2] ; clk          ; clk         ; 0.000        ; 0.035      ; 0.427      ;
; 0.395 ; d1[3]       ; d2[3]       ; clk          ; clk         ; 0.000        ; -0.154     ; 0.325      ;
; 0.475 ; d0[0]       ; d1[0]       ; clk          ; clk         ; 0.000        ; -0.154     ; 0.405      ;
; 0.540 ; contador[2] ; d1[3]       ; clk          ; clk         ; 0.000        ; 0.233      ; 0.857      ;
; 0.540 ; contador[2] ; d0[0]       ; clk          ; clk         ; 0.000        ; 0.233      ; 0.857      ;
; 0.540 ; contador[2] ; d0[3]       ; clk          ; clk         ; 0.000        ; 0.233      ; 0.857      ;
; 0.687 ; contador[2] ; d3[3]       ; clk          ; clk         ; 0.000        ; 0.035      ; 0.806      ;
; 0.687 ; contador[2] ; d3[2]       ; clk          ; clk         ; 0.000        ; 0.035      ; 0.806      ;
; 0.687 ; contador[2] ; d3[1]       ; clk          ; clk         ; 0.000        ; 0.035      ; 0.806      ;
; 0.687 ; contador[2] ; d3[0]       ; clk          ; clk         ; 0.000        ; 0.035      ; 0.806      ;
; 0.687 ; contador[2] ; d2[2]       ; clk          ; clk         ; 0.000        ; 0.035      ; 0.806      ;
; 0.687 ; contador[2] ; d2[1]       ; clk          ; clk         ; 0.000        ; 0.035      ; 0.806      ;
; 0.687 ; contador[2] ; d2[0]       ; clk          ; clk         ; 0.000        ; 0.035      ; 0.806      ;
; 0.687 ; contador[2] ; d1[2]       ; clk          ; clk         ; 0.000        ; 0.035      ; 0.806      ;
; 0.687 ; contador[2] ; d1[1]       ; clk          ; clk         ; 0.000        ; 0.035      ; 0.806      ;
; 0.687 ; contador[2] ; d1[0]       ; clk          ; clk         ; 0.000        ; 0.035      ; 0.806      ;
; 0.687 ; contador[2] ; contador[1] ; clk          ; clk         ; 0.000        ; 0.035      ; 0.806      ;
; 0.687 ; contador[2] ; contador[0] ; clk          ; clk         ; 0.000        ; 0.035      ; 0.806      ;
; 0.687 ; contador[2] ; d0[1]       ; clk          ; clk         ; 0.000        ; 0.035      ; 0.806      ;
; 0.687 ; contador[2] ; d0[2]       ; clk          ; clk         ; 0.000        ; 0.035      ; 0.806      ;
; 0.758 ; contador[2] ; d2[3]       ; clk          ; clk         ; 0.000        ; 0.035      ; 0.877      ;
+-------+-------------+-------------+--------------+-------------+--------------+------------+------------+


+------------------------------------------------------------------------------------------------------------+
; Fast 1200mV 0C Model Minimum Pulse Width: 'clk'                                                            ;
+--------+--------------+----------------+------------------+-------+------------+---------------------------+
; Slack  ; Actual Width ; Required Width ; Type             ; Clock ; Clock Edge ; Target                    ;
+--------+--------------+----------------+------------------+-------+------------+---------------------------+
; -3.000 ; 1.000        ; 4.000          ; Port Rate        ; clk   ; Rise       ; clk                       ;
; -1.000 ; 1.000        ; 2.000          ; Min Period       ; clk   ; Rise       ; contador[0]               ;
; -1.000 ; 1.000        ; 2.000          ; Min Period       ; clk   ; Rise       ; contador[1]               ;
; -1.000 ; 1.000        ; 2.000          ; Min Period       ; clk   ; Rise       ; contador[2]               ;
; -1.000 ; 1.000        ; 2.000          ; Min Period       ; clk   ; Rise       ; d0[0]                     ;
; -1.000 ; 1.000        ; 2.000          ; Min Period       ; clk   ; Rise       ; d0[1]                     ;
; -1.000 ; 1.000        ; 2.000          ; Min Period       ; clk   ; Rise       ; d0[2]                     ;
; -1.000 ; 1.000        ; 2.000          ; Min Period       ; clk   ; Rise       ; d0[3]                     ;
; -1.000 ; 1.000        ; 2.000          ; Min Period       ; clk   ; Rise       ; d1[0]                     ;
; -1.000 ; 1.000        ; 2.000          ; Min Period       ; clk   ; Rise       ; d1[1]                     ;
; -1.000 ; 1.000        ; 2.000          ; Min Period       ; clk   ; Rise       ; d1[2]                     ;
; -1.000 ; 1.000        ; 2.000          ; Min Period       ; clk   ; Rise       ; d1[3]                     ;
; -1.000 ; 1.000        ; 2.000          ; Min Period       ; clk   ; Rise       ; d2[0]                     ;
; -1.000 ; 1.000        ; 2.000          ; Min Period       ; clk   ; Rise       ; d2[1]                     ;
; -1.000 ; 1.000        ; 2.000          ; Min Period       ; clk   ; Rise       ; d2[2]                     ;
; -1.000 ; 1.000        ; 2.000          ; Min Period       ; clk   ; Rise       ; d2[3]                     ;
; -1.000 ; 1.000        ; 2.000          ; Min Period       ; clk   ; Rise       ; d3[0]                     ;
; -1.000 ; 1.000        ; 2.000          ; Min Period       ; clk   ; Rise       ; d3[1]                     ;
; -1.000 ; 1.000        ; 2.000          ; Min Period       ; clk   ; Rise       ; d3[2]                     ;
; -1.000 ; 1.000        ; 2.000          ; Min Period       ; clk   ; Rise       ; d3[3]                     ;
; -0.085 ; 0.099        ; 0.184          ; Low Pulse Width  ; clk   ; Rise       ; d0[0]                     ;
; -0.085 ; 0.099        ; 0.184          ; Low Pulse Width  ; clk   ; Rise       ; d0[3]                     ;
; -0.085 ; 0.099        ; 0.184          ; Low Pulse Width  ; clk   ; Rise       ; d1[3]                     ;
; -0.056 ; 0.128        ; 0.184          ; Low Pulse Width  ; clk   ; Rise       ; contador[0]               ;
; -0.056 ; 0.128        ; 0.184          ; Low Pulse Width  ; clk   ; Rise       ; contador[1]               ;
; -0.056 ; 0.128        ; 0.184          ; Low Pulse Width  ; clk   ; Rise       ; contador[2]               ;
; -0.056 ; 0.128        ; 0.184          ; Low Pulse Width  ; clk   ; Rise       ; d0[1]                     ;
; -0.056 ; 0.128        ; 0.184          ; Low Pulse Width  ; clk   ; Rise       ; d0[2]                     ;
; -0.056 ; 0.128        ; 0.184          ; Low Pulse Width  ; clk   ; Rise       ; d1[0]                     ;
; -0.056 ; 0.128        ; 0.184          ; Low Pulse Width  ; clk   ; Rise       ; d1[1]                     ;
; -0.056 ; 0.128        ; 0.184          ; Low Pulse Width  ; clk   ; Rise       ; d1[2]                     ;
; -0.056 ; 0.128        ; 0.184          ; Low Pulse Width  ; clk   ; Rise       ; d2[0]                     ;
; -0.056 ; 0.128        ; 0.184          ; Low Pulse Width  ; clk   ; Rise       ; d2[1]                     ;
; -0.056 ; 0.128        ; 0.184          ; Low Pulse Width  ; clk   ; Rise       ; d2[2]                     ;
; -0.056 ; 0.128        ; 0.184          ; Low Pulse Width  ; clk   ; Rise       ; d2[3]                     ;
; -0.056 ; 0.128        ; 0.184          ; Low Pulse Width  ; clk   ; Rise       ; d3[0]                     ;
; -0.056 ; 0.128        ; 0.184          ; Low Pulse Width  ; clk   ; Rise       ; d3[1]                     ;
; -0.056 ; 0.128        ; 0.184          ; Low Pulse Width  ; clk   ; Rise       ; d3[2]                     ;
; -0.056 ; 0.128        ; 0.184          ; Low Pulse Width  ; clk   ; Rise       ; d3[3]                     ;
; 0.095  ; 0.095        ; 0.000          ; Low Pulse Width  ; clk   ; Rise       ; d0[0]|clk                 ;
; 0.095  ; 0.095        ; 0.000          ; Low Pulse Width  ; clk   ; Rise       ; d0[3]|clk                 ;
; 0.095  ; 0.095        ; 0.000          ; Low Pulse Width  ; clk   ; Rise       ; d1[3]|clk                 ;
; 0.118  ; 0.118        ; 0.000          ; Low Pulse Width  ; clk   ; Rise       ; clk~input|o               ;
; 0.124  ; 0.124        ; 0.000          ; Low Pulse Width  ; clk   ; Rise       ; contador[0]|clk           ;
; 0.124  ; 0.124        ; 0.000          ; Low Pulse Width  ; clk   ; Rise       ; contador[1]|clk           ;
; 0.124  ; 0.124        ; 0.000          ; Low Pulse Width  ; clk   ; Rise       ; contador[2]|clk           ;
; 0.124  ; 0.124        ; 0.000          ; Low Pulse Width  ; clk   ; Rise       ; d0[1]|clk                 ;
; 0.124  ; 0.124        ; 0.000          ; Low Pulse Width  ; clk   ; Rise       ; d0[2]|clk                 ;
; 0.124  ; 0.124        ; 0.000          ; Low Pulse Width  ; clk   ; Rise       ; d1[0]|clk                 ;
; 0.124  ; 0.124        ; 0.000          ; Low Pulse Width  ; clk   ; Rise       ; d1[1]|clk                 ;
; 0.124  ; 0.124        ; 0.000          ; Low Pulse Width  ; clk   ; Rise       ; d1[2]|clk                 ;
; 0.124  ; 0.124        ; 0.000          ; Low Pulse Width  ; clk   ; Rise       ; d2[0]|clk                 ;
; 0.124  ; 0.124        ; 0.000          ; Low Pulse Width  ; clk   ; Rise       ; d2[1]|clk                 ;
; 0.124  ; 0.124        ; 0.000          ; Low Pulse Width  ; clk   ; Rise       ; d2[2]|clk                 ;
; 0.124  ; 0.124        ; 0.000          ; Low Pulse Width  ; clk   ; Rise       ; d2[3]|clk                 ;
; 0.124  ; 0.124        ; 0.000          ; Low Pulse Width  ; clk   ; Rise       ; d3[0]|clk                 ;
; 0.124  ; 0.124        ; 0.000          ; Low Pulse Width  ; clk   ; Rise       ; d3[1]|clk                 ;
; 0.124  ; 0.124        ; 0.000          ; Low Pulse Width  ; clk   ; Rise       ; d3[2]|clk                 ;
; 0.124  ; 0.124        ; 0.000          ; Low Pulse Width  ; clk   ; Rise       ; d3[3]|clk                 ;
; 0.132  ; 0.132        ; 0.000          ; Low Pulse Width  ; clk   ; Rise       ; clk~inputclkctrl|inclk[0] ;
; 0.132  ; 0.132        ; 0.000          ; Low Pulse Width  ; clk   ; Rise       ; clk~inputclkctrl|outclk   ;
; 0.500  ; 0.500        ; 0.000          ; High Pulse Width ; clk   ; Rise       ; clk~input|i               ;
; 0.500  ; 0.500        ; 0.000          ; Low Pulse Width  ; clk   ; Rise       ; clk~input|i               ;
; 0.654  ; 0.870        ; 0.216          ; High Pulse Width ; clk   ; Rise       ; contador[0]               ;
; 0.654  ; 0.870        ; 0.216          ; High Pulse Width ; clk   ; Rise       ; contador[1]               ;
; 0.654  ; 0.870        ; 0.216          ; High Pulse Width ; clk   ; Rise       ; contador[2]               ;
; 0.654  ; 0.870        ; 0.216          ; High Pulse Width ; clk   ; Rise       ; d0[1]                     ;
; 0.654  ; 0.870        ; 0.216          ; High Pulse Width ; clk   ; Rise       ; d0[2]                     ;
; 0.654  ; 0.870        ; 0.216          ; High Pulse Width ; clk   ; Rise       ; d1[0]                     ;
; 0.654  ; 0.870        ; 0.216          ; High Pulse Width ; clk   ; Rise       ; d1[1]                     ;
; 0.654  ; 0.870        ; 0.216          ; High Pulse Width ; clk   ; Rise       ; d1[2]                     ;
; 0.654  ; 0.870        ; 0.216          ; High Pulse Width ; clk   ; Rise       ; d2[0]                     ;
; 0.654  ; 0.870        ; 0.216          ; High Pulse Width ; clk   ; Rise       ; d2[1]                     ;
; 0.654  ; 0.870        ; 0.216          ; High Pulse Width ; clk   ; Rise       ; d2[2]                     ;
; 0.654  ; 0.870        ; 0.216          ; High Pulse Width ; clk   ; Rise       ; d2[3]                     ;
; 0.654  ; 0.870        ; 0.216          ; High Pulse Width ; clk   ; Rise       ; d3[0]                     ;
; 0.654  ; 0.870        ; 0.216          ; High Pulse Width ; clk   ; Rise       ; d3[1]                     ;
; 0.654  ; 0.870        ; 0.216          ; High Pulse Width ; clk   ; Rise       ; d3[2]                     ;
; 0.654  ; 0.870        ; 0.216          ; High Pulse Width ; clk   ; Rise       ; d3[3]                     ;
; 0.682  ; 0.898        ; 0.216          ; High Pulse Width ; clk   ; Rise       ; d0[0]                     ;
; 0.682  ; 0.898        ; 0.216          ; High Pulse Width ; clk   ; Rise       ; d0[3]                     ;
; 0.682  ; 0.898        ; 0.216          ; High Pulse Width ; clk   ; Rise       ; d1[3]                     ;
; 0.867  ; 0.867        ; 0.000          ; High Pulse Width ; clk   ; Rise       ; clk~inputclkctrl|inclk[0] ;
; 0.867  ; 0.867        ; 0.000          ; High Pulse Width ; clk   ; Rise       ; clk~inputclkctrl|outclk   ;
; 0.876  ; 0.876        ; 0.000          ; High Pulse Width ; clk   ; Rise       ; contador[0]|clk           ;
; 0.876  ; 0.876        ; 0.000          ; High Pulse Width ; clk   ; Rise       ; contador[1]|clk           ;
; 0.876  ; 0.876        ; 0.000          ; High Pulse Width ; clk   ; Rise       ; contador[2]|clk           ;
; 0.876  ; 0.876        ; 0.000          ; High Pulse Width ; clk   ; Rise       ; d0[1]|clk                 ;
; 0.876  ; 0.876        ; 0.000          ; High Pulse Width ; clk   ; Rise       ; d0[2]|clk                 ;
; 0.876  ; 0.876        ; 0.000          ; High Pulse Width ; clk   ; Rise       ; d1[0]|clk                 ;
; 0.876  ; 0.876        ; 0.000          ; High Pulse Width ; clk   ; Rise       ; d1[1]|clk                 ;
; 0.876  ; 0.876        ; 0.000          ; High Pulse Width ; clk   ; Rise       ; d1[2]|clk                 ;
; 0.876  ; 0.876        ; 0.000          ; High Pulse Width ; clk   ; Rise       ; d2[0]|clk                 ;
; 0.876  ; 0.876        ; 0.000          ; High Pulse Width ; clk   ; Rise       ; d2[1]|clk                 ;
; 0.876  ; 0.876        ; 0.000          ; High Pulse Width ; clk   ; Rise       ; d2[2]|clk                 ;
; 0.876  ; 0.876        ; 0.000          ; High Pulse Width ; clk   ; Rise       ; d2[3]|clk                 ;
; 0.876  ; 0.876        ; 0.000          ; High Pulse Width ; clk   ; Rise       ; d3[0]|clk                 ;
; 0.876  ; 0.876        ; 0.000          ; High Pulse Width ; clk   ; Rise       ; d3[1]|clk                 ;
; 0.876  ; 0.876        ; 0.000          ; High Pulse Width ; clk   ; Rise       ; d3[2]|clk                 ;
; 0.876  ; 0.876        ; 0.000          ; High Pulse Width ; clk   ; Rise       ; d3[3]|clk                 ;
+--------+--------------+----------------+------------------+-------+------------+---------------------------+


+---------------------------------------------------------------------------+
; Setup Times                                                               ;
+---------------+------------+-------+-------+------------+-----------------+
; Data Port     ; Clock Port ; Rise  ; Fall  ; Clock Edge ; Clock Reference ;
+---------------+------------+-------+-------+------------+-----------------+
; cargar_digito ; clk        ; 1.383 ; 1.986 ; Rise       ; clk             ;
; digito_in[*]  ; clk        ; 0.781 ; 1.371 ; Rise       ; clk             ;
;  digito_in[0] ; clk        ; 0.559 ; 1.144 ; Rise       ; clk             ;
;  digito_in[1] ; clk        ; 0.759 ; 1.345 ; Rise       ; clk             ;
;  digito_in[2] ; clk        ; 0.781 ; 1.371 ; Rise       ; clk             ;
;  digito_in[3] ; clk        ; 0.563 ; 1.139 ; Rise       ; clk             ;
; limpiar       ; clk        ; 1.361 ; 1.977 ; Rise       ; clk             ;
+---------------+------------+-------+-------+------------+-----------------+


+-----------------------------------------------------------------------------+
; Hold Times                                                                  ;
+---------------+------------+--------+--------+------------+-----------------+
; Data Port     ; Clock Port ; Rise   ; Fall   ; Clock Edge ; Clock Reference ;
+---------------+------------+--------+--------+------------+-----------------+
; cargar_digito ; clk        ; -0.648 ; -1.237 ; Rise       ; clk             ;
; digito_in[*]  ; clk        ; -0.347 ; -0.913 ; Rise       ; clk             ;
;  digito_in[0] ; clk        ; -0.347 ; -0.916 ; Rise       ; clk             ;
;  digito_in[1] ; clk        ; -0.555 ; -1.125 ; Rise       ; clk             ;
;  digito_in[2] ; clk        ; -0.576 ; -1.150 ; Rise       ; clk             ;
;  digito_in[3] ; clk        ; -0.352 ; -0.913 ; Rise       ; clk             ;
; limpiar       ; clk        ; -0.393 ; -0.941 ; Rise       ; clk             ;
+---------------+------------+--------+--------+------------+-----------------+


+--------------------------------------------------------------------------------+
; Clock to Output Times                                                          ;
+--------------------+------------+-------+-------+------------+-----------------+
; Data Port          ; Clock Port ; Rise  ; Fall  ; Clock Edge ; Clock Reference ;
+--------------------+------------+-------+-------+------------+-----------------+
; clave_out[*]       ; clk        ; 3.663 ; 3.725 ; Rise       ; clk             ;
;  clave_out[0]      ; clk        ; 3.663 ; 3.710 ; Rise       ; clk             ;
;  clave_out[1]      ; clk        ; 3.353 ; 3.411 ; Rise       ; clk             ;
;  clave_out[2]      ; clk        ; 3.208 ; 3.251 ; Rise       ; clk             ;
;  clave_out[3]      ; clk        ; 3.646 ; 3.725 ; Rise       ; clk             ;
;  clave_out[4]      ; clk        ; 3.217 ; 3.268 ; Rise       ; clk             ;
;  clave_out[5]      ; clk        ; 3.550 ; 3.598 ; Rise       ; clk             ;
;  clave_out[6]      ; clk        ; 3.358 ; 3.418 ; Rise       ; clk             ;
;  clave_out[7]      ; clk        ; 3.416 ; 3.461 ; Rise       ; clk             ;
;  clave_out[8]      ; clk        ; 3.490 ; 3.574 ; Rise       ; clk             ;
;  clave_out[9]      ; clk        ; 3.198 ; 3.239 ; Rise       ; clk             ;
;  clave_out[10]     ; clk        ; 3.446 ; 3.537 ; Rise       ; clk             ;
;  clave_out[11]     ; clk        ; 3.142 ; 3.179 ; Rise       ; clk             ;
;  clave_out[12]     ; clk        ; 3.198 ; 3.240 ; Rise       ; clk             ;
;  clave_out[13]     ; clk        ; 3.422 ; 3.518 ; Rise       ; clk             ;
;  clave_out[14]     ; clk        ; 3.203 ; 3.248 ; Rise       ; clk             ;
;  clave_out[15]     ; clk        ; 3.382 ; 3.446 ; Rise       ; clk             ;
; completo           ; clk        ; 3.824 ; 3.873 ; Rise       ; clk             ;
; cuenta_digitos[*]  ; clk        ; 4.264 ; 4.418 ; Rise       ; clk             ;
;  cuenta_digitos[0] ; clk        ; 3.218 ; 3.262 ; Rise       ; clk             ;
;  cuenta_digitos[1] ; clk        ; 4.264 ; 4.418 ; Rise       ; clk             ;
;  cuenta_digitos[2] ; clk        ; 3.222 ; 3.276 ; Rise       ; clk             ;
; hex0_out[*]        ; clk        ; 3.626 ; 3.704 ; Rise       ; clk             ;
;  hex0_out[0]       ; clk        ; 3.545 ; 3.628 ; Rise       ; clk             ;
;  hex0_out[1]       ; clk        ; 3.363 ; 3.421 ; Rise       ; clk             ;
;  hex0_out[2]       ; clk        ; 3.209 ; 3.252 ; Rise       ; clk             ;
;  hex0_out[3]       ; clk        ; 3.626 ; 3.704 ; Rise       ; clk             ;
; hex1_out[*]        ; clk        ; 3.416 ; 3.496 ; Rise       ; clk             ;
;  hex1_out[0]       ; clk        ; 3.230 ; 3.276 ; Rise       ; clk             ;
;  hex1_out[1]       ; clk        ; 3.412 ; 3.496 ; Rise       ; clk             ;
;  hex1_out[2]       ; clk        ; 3.318 ; 3.378 ; Rise       ; clk             ;
;  hex1_out[3]       ; clk        ; 3.416 ; 3.461 ; Rise       ; clk             ;
; hex2_out[*]        ; clk        ; 3.490 ; 3.574 ; Rise       ; clk             ;
;  hex2_out[0]       ; clk        ; 3.490 ; 3.574 ; Rise       ; clk             ;
;  hex2_out[1]       ; clk        ; 3.238 ; 3.279 ; Rise       ; clk             ;
;  hex2_out[2]       ; clk        ; 3.456 ; 3.547 ; Rise       ; clk             ;
;  hex2_out[3]       ; clk        ; 3.243 ; 3.289 ; Rise       ; clk             ;
; hex3_out[*]        ; clk        ; 3.382 ; 3.446 ; Rise       ; clk             ;
;  hex3_out[0]       ; clk        ; 3.198 ; 3.240 ; Rise       ; clk             ;
;  hex3_out[1]       ; clk        ; 3.331 ; 3.409 ; Rise       ; clk             ;
;  hex3_out[2]       ; clk        ; 3.213 ; 3.258 ; Rise       ; clk             ;
;  hex3_out[3]       ; clk        ; 3.382 ; 3.446 ; Rise       ; clk             ;
+--------------------+------------+-------+-------+------------+-----------------+


+--------------------------------------------------------------------------------+
; Minimum Clock to Output Times                                                  ;
+--------------------+------------+-------+-------+------------+-----------------+
; Data Port          ; Clock Port ; Rise  ; Fall  ; Clock Edge ; Clock Reference ;
+--------------------+------------+-------+-------+------------+-----------------+
; clave_out[*]       ; clk        ; 3.082 ; 3.117 ; Rise       ; clk             ;
;  clave_out[0]      ; clk        ; 3.587 ; 3.632 ; Rise       ; clk             ;
;  clave_out[1]      ; clk        ; 3.283 ; 3.338 ; Rise       ; clk             ;
;  clave_out[2]      ; clk        ; 3.143 ; 3.184 ; Rise       ; clk             ;
;  clave_out[3]      ; clk        ; 3.564 ; 3.639 ; Rise       ; clk             ;
;  clave_out[4]      ; clk        ; 3.152 ; 3.201 ; Rise       ; clk             ;
;  clave_out[5]      ; clk        ; 3.480 ; 3.525 ; Rise       ; clk             ;
;  clave_out[6]      ; clk        ; 3.289 ; 3.346 ; Rise       ; clk             ;
;  clave_out[7]      ; clk        ; 3.342 ; 3.385 ; Rise       ; clk             ;
;  clave_out[8]      ; clk        ; 3.415 ; 3.495 ; Rise       ; clk             ;
;  clave_out[9]      ; clk        ; 3.133 ; 3.172 ; Rise       ; clk             ;
;  clave_out[10]     ; clk        ; 3.372 ; 3.460 ; Rise       ; clk             ;
;  clave_out[11]     ; clk        ; 3.082 ; 3.117 ; Rise       ; clk             ;
;  clave_out[12]     ; clk        ; 3.134 ; 3.174 ; Rise       ; clk             ;
;  clave_out[13]     ; clk        ; 3.348 ; 3.441 ; Rise       ; clk             ;
;  clave_out[14]     ; clk        ; 3.139 ; 3.181 ; Rise       ; clk             ;
;  clave_out[15]     ; clk        ; 3.311 ; 3.372 ; Rise       ; clk             ;
; completo           ; clk        ; 3.690 ; 3.650 ; Rise       ; clk             ;
; cuenta_digitos[*]  ; clk        ; 3.153 ; 3.195 ; Rise       ; clk             ;
;  cuenta_digitos[0] ; clk        ; 3.153 ; 3.195 ; Rise       ; clk             ;
;  cuenta_digitos[1] ; clk        ; 4.195 ; 4.346 ; Rise       ; clk             ;
;  cuenta_digitos[2] ; clk        ; 3.157 ; 3.208 ; Rise       ; clk             ;
; hex0_out[*]        ; clk        ; 3.144 ; 3.185 ; Rise       ; clk             ;
;  hex0_out[0]       ; clk        ; 3.469 ; 3.550 ; Rise       ; clk             ;
;  hex0_out[1]       ; clk        ; 3.293 ; 3.348 ; Rise       ; clk             ;
;  hex0_out[2]       ; clk        ; 3.144 ; 3.185 ; Rise       ; clk             ;
;  hex0_out[3]       ; clk        ; 3.544 ; 3.618 ; Rise       ; clk             ;
; hex1_out[*]        ; clk        ; 3.165 ; 3.209 ; Rise       ; clk             ;
;  hex1_out[0]       ; clk        ; 3.165 ; 3.209 ; Rise       ; clk             ;
;  hex1_out[1]       ; clk        ; 3.342 ; 3.423 ; Rise       ; clk             ;
;  hex1_out[2]       ; clk        ; 3.249 ; 3.306 ; Rise       ; clk             ;
;  hex1_out[3]       ; clk        ; 3.342 ; 3.385 ; Rise       ; clk             ;
; hex2_out[*]        ; clk        ; 3.173 ; 3.212 ; Rise       ; clk             ;
;  hex2_out[0]       ; clk        ; 3.415 ; 3.495 ; Rise       ; clk             ;
;  hex2_out[1]       ; clk        ; 3.173 ; 3.212 ; Rise       ; clk             ;
;  hex2_out[2]       ; clk        ; 3.382 ; 3.470 ; Rise       ; clk             ;
;  hex2_out[3]       ; clk        ; 3.179 ; 3.223 ; Rise       ; clk             ;
; hex3_out[*]        ; clk        ; 3.134 ; 3.174 ; Rise       ; clk             ;
;  hex3_out[0]       ; clk        ; 3.134 ; 3.174 ; Rise       ; clk             ;
;  hex3_out[1]       ; clk        ; 3.261 ; 3.336 ; Rise       ; clk             ;
;  hex3_out[2]       ; clk        ; 3.149 ; 3.191 ; Rise       ; clk             ;
;  hex3_out[3]       ; clk        ; 3.311 ; 3.372 ; Rise       ; clk             ;
+--------------------+------------+-------+-------+------------+-----------------+


---------------------------------------------
; Fast 1200mV 0C Model Metastability Report ;
---------------------------------------------
No synchronizer chains to report.


+------------------------------------------------------------------------------+
; Multicorner Timing Analysis Summary                                          ;
+------------------+--------+-------+----------+---------+---------------------+
; Clock            ; Setup  ; Hold  ; Recovery ; Removal ; Minimum Pulse Width ;
+------------------+--------+-------+----------+---------+---------------------+
; Worst-case Slack ; -0.693 ; 0.188 ; N/A      ; N/A     ; -3.000              ;
;  clk             ; -0.693 ; 0.188 ; N/A      ; N/A     ; -3.000              ;
; Design-wide TNS  ; -9.323 ; 0.0   ; 0.0      ; 0.0     ; -23.151             ;
;  clk             ; -9.323 ; 0.000 ; N/A      ; N/A     ; -23.151             ;
+------------------+--------+-------+----------+---------+---------------------+


+---------------------------------------------------------------------------+
; Setup Times                                                               ;
+---------------+------------+-------+-------+------------+-----------------+
; Data Port     ; Clock Port ; Rise  ; Fall  ; Clock Edge ; Clock Reference ;
+---------------+------------+-------+-------+------------+-----------------+
; cargar_digito ; clk        ; 2.528 ; 2.956 ; Rise       ; clk             ;
; digito_in[*]  ; clk        ; 1.437 ; 1.874 ; Rise       ; clk             ;
;  digito_in[0] ; clk        ; 1.033 ; 1.471 ; Rise       ; clk             ;
;  digito_in[1] ; clk        ; 1.393 ; 1.831 ; Rise       ; clk             ;
;  digito_in[2] ; clk        ; 1.437 ; 1.874 ; Rise       ; clk             ;
;  digito_in[3] ; clk        ; 1.003 ; 1.414 ; Rise       ; clk             ;
; limpiar       ; clk        ; 2.465 ; 2.918 ; Rise       ; clk             ;
+---------------+------------+-------+-------+------------+-----------------+


+-----------------------------------------------------------------------------+
; Hold Times                                                                  ;
+---------------+------------+--------+--------+------------+-----------------+
; Data Port     ; Clock Port ; Rise   ; Fall   ; Clock Edge ; Clock Reference ;
+---------------+------------+--------+--------+------------+-----------------+
; cargar_digito ; clk        ; -0.648 ; -1.237 ; Rise       ; clk             ;
; digito_in[*]  ; clk        ; -0.347 ; -0.801 ; Rise       ; clk             ;
;  digito_in[0] ; clk        ; -0.347 ; -0.838 ; Rise       ; clk             ;
;  digito_in[1] ; clk        ; -0.555 ; -1.125 ; Rise       ; clk             ;
;  digito_in[2] ; clk        ; -0.576 ; -1.150 ; Rise       ; clk             ;
;  digito_in[3] ; clk        ; -0.352 ; -0.801 ; Rise       ; clk             ;
; limpiar       ; clk        ; -0.393 ; -0.880 ; Rise       ; clk             ;
+---------------+------------+--------+--------+------------+-----------------+


+--------------------------------------------------------------------------------+
; Clock to Output Times                                                          ;
+--------------------+------------+-------+-------+------------+-----------------+
; Data Port          ; Clock Port ; Rise  ; Fall  ; Clock Edge ; Clock Reference ;
+--------------------+------------+-------+-------+------------+-----------------+
; clave_out[*]       ; clk        ; 6.222 ; 6.181 ; Rise       ; clk             ;
;  clave_out[0]      ; clk        ; 6.065 ; 6.089 ; Rise       ; clk             ;
;  clave_out[1]      ; clk        ; 5.671 ; 5.651 ; Rise       ; clk             ;
;  clave_out[2]      ; clk        ; 5.429 ; 5.387 ; Rise       ; clk             ;
;  clave_out[3]      ; clk        ; 6.222 ; 6.181 ; Rise       ; clk             ;
;  clave_out[4]      ; clk        ; 5.451 ; 5.428 ; Rise       ; clk             ;
;  clave_out[5]      ; clk        ; 5.883 ; 5.880 ; Rise       ; clk             ;
;  clave_out[6]      ; clk        ; 5.674 ; 5.647 ; Rise       ; clk             ;
;  clave_out[7]      ; clk        ; 5.806 ; 5.768 ; Rise       ; clk             ;
;  clave_out[8]      ; clk        ; 5.915 ; 5.873 ; Rise       ; clk             ;
;  clave_out[9]      ; clk        ; 5.413 ; 5.376 ; Rise       ; clk             ;
;  clave_out[10]     ; clk        ; 5.816 ; 5.842 ; Rise       ; clk             ;
;  clave_out[11]     ; clk        ; 5.271 ; 5.249 ; Rise       ; clk             ;
;  clave_out[12]     ; clk        ; 5.412 ; 5.373 ; Rise       ; clk             ;
;  clave_out[13]     ; clk        ; 5.794 ; 5.821 ; Rise       ; clk             ;
;  clave_out[14]     ; clk        ; 5.426 ; 5.384 ; Rise       ; clk             ;
;  clave_out[15]     ; clk        ; 5.726 ; 5.705 ; Rise       ; clk             ;
; completo           ; clk        ; 6.471 ; 6.442 ; Rise       ; clk             ;
; cuenta_digitos[*]  ; clk        ; 6.944 ; 7.036 ; Rise       ; clk             ;
;  cuenta_digitos[0] ; clk        ; 5.440 ; 5.420 ; Rise       ; clk             ;
;  cuenta_digitos[1] ; clk        ; 6.944 ; 7.036 ; Rise       ; clk             ;
;  cuenta_digitos[2] ; clk        ; 5.457 ; 5.427 ; Rise       ; clk             ;
; hex0_out[*]        ; clk        ; 6.201 ; 6.158 ; Rise       ; clk             ;
;  hex0_out[0]       ; clk        ; 5.976 ; 5.970 ; Rise       ; clk             ;
;  hex0_out[1]       ; clk        ; 5.681 ; 5.661 ; Rise       ; clk             ;
;  hex0_out[2]       ; clk        ; 5.427 ; 5.389 ; Rise       ; clk             ;
;  hex0_out[3]       ; clk        ; 6.201 ; 6.158 ; Rise       ; clk             ;
; hex1_out[*]        ; clk        ; 5.806 ; 5.768 ; Rise       ; clk             ;
;  hex1_out[0]       ; clk        ; 5.448 ; 5.430 ; Rise       ; clk             ;
;  hex1_out[1]       ; clk        ; 5.774 ; 5.741 ; Rise       ; clk             ;
;  hex1_out[2]       ; clk        ; 5.634 ; 5.607 ; Rise       ; clk             ;
;  hex1_out[3]       ; clk        ; 5.806 ; 5.768 ; Rise       ; clk             ;
; hex2_out[*]        ; clk        ; 5.915 ; 5.873 ; Rise       ; clk             ;
;  hex2_out[0]       ; clk        ; 5.915 ; 5.873 ; Rise       ; clk             ;
;  hex2_out[1]       ; clk        ; 5.453 ; 5.416 ; Rise       ; clk             ;
;  hex2_out[2]       ; clk        ; 5.826 ; 5.852 ; Rise       ; clk             ;
;  hex2_out[3]       ; clk        ; 5.448 ; 5.423 ; Rise       ; clk             ;
; hex3_out[*]        ; clk        ; 5.726 ; 5.705 ; Rise       ; clk             ;
;  hex3_out[0]       ; clk        ; 5.412 ; 5.373 ; Rise       ; clk             ;
;  hex3_out[1]       ; clk        ; 5.643 ; 5.623 ; Rise       ; clk             ;
;  hex3_out[2]       ; clk        ; 5.436 ; 5.394 ; Rise       ; clk             ;
;  hex3_out[3]       ; clk        ; 5.726 ; 5.705 ; Rise       ; clk             ;
+--------------------+------------+-------+-------+------------+-----------------+


+--------------------------------------------------------------------------------+
; Minimum Clock to Output Times                                                  ;
+--------------------+------------+-------+-------+------------+-----------------+
; Data Port          ; Clock Port ; Rise  ; Fall  ; Clock Edge ; Clock Reference ;
+--------------------+------------+-------+-------+------------+-----------------+
; clave_out[*]       ; clk        ; 3.082 ; 3.117 ; Rise       ; clk             ;
;  clave_out[0]      ; clk        ; 3.587 ; 3.632 ; Rise       ; clk             ;
;  clave_out[1]      ; clk        ; 3.283 ; 3.338 ; Rise       ; clk             ;
;  clave_out[2]      ; clk        ; 3.143 ; 3.184 ; Rise       ; clk             ;
;  clave_out[3]      ; clk        ; 3.564 ; 3.639 ; Rise       ; clk             ;
;  clave_out[4]      ; clk        ; 3.152 ; 3.201 ; Rise       ; clk             ;
;  clave_out[5]      ; clk        ; 3.480 ; 3.525 ; Rise       ; clk             ;
;  clave_out[6]      ; clk        ; 3.289 ; 3.346 ; Rise       ; clk             ;
;  clave_out[7]      ; clk        ; 3.342 ; 3.385 ; Rise       ; clk             ;
;  clave_out[8]      ; clk        ; 3.415 ; 3.495 ; Rise       ; clk             ;
;  clave_out[9]      ; clk        ; 3.133 ; 3.172 ; Rise       ; clk             ;
;  clave_out[10]     ; clk        ; 3.372 ; 3.460 ; Rise       ; clk             ;
;  clave_out[11]     ; clk        ; 3.082 ; 3.117 ; Rise       ; clk             ;
;  clave_out[12]     ; clk        ; 3.134 ; 3.174 ; Rise       ; clk             ;
;  clave_out[13]     ; clk        ; 3.348 ; 3.441 ; Rise       ; clk             ;
;  clave_out[14]     ; clk        ; 3.139 ; 3.181 ; Rise       ; clk             ;
;  clave_out[15]     ; clk        ; 3.311 ; 3.372 ; Rise       ; clk             ;
; completo           ; clk        ; 3.690 ; 3.650 ; Rise       ; clk             ;
; cuenta_digitos[*]  ; clk        ; 3.153 ; 3.195 ; Rise       ; clk             ;
;  cuenta_digitos[0] ; clk        ; 3.153 ; 3.195 ; Rise       ; clk             ;
;  cuenta_digitos[1] ; clk        ; 4.195 ; 4.346 ; Rise       ; clk             ;
;  cuenta_digitos[2] ; clk        ; 3.157 ; 3.208 ; Rise       ; clk             ;
; hex0_out[*]        ; clk        ; 3.144 ; 3.185 ; Rise       ; clk             ;
;  hex0_out[0]       ; clk        ; 3.469 ; 3.550 ; Rise       ; clk             ;
;  hex0_out[1]       ; clk        ; 3.293 ; 3.348 ; Rise       ; clk             ;
;  hex0_out[2]       ; clk        ; 3.144 ; 3.185 ; Rise       ; clk             ;
;  hex0_out[3]       ; clk        ; 3.544 ; 3.618 ; Rise       ; clk             ;
; hex1_out[*]        ; clk        ; 3.165 ; 3.209 ; Rise       ; clk             ;
;  hex1_out[0]       ; clk        ; 3.165 ; 3.209 ; Rise       ; clk             ;
;  hex1_out[1]       ; clk        ; 3.342 ; 3.423 ; Rise       ; clk             ;
;  hex1_out[2]       ; clk        ; 3.249 ; 3.306 ; Rise       ; clk             ;
;  hex1_out[3]       ; clk        ; 3.342 ; 3.385 ; Rise       ; clk             ;
; hex2_out[*]        ; clk        ; 3.173 ; 3.212 ; Rise       ; clk             ;
;  hex2_out[0]       ; clk        ; 3.415 ; 3.495 ; Rise       ; clk             ;
;  hex2_out[1]       ; clk        ; 3.173 ; 3.212 ; Rise       ; clk             ;
;  hex2_out[2]       ; clk        ; 3.382 ; 3.470 ; Rise       ; clk             ;
;  hex2_out[3]       ; clk        ; 3.179 ; 3.223 ; Rise       ; clk             ;
; hex3_out[*]        ; clk        ; 3.134 ; 3.174 ; Rise       ; clk             ;
;  hex3_out[0]       ; clk        ; 3.134 ; 3.174 ; Rise       ; clk             ;
;  hex3_out[1]       ; clk        ; 3.261 ; 3.336 ; Rise       ; clk             ;
;  hex3_out[2]       ; clk        ; 3.149 ; 3.191 ; Rise       ; clk             ;
;  hex3_out[3]       ; clk        ; 3.311 ; 3.372 ; Rise       ; clk             ;
+--------------------+------------+-------+-------+------------+-----------------+


+----------------------------------------------------------------------------------------------------------------------------------------------------------------------------------------------------------------------------------------------------------------------------------------------------------------------------------------------------------------------------------------------------------------------+
; Board Trace Model Assignments                                                                                                                                                                                                                                                                                                                                                                                        ;
+-------------------+--------------+-------------------+-------------------------+-------------------------+---------------+---------------------+----------------+------------------+--------+------------------+------------------------+------------------------+--------------+---------------+-----------------+-------+---------------------+--------------------+---------------+-----------------+-------------+
; Pin               ; I/O Standard ; Near Tline Length ; Near Tline L per Length ; Near Tline C per Length ; Near Series R ; Near Differential R ; Near Pull-up R ; Near Pull-down R ; Near C ; Far Tline Length ; Far Tline L per Length ; Far Tline C per Length ; Far Series R ; Far Pull-up R ; Far Pull-down R ; Far C ; Termination Voltage ; Far Differential R ; EBD File Name ; EBD Signal Name ; EBD Far-end ;
+-------------------+--------------+-------------------+-------------------------+-------------------------+---------------+---------------------+----------------+------------------+--------+------------------+------------------------+------------------------+--------------+---------------+-----------------+-------+---------------------+--------------------+---------------+-----------------+-------------+
; hex0_out[0]       ; 2.5 V        ; 0 in              ; 0 H/in                  ; 0 F/in                  ; short         ; -                   ; open           ; open             ; open   ; 0 in             ; 0 H/in                 ; 0 F/in                 ; short        ; open          ; open            ; open  ; 0 V                 ; -                  ; n/a           ; n/a             ; n/a         ;
; hex0_out[1]       ; 2.5 V        ; 0 in              ; 0 H/in                  ; 0 F/in                  ; short         ; -                   ; open           ; open             ; open   ; 0 in             ; 0 H/in                 ; 0 F/in                 ; short        ; open          ; open            ; open  ; 0 V                 ; -                  ; n/a           ; n/a             ; n/a         ;
; hex0_out[2]       ; 2.5 V        ; 0 in              ; 0 H/in                  ; 0 F/in                  ; short         ; -                   ; open           ; open             ; open   ; 0 in             ; 0 H/in                 ; 0 F/in                 ; short        ; open          ; open            ; open  ; 0 V                 ; -                  ; n/a           ; n/a             ; n/a         ;
; hex0_out[3]       ; 2.5 V        ; 0 in              ; 0 H/in                  ; 0 F/in                  ; short         ; -                   ; open           ; open             ; open   ; 0 in             ; 0 H/in                 ; 0 F/in                 ; short        ; open          ; open            ; open  ; 0 V                 ; -                  ; n/a           ; n/a             ; n/a         ;
; hex1_out[0]       ; 2.5 V        ; 0 in              ; 0 H/in                  ; 0 F/in                  ; short         ; -                   ; open           ; open             ; open   ; 0 in             ; 0 H/in                 ; 0 F/in                 ; short        ; open          ; open            ; open  ; 0 V                 ; -                  ; n/a           ; n/a             ; n/a         ;
; hex1_out[1]       ; 2.5 V        ; 0 in              ; 0 H/in                  ; 0 F/in                  ; short         ; -                   ; open           ; open             ; open   ; 0 in             ; 0 H/in                 ; 0 F/in                 ; short        ; open          ; open            ; open  ; 0 V                 ; -                  ; n/a           ; n/a             ; n/a         ;
; hex1_out[2]       ; 2.5 V        ; 0 in              ; 0 H/in                  ; 0 F/in                  ; short         ; -                   ; open           ; open             ; open   ; 0 in             ; 0 H/in                 ; 0 F/in                 ; short        ; open          ; open            ; open  ; 0 V                 ; -                  ; n/a           ; n/a             ; n/a         ;
; hex1_out[3]       ; 2.5 V        ; 0 in              ; 0 H/in                  ; 0 F/in                  ; short         ; -                   ; open           ; open             ; open   ; 0 in             ; 0 H/in                 ; 0 F/in                 ; short        ; open          ; open            ; open  ; 0 V                 ; -                  ; n/a           ; n/a             ; n/a         ;
; hex2_out[0]       ; 2.5 V        ; 0 in              ; 0 H/in                  ; 0 F/in                  ; short         ; -                   ; open           ; open             ; open   ; 0 in             ; 0 H/in                 ; 0 F/in                 ; short        ; open          ; open            ; open  ; 0 V                 ; -                  ; n/a           ; n/a             ; n/a         ;
; hex2_out[1]       ; 2.5 V        ; 0 in              ; 0 H/in                  ; 0 F/in                  ; short         ; -                   ; open           ; open             ; open   ; 0 in             ; 0 H/in                 ; 0 F/in                 ; short        ; open          ; open            ; open  ; 0 V                 ; -                  ; n/a           ; n/a             ; n/a         ;
; hex2_out[2]       ; 2.5 V        ; 0 in              ; 0 H/in                  ; 0 F/in                  ; short         ; -                   ; open           ; open             ; open   ; 0 in             ; 0 H/in                 ; 0 F/in                 ; short        ; open          ; open            ; open  ; 0 V                 ; -                  ; n/a           ; n/a             ; n/a         ;
; hex2_out[3]       ; 2.5 V        ; 0 in              ; 0 H/in                  ; 0 F/in                  ; short         ; -                   ; open           ; open             ; open   ; 0 in             ; 0 H/in                 ; 0 F/in                 ; short        ; open          ; open            ; open  ; 0 V                 ; -                  ; n/a           ; n/a             ; n/a         ;
; hex3_out[0]       ; 2.5 V        ; 0 in              ; 0 H/in                  ; 0 F/in                  ; short         ; -                   ; open           ; open             ; open   ; 0 in             ; 0 H/in                 ; 0 F/in                 ; short        ; open          ; open            ; open  ; 0 V                 ; -                  ; n/a           ; n/a             ; n/a         ;
; hex3_out[1]       ; 2.5 V        ; 0 in              ; 0 H/in                  ; 0 F/in                  ; short         ; -                   ; open           ; open             ; open   ; 0 in             ; 0 H/in                 ; 0 F/in                 ; short        ; open          ; open            ; open  ; 0 V                 ; -                  ; n/a           ; n/a             ; n/a         ;
; hex3_out[2]       ; 2.5 V        ; 0 in              ; 0 H/in                  ; 0 F/in                  ; short         ; -                   ; open           ; open             ; open   ; 0 in             ; 0 H/in                 ; 0 F/in                 ; short        ; open          ; open            ; open  ; 0 V                 ; -                  ; n/a           ; n/a             ; n/a         ;
; hex3_out[3]       ; 2.5 V        ; 0 in              ; 0 H/in                  ; 0 F/in                  ; short         ; -                   ; open           ; open             ; open   ; 0 in             ; 0 H/in                 ; 0 F/in                 ; short        ; open          ; open            ; open  ; 0 V                 ; -                  ; n/a           ; n/a             ; n/a         ;
; clave_out[0]      ; 2.5 V        ; 0 in              ; 0 H/in                  ; 0 F/in                  ; short         ; -                   ; open           ; open             ; open   ; 0 in             ; 0 H/in                 ; 0 F/in                 ; short        ; open          ; open            ; open  ; 0 V                 ; -                  ; n/a           ; n/a             ; n/a         ;
; clave_out[1]      ; 2.5 V        ; 0 in              ; 0 H/in                  ; 0 F/in                  ; short         ; -                   ; open           ; open             ; open   ; 0 in             ; 0 H/in                 ; 0 F/in                 ; short        ; open          ; open            ; open  ; 0 V                 ; -                  ; n/a           ; n/a             ; n/a         ;
; clave_out[2]      ; 2.5 V        ; 0 in              ; 0 H/in                  ; 0 F/in                  ; short         ; -                   ; open           ; open             ; open   ; 0 in             ; 0 H/in                 ; 0 F/in                 ; short        ; open          ; open            ; open  ; 0 V                 ; -                  ; n/a           ; n/a             ; n/a         ;
; clave_out[3]      ; 2.5 V        ; 0 in              ; 0 H/in                  ; 0 F/in                  ; short         ; -                   ; open           ; open             ; open   ; 0 in             ; 0 H/in                 ; 0 F/in                 ; short        ; open          ; open            ; open  ; 0 V                 ; -                  ; n/a           ; n/a             ; n/a         ;
; clave_out[4]      ; 2.5 V        ; 0 in              ; 0 H/in                  ; 0 F/in                  ; short         ; -                   ; open           ; open             ; open   ; 0 in             ; 0 H/in                 ; 0 F/in                 ; short        ; open          ; open            ; open  ; 0 V                 ; -                  ; n/a           ; n/a             ; n/a         ;
; clave_out[5]      ; 2.5 V        ; 0 in              ; 0 H/in                  ; 0 F/in                  ; short         ; -                   ; open           ; open             ; open   ; 0 in             ; 0 H/in                 ; 0 F/in                 ; short        ; open          ; open            ; open  ; 0 V                 ; -                  ; n/a           ; n/a             ; n/a         ;
; clave_out[6]      ; 2.5 V        ; 0 in              ; 0 H/in                  ; 0 F/in                  ; short         ; -                   ; open           ; open             ; open   ; 0 in             ; 0 H/in                 ; 0 F/in                 ; short        ; open          ; open            ; open  ; 0 V                 ; -                  ; n/a           ; n/a             ; n/a         ;
; clave_out[7]      ; 2.5 V        ; 0 in              ; 0 H/in                  ; 0 F/in                  ; short         ; -                   ; open           ; open             ; open   ; 0 in             ; 0 H/in                 ; 0 F/in                 ; short        ; open          ; open            ; open  ; 0 V                 ; -                  ; n/a           ; n/a             ; n/a         ;
; clave_out[8]      ; 2.5 V        ; 0 in              ; 0 H/in                  ; 0 F/in                  ; short         ; -                   ; open           ; open             ; open   ; 0 in             ; 0 H/in                 ; 0 F/in                 ; short        ; open          ; open            ; open  ; 0 V                 ; -                  ; n/a           ; n/a             ; n/a         ;
; clave_out[9]      ; 2.5 V        ; 0 in              ; 0 H/in                  ; 0 F/in                  ; short         ; -                   ; open           ; open             ; open   ; 0 in             ; 0 H/in                 ; 0 F/in                 ; short        ; open          ; open            ; open  ; 0 V                 ; -                  ; n/a           ; n/a             ; n/a         ;
; clave_out[10]     ; 2.5 V        ; 0 in              ; 0 H/in                  ; 0 F/in                  ; short         ; -                   ; open           ; open             ; open   ; 0 in             ; 0 H/in                 ; 0 F/in                 ; short        ; open          ; open            ; open  ; 0 V                 ; -                  ; n/a           ; n/a             ; n/a         ;
; clave_out[11]     ; 2.5 V        ; 0 in              ; 0 H/in                  ; 0 F/in                  ; short         ; -                   ; open           ; open             ; open   ; 0 in             ; 0 H/in                 ; 0 F/in                 ; short        ; open          ; open            ; open  ; 0 V                 ; -                  ; n/a           ; n/a             ; n/a         ;
; clave_out[12]     ; 2.5 V        ; 0 in              ; 0 H/in                  ; 0 F/in                  ; short         ; -                   ; open           ; open             ; open   ; 0 in             ; 0 H/in                 ; 0 F/in                 ; short        ; open          ; open            ; open  ; 0 V                 ; -                  ; n/a           ; n/a             ; n/a         ;
; clave_out[13]     ; 2.5 V        ; 0 in              ; 0 H/in                  ; 0 F/in                  ; short         ; -                   ; open           ; open             ; open   ; 0 in             ; 0 H/in                 ; 0 F/in                 ; short        ; open          ; open            ; open  ; 0 V                 ; -                  ; n/a           ; n/a             ; n/a         ;
; clave_out[14]     ; 2.5 V        ; 0 in              ; 0 H/in                  ; 0 F/in                  ; short         ; -                   ; open           ; open             ; open   ; 0 in             ; 0 H/in                 ; 0 F/in                 ; short        ; open          ; open            ; open  ; 0 V                 ; -                  ; n/a           ; n/a             ; n/a         ;
; clave_out[15]     ; 2.5 V        ; 0 in              ; 0 H/in                  ; 0 F/in                  ; short         ; -                   ; open           ; open             ; open   ; 0 in             ; 0 H/in                 ; 0 F/in                 ; short        ; open          ; open            ; open  ; 0 V                 ; -                  ; n/a           ; n/a             ; n/a         ;
; cuenta_digitos[0] ; 2.5 V        ; 0 in              ; 0 H/in                  ; 0 F/in                  ; short         ; -                   ; open           ; open             ; open   ; 0 in             ; 0 H/in                 ; 0 F/in                 ; short        ; open          ; open            ; open  ; 0 V                 ; -                  ; n/a           ; n/a             ; n/a         ;
; cuenta_digitos[1] ; 2.5 V        ; 0 in              ; 0 H/in                  ; 0 F/in                  ; short         ; -                   ; open           ; open             ; open   ; 0 in             ; 0 H/in                 ; 0 F/in                 ; short        ; open          ; open            ; open  ; 0 V                 ; -                  ; n/a           ; n/a             ; n/a         ;
; cuenta_digitos[2] ; 2.5 V        ; 0 in              ; 0 H/in                  ; 0 F/in                  ; short         ; -                   ; open           ; open             ; open   ; 0 in             ; 0 H/in                 ; 0 F/in                 ; short        ; open          ; open            ; open  ; 0 V                 ; -                  ; n/a           ; n/a             ; n/a         ;
; completo          ; 2.5 V        ; 0 in              ; 0 H/in                  ; 0 F/in                  ; short         ; -                   ; open           ; open             ; open   ; 0 in             ; 0 H/in                 ; 0 F/in                 ; short        ; open          ; open            ; open  ; 0 V                 ; -                  ; n/a           ; n/a             ; n/a         ;
; ~ALTERA_DCLK~     ; 2.5 V        ; 0 in              ; 0 H/in                  ; 0 F/in                  ; short         ; -                   ; open           ; open             ; open   ; 0 in             ; 0 H/in                 ; 0 F/in                 ; short        ; open          ; open            ; open  ; 0 V                 ; -                  ; n/a           ; n/a             ; n/a         ;
; ~ALTERA_nCEO~     ; 2.5 V        ; 0 in              ; 0 H/in                  ; 0 F/in                  ; short         ; -                   ; open           ; open             ; open   ; 0 in             ; 0 H/in                 ; 0 F/in                 ; short        ; open          ; open            ; open  ; 0 V                 ; -                  ; n/a           ; n/a             ; n/a         ;
+-------------------+--------------+-------------------+-------------------------+-------------------------+---------------+---------------------+----------------+------------------+--------+------------------+------------------------+------------------------+--------------+---------------+-----------------+-------+---------------------+--------------------+---------------+-----------------+-------------+


+----------------------------------------------------------------------------+
; Input Transition Times                                                     ;
+-------------------------+--------------+-----------------+-----------------+
; Pin                     ; I/O Standard ; 10-90 Rise Time ; 90-10 Fall Time ;
+-------------------------+--------------+-----------------+-----------------+
; digito_in[0]            ; 2.5 V        ; 2000 ps         ; 2000 ps         ;
; limpiar                 ; 2.5 V        ; 2000 ps         ; 2000 ps         ;
; clk                     ; 2.5 V        ; 2000 ps         ; 2000 ps         ;
; rst                     ; 2.5 V        ; 2000 ps         ; 2000 ps         ;
; cargar_digito           ; 2.5 V        ; 2000 ps         ; 2000 ps         ;
; digito_in[1]            ; 2.5 V        ; 2000 ps         ; 2000 ps         ;
; digito_in[2]            ; 2.5 V        ; 2000 ps         ; 2000 ps         ;
; digito_in[3]            ; 2.5 V        ; 2000 ps         ; 2000 ps         ;
; ~ALTERA_ASDO_DATA1~     ; 2.5 V        ; 2000 ps         ; 2000 ps         ;
; ~ALTERA_FLASH_nCE_nCSO~ ; 2.5 V        ; 2000 ps         ; 2000 ps         ;
; ~ALTERA_DATA0~          ; 2.5 V        ; 2000 ps         ; 2000 ps         ;
+-------------------------+--------------+-----------------+-----------------+


+------------------------------------------------------------------------------------------------------------------------------------------------------------------------------------------------------------------------------------------------------------------------------------------------------------------------------------------------------------------------------------------------------------------------------------------------------------------------------------------------------------------------------------------------------------------------------------------------------------------------------------------------------------------------------------------------+
; Slow Corner Signal Integrity Metrics                                                                                                                                                                                                                                                                                                                                                                                                                                                                                                                                                                                                                                                           ;
+-------------------+--------------+---------------------+---------------------+------------------------------+------------------------------+---------------------+---------------------+--------------------------------------+--------------------------------------+-----------------------------+-----------------------------+----------------------------+----------------------------+-----------------------------+-----------------------------+--------------------+--------------------+-------------------------------------+-------------------------------------+----------------------------+----------------------------+---------------------------+---------------------------+
; Pin               ; I/O Standard ; Board Delay on Rise ; Board Delay on Fall ; Steady State Voh at FPGA Pin ; Steady State Vol at FPGA Pin ; Voh Max at FPGA Pin ; Vol Min at FPGA Pin ; Ringback Voltage on Rise at FPGA Pin ; Ringback Voltage on Fall at FPGA Pin ; 10-90 Rise Time at FPGA Pin ; 90-10 Fall Time at FPGA Pin ; Monotonic Rise at FPGA Pin ; Monotonic Fall at FPGA Pin ; Steady State Voh at Far-end ; Steady State Vol at Far-end ; Voh Max at Far-end ; Vol Min at Far-end ; Ringback Voltage on Rise at Far-end ; Ringback Voltage on Fall at Far-end ; 10-90 Rise Time at Far-end ; 90-10 Fall Time at Far-end ; Monotonic Rise at Far-end ; Monotonic Fall at Far-end ;
+-------------------+--------------+---------------------+---------------------+------------------------------+------------------------------+---------------------+---------------------+--------------------------------------+--------------------------------------+-----------------------------+-----------------------------+----------------------------+----------------------------+-----------------------------+-----------------------------+--------------------+--------------------+-------------------------------------+-------------------------------------+----------------------------+----------------------------+---------------------------+---------------------------+
; hex0_out[0]       ; 2.5 V        ; 0 s                 ; 0 s                 ; 2.32 V                       ; 7.25e-07 V                   ; 2.36 V              ; -0.00946 V          ; 0.111 V                              ; 0.027 V                              ; 6.46e-10 s                  ; 6.2e-10 s                   ; Yes                        ; Yes                        ; 2.32 V                      ; 7.25e-07 V                  ; 2.36 V             ; -0.00946 V         ; 0.111 V                             ; 0.027 V                             ; 6.46e-10 s                 ; 6.2e-10 s                  ; Yes                       ; Yes                       ;
; hex0_out[1]       ; 2.5 V        ; 0 s                 ; 0 s                 ; 2.32 V                       ; 1.08e-06 V                   ; 2.36 V              ; -0.0113 V           ; 0.122 V                              ; 0.022 V                              ; 4.5e-10 s                   ; 4.45e-10 s                  ; Yes                        ; Yes                        ; 2.32 V                      ; 1.08e-06 V                  ; 2.36 V             ; -0.0113 V          ; 0.122 V                             ; 0.022 V                             ; 4.5e-10 s                  ; 4.45e-10 s                 ; Yes                       ; Yes                       ;
; hex0_out[2]       ; 2.5 V        ; 0 s                 ; 0 s                 ; 2.32 V                       ; 1.08e-06 V                   ; 2.36 V              ; -0.0113 V           ; 0.122 V                              ; 0.022 V                              ; 4.5e-10 s                   ; 4.45e-10 s                  ; Yes                        ; Yes                        ; 2.32 V                      ; 1.08e-06 V                  ; 2.36 V             ; -0.0113 V          ; 0.122 V                             ; 0.022 V                             ; 4.5e-10 s                  ; 4.45e-10 s                 ; Yes                       ; Yes                       ;
; hex0_out[3]       ; 2.5 V        ; 0 s                 ; 0 s                 ; 2.32 V                       ; 1.08e-06 V                   ; 2.36 V              ; -0.0113 V           ; 0.122 V                              ; 0.022 V                              ; 4.5e-10 s                   ; 4.45e-10 s                  ; Yes                        ; Yes                        ; 2.32 V                      ; 1.08e-06 V                  ; 2.36 V             ; -0.0113 V          ; 0.122 V                             ; 0.022 V                             ; 4.5e-10 s                  ; 4.45e-10 s                 ; Yes                       ; Yes                       ;
; hex1_out[0]       ; 2.5 V        ; 0 s                 ; 0 s                 ; 2.32 V                       ; 1.08e-06 V                   ; 2.36 V              ; -0.0113 V           ; 0.122 V                              ; 0.022 V                              ; 4.5e-10 s                   ; 4.45e-10 s                  ; Yes                        ; Yes                        ; 2.32 V                      ; 1.08e-06 V                  ; 2.36 V             ; -0.0113 V          ; 0.122 V                             ; 0.022 V                             ; 4.5e-10 s                  ; 4.45e-10 s                 ; Yes                       ; Yes                       ;
; hex1_out[1]       ; 2.5 V        ; 0 s                 ; 0 s                 ; 2.32 V                       ; 7.25e-07 V                   ; 2.36 V              ; -0.00946 V          ; 0.111 V                              ; 0.027 V                              ; 6.46e-10 s                  ; 6.2e-10 s                   ; Yes                        ; Yes                        ; 2.32 V                      ; 7.25e-07 V                  ; 2.36 V             ; -0.00946 V         ; 0.111 V                             ; 0.027 V                             ; 6.46e-10 s                 ; 6.2e-10 s                  ; Yes                       ; Yes                       ;
; hex1_out[2]       ; 2.5 V        ; 0 s                 ; 0 s                 ; 2.32 V                       ; 1.08e-06 V                   ; 2.36 V              ; -0.0113 V           ; 0.122 V                              ; 0.022 V                              ; 4.5e-10 s                   ; 4.45e-10 s                  ; Yes                        ; Yes                        ; 2.32 V                      ; 1.08e-06 V                  ; 2.36 V             ; -0.0113 V          ; 0.122 V                             ; 0.022 V                             ; 4.5e-10 s                  ; 4.45e-10 s                 ; Yes                       ; Yes                       ;
; hex1_out[3]       ; 2.5 V        ; 0 s                 ; 0 s                 ; 2.32 V                       ; 1.08e-06 V                   ; 2.36 V              ; -0.0113 V           ; 0.122 V                              ; 0.022 V                              ; 4.5e-10 s                   ; 4.45e-10 s                  ; Yes                        ; Yes                        ; 2.32 V                      ; 1.08e-06 V                  ; 2.36 V             ; -0.0113 V          ; 0.122 V                             ; 0.022 V                             ; 4.5e-10 s                  ; 4.45e-10 s                 ; Yes                       ; Yes                       ;
; hex2_out[0]       ; 2.5 V        ; 0 s                 ; 0 s                 ; 2.32 V                       ; 1.08e-06 V                   ; 2.36 V              ; -0.0113 V           ; 0.122 V                              ; 0.022 V                              ; 4.5e-10 s                   ; 4.45e-10 s                  ; Yes                        ; Yes                        ; 2.32 V                      ; 1.08e-06 V                  ; 2.36 V             ; -0.0113 V          ; 0.122 V                             ; 0.022 V                             ; 4.5e-10 s                  ; 4.45e-10 s                 ; Yes                       ; Yes                       ;
; hex2_out[1]       ; 2.5 V        ; 0 s                 ; 0 s                 ; 2.32 V                       ; 1.08e-06 V                   ; 2.36 V              ; -0.0113 V           ; 0.122 V                              ; 0.022 V                              ; 4.5e-10 s                   ; 4.45e-10 s                  ; Yes                        ; Yes                        ; 2.32 V                      ; 1.08e-06 V                  ; 2.36 V             ; -0.0113 V          ; 0.122 V                             ; 0.022 V                             ; 4.5e-10 s                  ; 4.45e-10 s                 ; Yes                       ; Yes                       ;
; hex2_out[2]       ; 2.5 V        ; 0 s                 ; 0 s                 ; 2.32 V                       ; 1.08e-06 V                   ; 2.36 V              ; -0.0113 V           ; 0.122 V                              ; 0.022 V                              ; 4.5e-10 s                   ; 4.45e-10 s                  ; Yes                        ; Yes                        ; 2.32 V                      ; 1.08e-06 V                  ; 2.36 V             ; -0.0113 V          ; 0.122 V                             ; 0.022 V                             ; 4.5e-10 s                  ; 4.45e-10 s                 ; Yes                       ; Yes                       ;
; hex2_out[3]       ; 2.5 V        ; 0 s                 ; 0 s                 ; 2.32 V                       ; 1.08e-06 V                   ; 2.36 V              ; -0.0113 V           ; 0.122 V                              ; 0.022 V                              ; 4.5e-10 s                   ; 4.45e-10 s                  ; Yes                        ; Yes                        ; 2.32 V                      ; 1.08e-06 V                  ; 2.36 V             ; -0.0113 V          ; 0.122 V                             ; 0.022 V                             ; 4.5e-10 s                  ; 4.45e-10 s                 ; Yes                       ; Yes                       ;
; hex3_out[0]       ; 2.5 V        ; 0 s                 ; 0 s                 ; 2.32 V                       ; 1.08e-06 V                   ; 2.36 V              ; -0.0113 V           ; 0.122 V                              ; 0.022 V                              ; 4.5e-10 s                   ; 4.45e-10 s                  ; Yes                        ; Yes                        ; 2.32 V                      ; 1.08e-06 V                  ; 2.36 V             ; -0.0113 V          ; 0.122 V                             ; 0.022 V                             ; 4.5e-10 s                  ; 4.45e-10 s                 ; Yes                       ; Yes                       ;
; hex3_out[1]       ; 2.5 V        ; 0 s                 ; 0 s                 ; 2.32 V                       ; 1.08e-06 V                   ; 2.36 V              ; -0.0113 V           ; 0.122 V                              ; 0.022 V                              ; 4.5e-10 s                   ; 4.45e-10 s                  ; Yes                        ; Yes                        ; 2.32 V                      ; 1.08e-06 V                  ; 2.36 V             ; -0.0113 V          ; 0.122 V                             ; 0.022 V                             ; 4.5e-10 s                  ; 4.45e-10 s                 ; Yes                       ; Yes                       ;
; hex3_out[2]       ; 2.5 V        ; 0 s                 ; 0 s                 ; 2.32 V                       ; 1.08e-06 V                   ; 2.36 V              ; -0.0113 V           ; 0.122 V                              ; 0.022 V                              ; 4.5e-10 s                   ; 4.45e-10 s                  ; Yes                        ; Yes                        ; 2.32 V                      ; 1.08e-06 V                  ; 2.36 V             ; -0.0113 V          ; 0.122 V                             ; 0.022 V                             ; 4.5e-10 s                  ; 4.45e-10 s                 ; Yes                       ; Yes                       ;
; hex3_out[3]       ; 2.5 V        ; 0 s                 ; 0 s                 ; 2.32 V                       ; 1.08e-06 V                   ; 2.36 V              ; -0.0113 V           ; 0.122 V                              ; 0.022 V                              ; 4.5e-10 s                   ; 4.45e-10 s                  ; Yes                        ; Yes                        ; 2.32 V                      ; 1.08e-06 V                  ; 2.36 V             ; -0.0113 V          ; 0.122 V                             ; 0.022 V                             ; 4.5e-10 s                  ; 4.45e-10 s                 ; Yes                       ; Yes                       ;
; clave_out[0]      ; 2.5 V        ; 0 s                 ; 0 s                 ; 2.32 V                       ; 7.25e-07 V                   ; 2.35 V              ; -0.0111 V           ; 0.113 V                              ; 0.035 V                              ; 7.76e-10 s                  ; 8.04e-10 s                  ; Yes                        ; Yes                        ; 2.32 V                      ; 7.25e-07 V                  ; 2.35 V             ; -0.0111 V          ; 0.113 V                             ; 0.035 V                             ; 7.76e-10 s                 ; 8.04e-10 s                 ; Yes                       ; Yes                       ;
; clave_out[1]      ; 2.5 V        ; 0 s                 ; 0 s                 ; 2.32 V                       ; 1.08e-06 V                   ; 2.36 V              ; -0.0113 V           ; 0.122 V                              ; 0.022 V                              ; 4.5e-10 s                   ; 4.45e-10 s                  ; Yes                        ; Yes                        ; 2.32 V                      ; 1.08e-06 V                  ; 2.36 V             ; -0.0113 V          ; 0.122 V                             ; 0.022 V                             ; 4.5e-10 s                  ; 4.45e-10 s                 ; Yes                       ; Yes                       ;
; clave_out[2]      ; 2.5 V        ; 0 s                 ; 0 s                 ; 2.32 V                       ; 1.08e-06 V                   ; 2.36 V              ; -0.0113 V           ; 0.122 V                              ; 0.022 V                              ; 4.5e-10 s                   ; 4.45e-10 s                  ; Yes                        ; Yes                        ; 2.32 V                      ; 1.08e-06 V                  ; 2.36 V             ; -0.0113 V          ; 0.122 V                             ; 0.022 V                             ; 4.5e-10 s                  ; 4.45e-10 s                 ; Yes                       ; Yes                       ;
; clave_out[3]      ; 2.5 V        ; 0 s                 ; 0 s                 ; 2.32 V                       ; 1.08e-06 V                   ; 2.36 V              ; -0.0113 V           ; 0.122 V                              ; 0.022 V                              ; 4.5e-10 s                   ; 4.45e-10 s                  ; Yes                        ; Yes                        ; 2.32 V                      ; 1.08e-06 V                  ; 2.36 V             ; -0.0113 V          ; 0.122 V                             ; 0.022 V                             ; 4.5e-10 s                  ; 4.45e-10 s                 ; Yes                       ; Yes                       ;
; clave_out[4]      ; 2.5 V        ; 0 s                 ; 0 s                 ; 2.32 V                       ; 1.08e-06 V                   ; 2.36 V              ; -0.0113 V           ; 0.122 V                              ; 0.022 V                              ; 4.5e-10 s                   ; 4.45e-10 s                  ; Yes                        ; Yes                        ; 2.32 V                      ; 1.08e-06 V                  ; 2.36 V             ; -0.0113 V          ; 0.122 V                             ; 0.022 V                             ; 4.5e-10 s                  ; 4.45e-10 s                 ; Yes                       ; Yes                       ;
; clave_out[5]      ; 2.5 V        ; 0 s                 ; 0 s                 ; 2.32 V                       ; 7.25e-07 V                   ; 2.35 V              ; -0.0111 V           ; 0.113 V                              ; 0.035 V                              ; 7.76e-10 s                  ; 8.04e-10 s                  ; Yes                        ; Yes                        ; 2.32 V                      ; 7.25e-07 V                  ; 2.35 V             ; -0.0111 V          ; 0.113 V                             ; 0.035 V                             ; 7.76e-10 s                 ; 8.04e-10 s                 ; Yes                       ; Yes                       ;
; clave_out[6]      ; 2.5 V        ; 0 s                 ; 0 s                 ; 2.32 V                       ; 1.08e-06 V                   ; 2.36 V              ; -0.0113 V           ; 0.122 V                              ; 0.022 V                              ; 4.5e-10 s                   ; 4.45e-10 s                  ; Yes                        ; Yes                        ; 2.32 V                      ; 1.08e-06 V                  ; 2.36 V             ; -0.0113 V          ; 0.122 V                             ; 0.022 V                             ; 4.5e-10 s                  ; 4.45e-10 s                 ; Yes                       ; Yes                       ;
; clave_out[7]      ; 2.5 V        ; 0 s                 ; 0 s                 ; 2.32 V                       ; 1.08e-06 V                   ; 2.36 V              ; -0.0113 V           ; 0.122 V                              ; 0.022 V                              ; 4.5e-10 s                   ; 4.45e-10 s                  ; Yes                        ; Yes                        ; 2.32 V                      ; 1.08e-06 V                  ; 2.36 V             ; -0.0113 V          ; 0.122 V                             ; 0.022 V                             ; 4.5e-10 s                  ; 4.45e-10 s                 ; Yes                       ; Yes                       ;
; clave_out[8]      ; 2.5 V        ; 0 s                 ; 0 s                 ; 2.32 V                       ; 1.08e-06 V                   ; 2.36 V              ; -0.0113 V           ; 0.122 V                              ; 0.022 V                              ; 4.5e-10 s                   ; 4.45e-10 s                  ; Yes                        ; Yes                        ; 2.32 V                      ; 1.08e-06 V                  ; 2.36 V             ; -0.0113 V          ; 0.122 V                             ; 0.022 V                             ; 4.5e-10 s                  ; 4.45e-10 s                 ; Yes                       ; Yes                       ;
; clave_out[9]      ; 2.5 V        ; 0 s                 ; 0 s                 ; 2.32 V                       ; 1.08e-06 V                   ; 2.36 V              ; -0.0113 V           ; 0.122 V                              ; 0.022 V                              ; 4.5e-10 s                   ; 4.45e-10 s                  ; Yes                        ; Yes                        ; 2.32 V                      ; 1.08e-06 V                  ; 2.36 V             ; -0.0113 V          ; 0.122 V                             ; 0.022 V                             ; 4.5e-10 s                  ; 4.45e-10 s                 ; Yes                       ; Yes                       ;
; clave_out[10]     ; 2.5 V        ; 0 s                 ; 0 s                 ; 2.32 V                       ; 1.08e-06 V                   ; 2.36 V              ; -0.0113 V           ; 0.122 V                              ; 0.022 V                              ; 4.5e-10 s                   ; 4.45e-10 s                  ; Yes                        ; Yes                        ; 2.32 V                      ; 1.08e-06 V                  ; 2.36 V             ; -0.0113 V          ; 0.122 V                             ; 0.022 V                             ; 4.5e-10 s                  ; 4.45e-10 s                 ; Yes                       ; Yes                       ;
; clave_out[11]     ; 2.5 V        ; 0 s                 ; 0 s                 ; 2.32 V                       ; 1.08e-06 V                   ; 2.36 V              ; -0.0113 V           ; 0.122 V                              ; 0.022 V                              ; 4.5e-10 s                   ; 4.45e-10 s                  ; Yes                        ; Yes                        ; 2.32 V                      ; 1.08e-06 V                  ; 2.36 V             ; -0.0113 V          ; 0.122 V                             ; 0.022 V                             ; 4.5e-10 s                  ; 4.45e-10 s                 ; Yes                       ; Yes                       ;
; clave_out[12]     ; 2.5 V        ; 0 s                 ; 0 s                 ; 2.32 V                       ; 1.08e-06 V                   ; 2.36 V              ; -0.0113 V           ; 0.122 V                              ; 0.022 V                              ; 4.5e-10 s                   ; 4.45e-10 s                  ; Yes                        ; Yes                        ; 2.32 V                      ; 1.08e-06 V                  ; 2.36 V             ; -0.0113 V          ; 0.122 V                             ; 0.022 V                             ; 4.5e-10 s                  ; 4.45e-10 s                 ; Yes                       ; Yes                       ;
; clave_out[13]     ; 2.5 V        ; 0 s                 ; 0 s                 ; 2.32 V                       ; 1.08e-06 V                   ; 2.36 V              ; -0.0113 V           ; 0.122 V                              ; 0.022 V                              ; 4.5e-10 s                   ; 4.45e-10 s                  ; Yes                        ; Yes                        ; 2.32 V                      ; 1.08e-06 V                  ; 2.36 V             ; -0.0113 V          ; 0.122 V                             ; 0.022 V                             ; 4.5e-10 s                  ; 4.45e-10 s                 ; Yes                       ; Yes                       ;
; clave_out[14]     ; 2.5 V        ; 0 s                 ; 0 s                 ; 2.32 V                       ; 1.08e-06 V                   ; 2.36 V              ; -0.0113 V           ; 0.122 V                              ; 0.022 V                              ; 4.5e-10 s                   ; 4.45e-10 s                  ; Yes                        ; Yes                        ; 2.32 V                      ; 1.08e-06 V                  ; 2.36 V             ; -0.0113 V          ; 0.122 V                             ; 0.022 V                             ; 4.5e-10 s                  ; 4.45e-10 s                 ; Yes                       ; Yes                       ;
; clave_out[15]     ; 2.5 V        ; 0 s                 ; 0 s                 ; 2.32 V                       ; 1.08e-06 V                   ; 2.36 V              ; -0.0113 V           ; 0.122 V                              ; 0.022 V                              ; 4.5e-10 s                   ; 4.45e-10 s                  ; Yes                        ; Yes                        ; 2.32 V                      ; 1.08e-06 V                  ; 2.36 V             ; -0.0113 V          ; 0.122 V                             ; 0.022 V                             ; 4.5e-10 s                  ; 4.45e-10 s                 ; Yes                       ; Yes                       ;
; cuenta_digitos[0] ; 2.5 V        ; 0 s                 ; 0 s                 ; 2.32 V                       ; 1.08e-06 V                   ; 2.36 V              ; -0.0113 V           ; 0.122 V                              ; 0.022 V                              ; 4.5e-10 s                   ; 4.45e-10 s                  ; Yes                        ; Yes                        ; 2.32 V                      ; 1.08e-06 V                  ; 2.36 V             ; -0.0113 V          ; 0.122 V                             ; 0.022 V                             ; 4.5e-10 s                  ; 4.45e-10 s                 ; Yes                       ; Yes                       ;
; cuenta_digitos[1] ; 2.5 V        ; 0 s                 ; 0 s                 ; 2.32 V                       ; 1.08e-06 V                   ; 2.33 V              ; -0.00341 V          ; 0.17 V                               ; 0.084 V                              ; 3.33e-09 s                  ; 3.24e-09 s                  ; Yes                        ; Yes                        ; 2.32 V                      ; 1.08e-06 V                  ; 2.33 V             ; -0.00341 V         ; 0.17 V                              ; 0.084 V                             ; 3.33e-09 s                 ; 3.24e-09 s                 ; Yes                       ; Yes                       ;
; cuenta_digitos[2] ; 2.5 V        ; 0 s                 ; 0 s                 ; 2.32 V                       ; 1.08e-06 V                   ; 2.36 V              ; -0.0113 V           ; 0.122 V                              ; 0.022 V                              ; 4.5e-10 s                   ; 4.45e-10 s                  ; Yes                        ; Yes                        ; 2.32 V                      ; 1.08e-06 V                  ; 2.36 V             ; -0.0113 V          ; 0.122 V                             ; 0.022 V                             ; 4.5e-10 s                  ; 4.45e-10 s                 ; Yes                       ; Yes                       ;
; completo          ; 2.5 V        ; 0 s                 ; 0 s                 ; 2.32 V                       ; 1.08e-06 V                   ; 2.36 V              ; -0.0113 V           ; 0.122 V                              ; 0.022 V                              ; 4.5e-10 s                   ; 4.45e-10 s                  ; Yes                        ; Yes                        ; 2.32 V                      ; 1.08e-06 V                  ; 2.36 V             ; -0.0113 V          ; 0.122 V                             ; 0.022 V                             ; 4.5e-10 s                  ; 4.45e-10 s                 ; Yes                       ; Yes                       ;
; ~ALTERA_DCLK~     ; 2.5 V        ; 0 s                 ; 0 s                 ; 2.32 V                       ; 5.68e-07 V                   ; 2.35 V              ; -0.0132 V           ; 0.2 V                                ; 0.027 V                              ; 5.26e-10 s                  ; 4.81e-10 s                  ; Yes                        ; Yes                        ; 2.32 V                      ; 5.68e-07 V                  ; 2.35 V             ; -0.0132 V          ; 0.2 V                               ; 0.027 V                             ; 5.26e-10 s                 ; 4.81e-10 s                 ; Yes                       ; Yes                       ;
; ~ALTERA_nCEO~     ; 2.5 V        ; 0 s                 ; 0 s                 ; 2.32 V                       ; 9.36e-07 V                   ; 2.35 V              ; -0.00444 V          ; 0.18 V                               ; 0.019 V                              ; 7.23e-10 s                  ; 9.82e-10 s                  ; Yes                        ; Yes                        ; 2.32 V                      ; 9.36e-07 V                  ; 2.35 V             ; -0.00444 V         ; 0.18 V                              ; 0.019 V                             ; 7.23e-10 s                 ; 9.82e-10 s                 ; Yes                       ; Yes                       ;
+-------------------+--------------+---------------------+---------------------+------------------------------+------------------------------+---------------------+---------------------+--------------------------------------+--------------------------------------+-----------------------------+-----------------------------+----------------------------+----------------------------+-----------------------------+-----------------------------+--------------------+--------------------+-------------------------------------+-------------------------------------+----------------------------+----------------------------+---------------------------+---------------------------+


+------------------------------------------------------------------------------------------------------------------------------------------------------------------------------------------------------------------------------------------------------------------------------------------------------------------------------------------------------------------------------------------------------------------------------------------------------------------------------------------------------------------------------------------------------------------------------------------------------------------------------------------------------------------------------------------------+
; Fast Corner Signal Integrity Metrics                                                                                                                                                                                                                                                                                                                                                                                                                                                                                                                                                                                                                                                           ;
+-------------------+--------------+---------------------+---------------------+------------------------------+------------------------------+---------------------+---------------------+--------------------------------------+--------------------------------------+-----------------------------+-----------------------------+----------------------------+----------------------------+-----------------------------+-----------------------------+--------------------+--------------------+-------------------------------------+-------------------------------------+----------------------------+----------------------------+---------------------------+---------------------------+
; Pin               ; I/O Standard ; Board Delay on Rise ; Board Delay on Fall ; Steady State Voh at FPGA Pin ; Steady State Vol at FPGA Pin ; Voh Max at FPGA Pin ; Vol Min at FPGA Pin ; Ringback Voltage on Rise at FPGA Pin ; Ringback Voltage on Fall at FPGA Pin ; 10-90 Rise Time at FPGA Pin ; 90-10 Fall Time at FPGA Pin ; Monotonic Rise at FPGA Pin ; Monotonic Fall at FPGA Pin ; Steady State Voh at Far-end ; Steady State Vol at Far-end ; Voh Max at Far-end ; Vol Min at Far-end ; Ringback Voltage on Rise at Far-end ; Ringback Voltage on Fall at Far-end ; 10-90 Rise Time at Far-end ; 90-10 Fall Time at Far-end ; Monotonic Rise at Far-end ; Monotonic Fall at Far-end ;
+-------------------+--------------+---------------------+---------------------+------------------------------+------------------------------+---------------------+---------------------+--------------------------------------+--------------------------------------+-----------------------------+-----------------------------+----------------------------+----------------------------+-----------------------------+-----------------------------+--------------------+--------------------+-------------------------------------+-------------------------------------+----------------------------+----------------------------+---------------------------+---------------------------+
; hex0_out[0]       ; 2.5 V        ; 0 s                 ; 0 s                 ; 2.62 V                       ; 2.78e-08 V                   ; 2.72 V              ; -0.0408 V           ; 0.163 V                              ; 0.075 V                              ; 4.51e-10 s                  ; 4.33e-10 s                  ; No                         ; Yes                        ; 2.62 V                      ; 2.78e-08 V                  ; 2.72 V             ; -0.0408 V          ; 0.163 V                             ; 0.075 V                             ; 4.51e-10 s                 ; 4.33e-10 s                 ; No                        ; Yes                       ;
; hex0_out[1]       ; 2.5 V        ; 0 s                 ; 0 s                 ; 2.62 V                       ; 4.11e-08 V                   ; 2.73 V              ; -0.0566 V           ; 0.191 V                              ; 0.12 V                               ; 2.69e-10 s                  ; 2.76e-10 s                  ; Yes                        ; Yes                        ; 2.62 V                      ; 4.11e-08 V                  ; 2.73 V             ; -0.0566 V          ; 0.191 V                             ; 0.12 V                              ; 2.69e-10 s                 ; 2.76e-10 s                 ; Yes                       ; Yes                       ;
; hex0_out[2]       ; 2.5 V        ; 0 s                 ; 0 s                 ; 2.62 V                       ; 4.11e-08 V                   ; 2.73 V              ; -0.0566 V           ; 0.191 V                              ; 0.12 V                               ; 2.69e-10 s                  ; 2.76e-10 s                  ; Yes                        ; Yes                        ; 2.62 V                      ; 4.11e-08 V                  ; 2.73 V             ; -0.0566 V          ; 0.191 V                             ; 0.12 V                              ; 2.69e-10 s                 ; 2.76e-10 s                 ; Yes                       ; Yes                       ;
; hex0_out[3]       ; 2.5 V        ; 0 s                 ; 0 s                 ; 2.62 V                       ; 4.11e-08 V                   ; 2.73 V              ; -0.0566 V           ; 0.191 V                              ; 0.12 V                               ; 2.69e-10 s                  ; 2.76e-10 s                  ; Yes                        ; Yes                        ; 2.62 V                      ; 4.11e-08 V                  ; 2.73 V             ; -0.0566 V          ; 0.191 V                             ; 0.12 V                              ; 2.69e-10 s                 ; 2.76e-10 s                 ; Yes                       ; Yes                       ;
; hex1_out[0]       ; 2.5 V        ; 0 s                 ; 0 s                 ; 2.62 V                       ; 4.11e-08 V                   ; 2.73 V              ; -0.0566 V           ; 0.191 V                              ; 0.12 V                               ; 2.69e-10 s                  ; 2.76e-10 s                  ; Yes                        ; Yes                        ; 2.62 V                      ; 4.11e-08 V                  ; 2.73 V             ; -0.0566 V          ; 0.191 V                             ; 0.12 V                              ; 2.69e-10 s                 ; 2.76e-10 s                 ; Yes                       ; Yes                       ;
; hex1_out[1]       ; 2.5 V        ; 0 s                 ; 0 s                 ; 2.62 V                       ; 2.78e-08 V                   ; 2.72 V              ; -0.0408 V           ; 0.163 V                              ; 0.075 V                              ; 4.51e-10 s                  ; 4.33e-10 s                  ; No                         ; Yes                        ; 2.62 V                      ; 2.78e-08 V                  ; 2.72 V             ; -0.0408 V          ; 0.163 V                             ; 0.075 V                             ; 4.51e-10 s                 ; 4.33e-10 s                 ; No                        ; Yes                       ;
; hex1_out[2]       ; 2.5 V        ; 0 s                 ; 0 s                 ; 2.62 V                       ; 4.11e-08 V                   ; 2.73 V              ; -0.0566 V           ; 0.191 V                              ; 0.12 V                               ; 2.69e-10 s                  ; 2.76e-10 s                  ; Yes                        ; Yes                        ; 2.62 V                      ; 4.11e-08 V                  ; 2.73 V             ; -0.0566 V          ; 0.191 V                             ; 0.12 V                              ; 2.69e-10 s                 ; 2.76e-10 s                 ; Yes                       ; Yes                       ;
; hex1_out[3]       ; 2.5 V        ; 0 s                 ; 0 s                 ; 2.62 V                       ; 4.11e-08 V                   ; 2.73 V              ; -0.0566 V           ; 0.191 V                              ; 0.12 V                               ; 2.69e-10 s                  ; 2.76e-10 s                  ; Yes                        ; Yes                        ; 2.62 V                      ; 4.11e-08 V                  ; 2.73 V             ; -0.0566 V          ; 0.191 V                             ; 0.12 V                              ; 2.69e-10 s                 ; 2.76e-10 s                 ; Yes                       ; Yes                       ;
; hex2_out[0]       ; 2.5 V        ; 0 s                 ; 0 s                 ; 2.62 V                       ; 4.11e-08 V                   ; 2.73 V              ; -0.0566 V           ; 0.191 V                              ; 0.12 V                               ; 2.69e-10 s                  ; 2.76e-10 s                  ; Yes                        ; Yes                        ; 2.62 V                      ; 4.11e-08 V                  ; 2.73 V             ; -0.0566 V          ; 0.191 V                             ; 0.12 V                              ; 2.69e-10 s                 ; 2.76e-10 s                 ; Yes                       ; Yes                       ;
; hex2_out[1]       ; 2.5 V        ; 0 s                 ; 0 s                 ; 2.62 V                       ; 4.11e-08 V                   ; 2.73 V              ; -0.0566 V           ; 0.191 V                              ; 0.12 V                               ; 2.69e-10 s                  ; 2.76e-10 s                  ; Yes                        ; Yes                        ; 2.62 V                      ; 4.11e-08 V                  ; 2.73 V             ; -0.0566 V          ; 0.191 V                             ; 0.12 V                              ; 2.69e-10 s                 ; 2.76e-10 s                 ; Yes                       ; Yes                       ;
; hex2_out[2]       ; 2.5 V        ; 0 s                 ; 0 s                 ; 2.62 V                       ; 4.11e-08 V                   ; 2.73 V              ; -0.0566 V           ; 0.191 V                              ; 0.12 V                               ; 2.69e-10 s                  ; 2.76e-10 s                  ; Yes                        ; Yes                        ; 2.62 V                      ; 4.11e-08 V                  ; 2.73 V             ; -0.0566 V          ; 0.191 V                             ; 0.12 V                              ; 2.69e-10 s                 ; 2.76e-10 s                 ; Yes                       ; Yes                       ;
; hex2_out[3]       ; 2.5 V        ; 0 s                 ; 0 s                 ; 2.62 V                       ; 4.11e-08 V                   ; 2.73 V              ; -0.0566 V           ; 0.191 V                              ; 0.12 V                               ; 2.69e-10 s                  ; 2.76e-10 s                  ; Yes                        ; Yes                        ; 2.62 V                      ; 4.11e-08 V                  ; 2.73 V             ; -0.0566 V          ; 0.191 V                             ; 0.12 V                              ; 2.69e-10 s                 ; 2.76e-10 s                 ; Yes                       ; Yes                       ;
; hex3_out[0]       ; 2.5 V        ; 0 s                 ; 0 s                 ; 2.62 V                       ; 4.11e-08 V                   ; 2.73 V              ; -0.0566 V           ; 0.191 V                              ; 0.12 V                               ; 2.69e-10 s                  ; 2.76e-10 s                  ; Yes                        ; Yes                        ; 2.62 V                      ; 4.11e-08 V                  ; 2.73 V             ; -0.0566 V          ; 0.191 V                             ; 0.12 V                              ; 2.69e-10 s                 ; 2.76e-10 s                 ; Yes                       ; Yes                       ;
; hex3_out[1]       ; 2.5 V        ; 0 s                 ; 0 s                 ; 2.62 V                       ; 4.11e-08 V                   ; 2.73 V              ; -0.0566 V           ; 0.191 V                              ; 0.12 V                               ; 2.69e-10 s                  ; 2.76e-10 s                  ; Yes                        ; Yes                        ; 2.62 V                      ; 4.11e-08 V                  ; 2.73 V             ; -0.0566 V          ; 0.191 V                             ; 0.12 V                              ; 2.69e-10 s                 ; 2.76e-10 s                 ; Yes                       ; Yes                       ;
; hex3_out[2]       ; 2.5 V        ; 0 s                 ; 0 s                 ; 2.62 V                       ; 4.11e-08 V                   ; 2.73 V              ; -0.0566 V           ; 0.191 V                              ; 0.12 V                               ; 2.69e-10 s                  ; 2.76e-10 s                  ; Yes                        ; Yes                        ; 2.62 V                      ; 4.11e-08 V                  ; 2.73 V             ; -0.0566 V          ; 0.191 V                             ; 0.12 V                              ; 2.69e-10 s                 ; 2.76e-10 s                 ; Yes                       ; Yes                       ;
; hex3_out[3]       ; 2.5 V        ; 0 s                 ; 0 s                 ; 2.62 V                       ; 4.11e-08 V                   ; 2.73 V              ; -0.0566 V           ; 0.191 V                              ; 0.12 V                               ; 2.69e-10 s                  ; 2.76e-10 s                  ; Yes                        ; Yes                        ; 2.62 V                      ; 4.11e-08 V                  ; 2.73 V             ; -0.0566 V          ; 0.191 V                             ; 0.12 V                              ; 2.69e-10 s                 ; 2.76e-10 s                 ; Yes                       ; Yes                       ;
; clave_out[0]      ; 2.5 V        ; 0 s                 ; 0 s                 ; 2.62 V                       ; 2.78e-08 V                   ; 2.71 V              ; -0.0349 V           ; 0.253 V                              ; 0.069 V                              ; 4.96e-10 s                  ; 5.19e-10 s                  ; No                         ; Yes                        ; 2.62 V                      ; 2.78e-08 V                  ; 2.71 V             ; -0.0349 V          ; 0.253 V                             ; 0.069 V                             ; 4.96e-10 s                 ; 5.19e-10 s                 ; No                        ; Yes                       ;
; clave_out[1]      ; 2.5 V        ; 0 s                 ; 0 s                 ; 2.62 V                       ; 4.11e-08 V                   ; 2.73 V              ; -0.0566 V           ; 0.191 V                              ; 0.12 V                               ; 2.69e-10 s                  ; 2.76e-10 s                  ; Yes                        ; Yes                        ; 2.62 V                      ; 4.11e-08 V                  ; 2.73 V             ; -0.0566 V          ; 0.191 V                             ; 0.12 V                              ; 2.69e-10 s                 ; 2.76e-10 s                 ; Yes                       ; Yes                       ;
; clave_out[2]      ; 2.5 V        ; 0 s                 ; 0 s                 ; 2.62 V                       ; 4.11e-08 V                   ; 2.73 V              ; -0.0566 V           ; 0.191 V                              ; 0.12 V                               ; 2.69e-10 s                  ; 2.76e-10 s                  ; Yes                        ; Yes                        ; 2.62 V                      ; 4.11e-08 V                  ; 2.73 V             ; -0.0566 V          ; 0.191 V                             ; 0.12 V                              ; 2.69e-10 s                 ; 2.76e-10 s                 ; Yes                       ; Yes                       ;
; clave_out[3]      ; 2.5 V        ; 0 s                 ; 0 s                 ; 2.62 V                       ; 4.11e-08 V                   ; 2.73 V              ; -0.0566 V           ; 0.191 V                              ; 0.12 V                               ; 2.69e-10 s                  ; 2.76e-10 s                  ; Yes                        ; Yes                        ; 2.62 V                      ; 4.11e-08 V                  ; 2.73 V             ; -0.0566 V          ; 0.191 V                             ; 0.12 V                              ; 2.69e-10 s                 ; 2.76e-10 s                 ; Yes                       ; Yes                       ;
; clave_out[4]      ; 2.5 V        ; 0 s                 ; 0 s                 ; 2.62 V                       ; 4.11e-08 V                   ; 2.73 V              ; -0.0566 V           ; 0.191 V                              ; 0.12 V                               ; 2.69e-10 s                  ; 2.76e-10 s                  ; Yes                        ; Yes                        ; 2.62 V                      ; 4.11e-08 V                  ; 2.73 V             ; -0.0566 V          ; 0.191 V                             ; 0.12 V                              ; 2.69e-10 s                 ; 2.76e-10 s                 ; Yes                       ; Yes                       ;
; clave_out[5]      ; 2.5 V        ; 0 s                 ; 0 s                 ; 2.62 V                       ; 2.78e-08 V                   ; 2.71 V              ; -0.0349 V           ; 0.253 V                              ; 0.069 V                              ; 4.96e-10 s                  ; 5.19e-10 s                  ; No                         ; Yes                        ; 2.62 V                      ; 2.78e-08 V                  ; 2.71 V             ; -0.0349 V          ; 0.253 V                             ; 0.069 V                             ; 4.96e-10 s                 ; 5.19e-10 s                 ; No                        ; Yes                       ;
; clave_out[6]      ; 2.5 V        ; 0 s                 ; 0 s                 ; 2.62 V                       ; 4.11e-08 V                   ; 2.73 V              ; -0.0566 V           ; 0.191 V                              ; 0.12 V                               ; 2.69e-10 s                  ; 2.76e-10 s                  ; Yes                        ; Yes                        ; 2.62 V                      ; 4.11e-08 V                  ; 2.73 V             ; -0.0566 V          ; 0.191 V                             ; 0.12 V                              ; 2.69e-10 s                 ; 2.76e-10 s                 ; Yes                       ; Yes                       ;
; clave_out[7]      ; 2.5 V        ; 0 s                 ; 0 s                 ; 2.62 V                       ; 4.11e-08 V                   ; 2.73 V              ; -0.0566 V           ; 0.191 V                              ; 0.12 V                               ; 2.69e-10 s                  ; 2.76e-10 s                  ; Yes                        ; Yes                        ; 2.62 V                      ; 4.11e-08 V                  ; 2.73 V             ; -0.0566 V          ; 0.191 V                             ; 0.12 V                              ; 2.69e-10 s                 ; 2.76e-10 s                 ; Yes                       ; Yes                       ;
; clave_out[8]      ; 2.5 V        ; 0 s                 ; 0 s                 ; 2.62 V                       ; 4.11e-08 V                   ; 2.73 V              ; -0.0566 V           ; 0.191 V                              ; 0.12 V                               ; 2.69e-10 s                  ; 2.76e-10 s                  ; Yes                        ; Yes                        ; 2.62 V                      ; 4.11e-08 V                  ; 2.73 V             ; -0.0566 V          ; 0.191 V                             ; 0.12 V                              ; 2.69e-10 s                 ; 2.76e-10 s                 ; Yes                       ; Yes                       ;
; clave_out[9]      ; 2.5 V        ; 0 s                 ; 0 s                 ; 2.62 V                       ; 4.11e-08 V                   ; 2.73 V              ; -0.0566 V           ; 0.191 V                              ; 0.12 V                               ; 2.69e-10 s                  ; 2.76e-10 s                  ; Yes                        ; Yes                        ; 2.62 V                      ; 4.11e-08 V                  ; 2.73 V             ; -0.0566 V          ; 0.191 V                             ; 0.12 V                              ; 2.69e-10 s                 ; 2.76e-10 s                 ; Yes                       ; Yes                       ;
; clave_out[10]     ; 2.5 V        ; 0 s                 ; 0 s                 ; 2.62 V                       ; 4.11e-08 V                   ; 2.73 V              ; -0.0566 V           ; 0.191 V                              ; 0.12 V                               ; 2.69e-10 s                  ; 2.76e-10 s                  ; Yes                        ; Yes                        ; 2.62 V                      ; 4.11e-08 V                  ; 2.73 V             ; -0.0566 V          ; 0.191 V                             ; 0.12 V                              ; 2.69e-10 s                 ; 2.76e-10 s                 ; Yes                       ; Yes                       ;
; clave_out[11]     ; 2.5 V        ; 0 s                 ; 0 s                 ; 2.62 V                       ; 4.11e-08 V                   ; 2.73 V              ; -0.0566 V           ; 0.191 V                              ; 0.12 V                               ; 2.69e-10 s                  ; 2.76e-10 s                  ; Yes                        ; Yes                        ; 2.62 V                      ; 4.11e-08 V                  ; 2.73 V             ; -0.0566 V          ; 0.191 V                             ; 0.12 V                              ; 2.69e-10 s                 ; 2.76e-10 s                 ; Yes                       ; Yes                       ;
; clave_out[12]     ; 2.5 V        ; 0 s                 ; 0 s                 ; 2.62 V                       ; 4.11e-08 V                   ; 2.73 V              ; -0.0566 V           ; 0.191 V                              ; 0.12 V                               ; 2.69e-10 s                  ; 2.76e-10 s                  ; Yes                        ; Yes                        ; 2.62 V                      ; 4.11e-08 V                  ; 2.73 V             ; -0.0566 V          ; 0.191 V                             ; 0.12 V                              ; 2.69e-10 s                 ; 2.76e-10 s                 ; Yes                       ; Yes                       ;
; clave_out[13]     ; 2.5 V        ; 0 s                 ; 0 s                 ; 2.62 V                       ; 4.11e-08 V                   ; 2.73 V              ; -0.0566 V           ; 0.191 V                              ; 0.12 V                               ; 2.69e-10 s                  ; 2.76e-10 s                  ; Yes                        ; Yes                        ; 2.62 V                      ; 4.11e-08 V                  ; 2.73 V             ; -0.0566 V          ; 0.191 V                             ; 0.12 V                              ; 2.69e-10 s                 ; 2.76e-10 s                 ; Yes                       ; Yes                       ;
; clave_out[14]     ; 2.5 V        ; 0 s                 ; 0 s                 ; 2.62 V                       ; 4.11e-08 V                   ; 2.73 V              ; -0.0566 V           ; 0.191 V                              ; 0.12 V                               ; 2.69e-10 s                  ; 2.76e-10 s                  ; Yes                        ; Yes                        ; 2.62 V                      ; 4.11e-08 V                  ; 2.73 V             ; -0.0566 V          ; 0.191 V                             ; 0.12 V                              ; 2.69e-10 s                 ; 2.76e-10 s                 ; Yes                       ; Yes                       ;
; clave_out[15]     ; 2.5 V        ; 0 s                 ; 0 s                 ; 2.62 V                       ; 4.11e-08 V                   ; 2.73 V              ; -0.0566 V           ; 0.191 V                              ; 0.12 V                               ; 2.69e-10 s                  ; 2.76e-10 s                  ; Yes                        ; Yes                        ; 2.62 V                      ; 4.11e-08 V                  ; 2.73 V             ; -0.0566 V          ; 0.191 V                             ; 0.12 V                              ; 2.69e-10 s                 ; 2.76e-10 s                 ; Yes                       ; Yes                       ;
; cuenta_digitos[0] ; 2.5 V        ; 0 s                 ; 0 s                 ; 2.62 V                       ; 4.11e-08 V                   ; 2.73 V              ; -0.0566 V           ; 0.191 V                              ; 0.12 V                               ; 2.69e-10 s                  ; 2.76e-10 s                  ; Yes                        ; Yes                        ; 2.62 V                      ; 4.11e-08 V                  ; 2.73 V             ; -0.0566 V          ; 0.191 V                             ; 0.12 V                              ; 2.69e-10 s                 ; 2.76e-10 s                 ; Yes                       ; Yes                       ;
; cuenta_digitos[1] ; 2.5 V        ; 0 s                 ; 0 s                 ; 2.62 V                       ; 4.11e-08 V                   ; 2.64 V              ; -0.011 V            ; 0.212 V                              ; 0.198 V                              ; 2.38e-09 s                  ; 2.29e-09 s                  ; No                         ; Yes                        ; 2.62 V                      ; 4.11e-08 V                  ; 2.64 V             ; -0.011 V           ; 0.212 V                             ; 0.198 V                             ; 2.38e-09 s                 ; 2.29e-09 s                 ; No                        ; Yes                       ;
; cuenta_digitos[2] ; 2.5 V        ; 0 s                 ; 0 s                 ; 2.62 V                       ; 4.11e-08 V                   ; 2.73 V              ; -0.0566 V           ; 0.191 V                              ; 0.12 V                               ; 2.69e-10 s                  ; 2.76e-10 s                  ; Yes                        ; Yes                        ; 2.62 V                      ; 4.11e-08 V                  ; 2.73 V             ; -0.0566 V          ; 0.191 V                             ; 0.12 V                              ; 2.69e-10 s                 ; 2.76e-10 s                 ; Yes                       ; Yes                       ;
; completo          ; 2.5 V        ; 0 s                 ; 0 s                 ; 2.62 V                       ; 4.11e-08 V                   ; 2.73 V              ; -0.0566 V           ; 0.191 V                              ; 0.12 V                               ; 2.69e-10 s                  ; 2.76e-10 s                  ; Yes                        ; Yes                        ; 2.62 V                      ; 4.11e-08 V                  ; 2.73 V             ; -0.0566 V          ; 0.191 V                             ; 0.12 V                              ; 2.69e-10 s                 ; 2.76e-10 s                 ; Yes                       ; Yes                       ;
; ~ALTERA_DCLK~     ; 2.5 V        ; 0 s                 ; 0 s                 ; 2.62 V                       ; 2.22e-08 V                   ; 2.72 V              ; -0.0747 V           ; 0.28 V                               ; 0.169 V                              ; 3.1e-10 s                   ; 3.01e-10 s                  ; No                         ; Yes                        ; 2.62 V                      ; 2.22e-08 V                  ; 2.72 V             ; -0.0747 V          ; 0.28 V                              ; 0.169 V                             ; 3.1e-10 s                  ; 3.01e-10 s                 ; No                        ; Yes                       ;
; ~ALTERA_nCEO~     ; 2.5 V        ; 0 s                 ; 0 s                 ; 2.62 V                       ; 3.53e-08 V                   ; 2.7 V               ; -0.0212 V           ; 0.204 V                              ; 0.049 V                              ; 4.85e-10 s                  ; 6.73e-10 s                  ; No                         ; Yes                        ; 2.62 V                      ; 3.53e-08 V                  ; 2.7 V              ; -0.0212 V          ; 0.204 V                             ; 0.049 V                             ; 4.85e-10 s                 ; 6.73e-10 s                 ; No                        ; Yes                       ;
+-------------------+--------------+---------------------+---------------------+------------------------------+------------------------------+---------------------+---------------------+--------------------------------------+--------------------------------------+-----------------------------+-----------------------------+----------------------------+----------------------------+-----------------------------+-----------------------------+--------------------+--------------------+-------------------------------------+-------------------------------------+----------------------------+----------------------------+---------------------------+---------------------------+


+-------------------------------------------------------------------+
; Setup Transfers                                                   ;
+------------+----------+----------+----------+----------+----------+
; From Clock ; To Clock ; RR Paths ; FR Paths ; RF Paths ; FF Paths ;
+------------+----------+----------+----------+----------+----------+
; clk        ; clk      ; 36       ; 0        ; 0        ; 0        ;
+------------+----------+----------+----------+----------+----------+
Entries labeled "false path" only account for clock-to-clock false paths and not path-based false paths. As a result, actual path counts may be lower than reported.


+-------------------------------------------------------------------+
; Hold Transfers                                                    ;
+------------+----------+----------+----------+----------+----------+
; From Clock ; To Clock ; RR Paths ; FR Paths ; RF Paths ; FF Paths ;
+------------+----------+----------+----------+----------+----------+
; clk        ; clk      ; 36       ; 0        ; 0        ; 0        ;
+------------+----------+----------+----------+----------+----------+
Entries labeled "false path" only account for clock-to-clock false paths and not path-based false paths. As a result, actual path counts may be lower than reported.


---------------
; Report TCCS ;
---------------
No dedicated SERDES Transmitter circuitry present in device or used in design


---------------
; Report RSKM ;
---------------
No non-DPA dedicated SERDES Receiver circuitry present in device or used in design


+------------------------------------------------+
; Unconstrained Paths                            ;
+---------------------------------+-------+------+
; Property                        ; Setup ; Hold ;
+---------------------------------+-------+------+
; Illegal Clocks                  ; 0     ; 0    ;
; Unconstrained Clocks            ; 0     ; 0    ;
; Unconstrained Input Ports       ; 7     ; 7    ;
; Unconstrained Input Port Paths  ; 61    ; 61   ;
; Unconstrained Output Ports      ; 36    ; 36   ;
; Unconstrained Output Port Paths ; 38    ; 38   ;
+---------------------------------+-------+------+


+------------------------------------+
; TimeQuest Timing Analyzer Messages ;
+------------------------------------+
Info: *******************************************************************
Info: Running Quartus II 64-Bit TimeQuest Timing Analyzer
    Info: Version 13.1.0 Build 162 10/23/2013 SJ Web Edition
    Info: Processing started: Thu May 07 22:58:11 2026
Info: Command: quartus_sta registro_clave_teclado -c registro_clave_teclado
Info: qsta_default_script.tcl version: #1
Info (20030): Parallel compilation is enabled and will use 12 of the 12 processors detected
Info (21077): Core supply voltage is 1.2V
Info (21077): Low junction temperature is 0 degrees C
Info (21077): High junction temperature is 85 degrees C
Critical Warning (332012): Synopsys Design Constraints File file not found: 'registro_clave_teclado.sdc'. A Synopsys Design Constraints File is required by the TimeQuest Timing Analyzer to get proper timing constraints. Without it, the Compiler will not properly optimize the design.
Info (332142): No user constrained base clocks found in the design. Calling "derive_clocks -period 1.0"
Info (332105): Deriving Clocks
    Info (332105): create_clock -period 1.000 -name clk clk
Info (332143): No user constrained clock uncertainty found in the design. Calling "derive_clock_uncertainty"
Info (332123): Deriving Clock Uncertainty. Please refer to report_sdc in TimeQuest to see clock uncertainties.
Info: Found TIMEQUEST_REPORT_SCRIPT_INCLUDE_DEFAULT_ANALYSIS = ON
Info: Analyzing Slow 1200mV 85C Model
Critical Warning (332148): Timing requirements not met
    Info (11105): For recommendations on closing timing, run Report Timing Closure Recommendations in the TimeQuest Timing Analyzer.
Info (332146): Worst-case setup slack is -0.693
    Info (332119):     Slack       End Point TNS Clock 
    Info (332119): ========= =================== =====================
    Info (332119):    -0.693              -9.323 clk 
Info (332146): Worst-case hold slack is 0.358
    Info (332119):     Slack       End Point TNS Clock 
    Info (332119): ========= =================== =====================
    Info (332119):     0.358               0.000 clk 
Info (332140): No Recovery paths to report
Info (332140): No Removal paths to report
Info (332146): Worst-case minimum pulse width slack is -3.000
    Info (332119):     Slack       End Point TNS Clock 
    Info (332119): ========= =================== =====================
    Info (332119):    -3.000             -22.000 clk 
Info: Analyzing Slow 1200mV 0C Model
Info (334003): Started post-fitting delay annotation
Info (334004): Delay annotation completed successfully
Info (332123): Deriving Clock Uncertainty. Please refer to report_sdc in TimeQuest to see clock uncertainties.
Critical Warning (332148): Timing requirements not met
    Info (11105): For recommendations on closing timing, run Report Timing Closure Recommendations in the TimeQuest Timing Analyzer.
Info (332146): Worst-case setup slack is -0.543
    Info (332119):     Slack       End Point TNS Clock 
    Info (332119): ========= =================== =====================
    Info (332119):    -0.543              -6.695 clk 
Info (332146): Worst-case hold slack is 0.312
    Info (332119):     Slack       End Point TNS Clock 
    Info (332119): ========= =================== =====================
    Info (332119):     0.312               0.000 clk 
Info (332140): No Recovery paths to report
Info (332140): No Removal paths to report
Info (332146): Worst-case minimum pulse width slack is -3.000
    Info (332119):     Slack       End Point TNS Clock 
    Info (332119): ========= =================== =====================
    Info (332119):    -3.000             -22.000 clk 
Info: Analyzing Fast 1200mV 0C Model
Info (332123): Deriving Clock Uncertainty. Please refer to report_sdc in TimeQuest to see clock uncertainties.
Info (332146): Worst-case setup slack is 0.078
    Info (332119):     Slack       End Point TNS Clock 
    Info (332119): ========= =================== =====================
    Info (332119):     0.078               0.000 clk 
Info (332146): Worst-case hold slack is 0.188
    Info (332119):     Slack       End Point TNS Clock 
    Info (332119): ========= =================== =====================
    Info (332119):     0.188               0.000 clk 
Info (332140): No Recovery paths to report
Info (332140): No Removal paths to report
Critical Warning (332148): Timing requirements not met
    Info (11105): For recommendations on closing timing, run Report Timing Closure Recommendations in the TimeQuest Timing Analyzer.
Info (332146): Worst-case minimum pulse width slack is -3.000
    Info (332119):     Slack       End Point TNS Clock 
    Info (332119): ========= =================== =====================
    Info (332119):    -3.000             -23.151 clk 
Info (332102): Design is not fully constrained for setup requirements
Info (332102): Design is not fully constrained for hold requirements
Info: Quartus II 64-Bit TimeQuest Timing Analyzer was successful. 0 errors, 4 warnings
    Info: Peak virtual memory: 4779 megabytes
    Info: Processing ended: Thu May 07 22:58:12 2026
    Info: Elapsed time: 00:00:01
    Info: Total CPU time (on all processors): 00:00:01


