TimeQuest Timing Analyzer report for gestor_admin
Tue May 12 12:32:30 2026
Quartus II 64-Bit Version 13.1.0 Build 162 10/23/2013 SJ Web Edition


---------------------
; Table of Contents ;
---------------------
  1. Legal Notice
  2. TimeQuest Timing Analyzer Summary
  3. Parallel Compilation
  4. Clocks
  5. Slow 1200mV 85C Model Fmax Summary
  6. Timing Closure Recommendations
  7. Slow 1200mV 85C Model Setup Summary
  8. Slow 1200mV 85C Model Hold Summary
  9. Slow 1200mV 85C Model Recovery Summary
 10. Slow 1200mV 85C Model Removal Summary
 11. Slow 1200mV 85C Model Minimum Pulse Width Summary
 12. Slow 1200mV 85C Model Setup: 'clk'
 13. Slow 1200mV 85C Model Hold: 'clk'
 14. Slow 1200mV 85C Model Minimum Pulse Width: 'clk'
 15. Setup Times
 16. Hold Times
 17. Clock to Output Times
 18. Minimum Clock to Output Times
 19. Slow 1200mV 85C Model Metastability Report
 20. Slow 1200mV 0C Model Fmax Summary
 21. Slow 1200mV 0C Model Setup Summary
 22. Slow 1200mV 0C Model Hold Summary
 23. Slow 1200mV 0C Model Recovery Summary
 24. Slow 1200mV 0C Model Removal Summary
 25. Slow 1200mV 0C Model Minimum Pulse Width Summary
 26. Slow 1200mV 0C Model Setup: 'clk'
 27. Slow 1200mV 0C Model Hold: 'clk'
 28. Slow 1200mV 0C Model Minimum Pulse Width: 'clk'
 29. Setup Times
 30. Hold Times
 31. Clock to Output Times
 32. Minimum Clock to Output Times
 33. Slow 1200mV 0C Model Metastability Report
 34. Fast 1200mV 0C Model Setup Summary
 35. Fast 1200mV 0C Model Hold Summary
 36. Fast 1200mV 0C Model Recovery Summary
 37. Fast 1200mV 0C Model Removal Summary
 38. Fast 1200mV 0C Model Minimum Pulse Width Summary
 39. Fast 1200mV 0C Model Setup: 'clk'
 40. Fast 1200mV 0C Model Hold: 'clk'
 41. Fast 1200mV 0C Model Minimum Pulse Width: 'clk'
 42. Setup Times
 43. Hold Times
 44. Clock to Output Times
 45. Minimum Clock to Output Times
 46. Fast 1200mV 0C Model Metastability Report
 47. Multicorner Timing Analysis Summary
 48. Setup Times
 49. Hold Times
 50. Clock to Output Times
 51. Minimum Clock to Output Times
 52. Board Trace Model Assignments
 53. Input Transition Times
 54. Signal Integrity Metrics (Slow 1200mv 0c Model)
 55. Signal Integrity Metrics (Slow 1200mv 85c Model)
 56. Signal Integrity Metrics (Fast 1200mv 0c Model)
 57. Setup Transfers
 58. Hold Transfers
 59. Report TCCS
 60. Report RSKM
 61. Unconstrained Paths
 62. TimeQuest Timing Analyzer Messages



----------------
; Legal Notice ;
----------------
Copyright (C) 1991-2013 Altera Corporation
Your use of Altera Corporation's design tools, logic functions 
and other software and tools, and its AMPP partner logic 
functions, and any output files from any of the foregoing 
(including device programming or simulation files), and any 
associated documentation or information are expressly subject 
to the terms and conditions of the Altera Program License 
Subscription Agreement, Altera MegaCore Function License 
Agreement, or other applicable license agreement, including, 
without limitation, that your use is for the sole purpose of 
programming logic devices manufactured by Altera and sold by 
Altera or its authorized distributors.  Please refer to the 
applicable agreement for further details.



+-------------------------------------------------------------------------+
; TimeQuest Timing Analyzer Summary                                       ;
+--------------------+----------------------------------------------------+
; Quartus II Version ; Version 13.1.0 Build 162 10/23/2013 SJ Web Edition ;
; Revision Name      ; gestor_admin                                       ;
; Device Family      ; Cyclone IV GX                                      ;
; Device Name        ; EP4CGX15BF14C6                                     ;
; Timing Models      ; Final                                              ;
; Delay Model        ; Combined                                           ;
; Rise/Fall Delays   ; Enabled                                            ;
+--------------------+----------------------------------------------------+


+------------------------------------------+
; Parallel Compilation                     ;
+----------------------------+-------------+
; Processors                 ; Number      ;
+----------------------------+-------------+
; Number detected on machine ; 4           ;
; Maximum allowed            ; 2           ;
;                            ;             ;
; Average used               ; 1.00        ;
; Maximum used               ; 2           ;
;                            ;             ;
; Usage by Processor         ; % Time Used ;
;     Processor 1            ; 100.0%      ;
;     Processor 2            ; < 0.1%      ;
;     Processors 3-4         ;   0.0%      ;
+----------------------------+-------------+


+---------------------------------------------------------------------------------------------------------------------------------------------------------------------------------+
; Clocks                                                                                                                                                                          ;
+------------+------+--------+------------+-------+-------+------------+-----------+-------------+-------+--------+-----------+------------+----------+--------+--------+---------+
; Clock Name ; Type ; Period ; Frequency  ; Rise  ; Fall  ; Duty Cycle ; Divide by ; Multiply by ; Phase ; Offset ; Edge List ; Edge Shift ; Inverted ; Master ; Source ; Targets ;
+------------+------+--------+------------+-------+-------+------------+-----------+-------------+-------+--------+-----------+------------+----------+--------+--------+---------+
; clk        ; Base ; 1.000  ; 1000.0 MHz ; 0.000 ; 0.500 ;            ;           ;             ;       ;        ;           ;            ;          ;        ;        ; { clk } ;
+------------+------+--------+------------+-------+-------+------------+-----------+-------------+-------+--------+-----------+------------+----------+--------+--------+---------+


+-----------------------------------------------------------------------------------------------------------+
; Slow 1200mV 85C Model Fmax Summary                                                                        ;
+------------+-----------------+------------+---------------------------------------------------------------+
; Fmax       ; Restricted Fmax ; Clock Name ; Note                                                          ;
+------------+-----------------+------------+---------------------------------------------------------------+
; 305.25 MHz ; 250.0 MHz       ; clk        ; limit due to minimum period restriction (max I/O toggle rate) ;
+------------+-----------------+------------+---------------------------------------------------------------+
This panel reports FMAX for every clock in the design, regardless of the user-specified clock periods.  FMAX is only computed for paths where the source and destination registers or ports are driven by the same clock.  Paths of different clocks, including generated clocks, are ignored.  For paths between a clock and its inversion, FMAX is computed as if the rising and falling edges are scaled along with FMAX, such that the duty cycle (in terms of a percentage) is maintained. Altera recommends that you always use clock constraints and other slack reports for sign-off analysis.


----------------------------------
; Timing Closure Recommendations ;
----------------------------------
HTML report is unavailable in plain text report export.


+-------------------------------------+
; Slow 1200mV 85C Model Setup Summary ;
+-------+--------+--------------------+
; Clock ; Slack  ; End Point TNS      ;
+-------+--------+--------------------+
; clk   ; -2.276 ; -75.530            ;
+-------+--------+--------------------+


+------------------------------------+
; Slow 1200mV 85C Model Hold Summary ;
+-------+-------+--------------------+
; Clock ; Slack ; End Point TNS      ;
+-------+-------+--------------------+
; clk   ; 0.341 ; 0.000              ;
+-------+-------+--------------------+


------------------------------------------
; Slow 1200mV 85C Model Recovery Summary ;
------------------------------------------
No paths to report.


-----------------------------------------
; Slow 1200mV 85C Model Removal Summary ;
-----------------------------------------
No paths to report.


+---------------------------------------------------+
; Slow 1200mV 85C Model Minimum Pulse Width Summary ;
+-------+--------+----------------------------------+
; Clock ; Slack  ; End Point TNS                    ;
+-------+--------+----------------------------------+
; clk   ; -3.000 ; -52.000                          ;
+-------+--------+----------------------------------+


+--------------------------------------------------------------------------------------------------------------------------------+
; Slow 1200mV 85C Model Setup: 'clk'                                                                                             ;
+--------+------------------------+------------------------+--------------+-------------+--------------+------------+------------+
; Slack  ; From Node              ; To Node                ; Launch Clock ; Latch Clock ; Relationship ; Clock Skew ; Data Delay ;
+--------+------------------------+------------------------+--------------+-------------+--------------+------------+------------+
; -2.276 ; digito_admin[1]        ; estado.OP_ELIMINAR_USR ; clk          ; clk         ; 1.000        ; -0.065     ; 3.206      ;
; -2.251 ; estado.OP_ELIMINAR_USR ; estado.OP_ELIMINAR_USR ; clk          ; clk         ; 1.000        ; -0.065     ; 3.181      ;
; -2.132 ; digito_admin[1]        ; estado.CLAVE_ADMIN     ; clk          ; clk         ; 1.000        ; -0.065     ; 3.062      ;
; -2.130 ; digito_admin[0]        ; estado.OP_ELIMINAR_USR ; clk          ; clk         ; 1.000        ; -0.065     ; 3.060      ;
; -2.129 ; estado.OP_AGREGAR_CLV  ; estado.OP_ELIMINAR_USR ; clk          ; clk         ; 1.000        ; -0.423     ; 2.701      ;
; -2.107 ; estado.OP_ELIMINAR_USR ; estado.CLAVE_ADMIN     ; clk          ; clk         ; 1.000        ; -0.065     ; 3.037      ;
; -2.105 ; digito_clave[1]        ; estado.OP_ELIMINAR_USR ; clk          ; clk         ; 1.000        ; -0.065     ; 3.035      ;
; -2.091 ; write_step[2]          ; estado.OP_ELIMINAR_USR ; clk          ; clk         ; 1.000        ; -0.064     ; 3.022      ;
; -2.084 ; write_step[0]          ; estado.OP_ELIMINAR_USR ; clk          ; clk         ; 1.000        ; -0.065     ; 3.014      ;
; -2.049 ; digito_admin[1]        ; estado.ADMIN_OK        ; clk          ; clk         ; 1.000        ; -0.065     ; 2.979      ;
; -2.047 ; digito_admin[1]        ; estado.OP_AGREGAR_USR  ; clk          ; clk         ; 1.000        ; -0.065     ; 2.977      ;
; -2.026 ; estado.ESCRIBIENDO     ; dato_i[3]              ; clk          ; clk         ; 1.000        ; -0.425     ; 2.596      ;
; -2.026 ; estado.ESCRIBIENDO     ; dato_i[2]              ; clk          ; clk         ; 1.000        ; -0.425     ; 2.596      ;
; -2.026 ; estado.ESCRIBIENDO     ; dato_i[1]              ; clk          ; clk         ; 1.000        ; -0.425     ; 2.596      ;
; -2.026 ; estado.ESCRIBIENDO     ; dato_i[0]              ; clk          ; clk         ; 1.000        ; -0.425     ; 2.596      ;
; -2.024 ; estado.OP_ELIMINAR_USR ; estado.ADMIN_OK        ; clk          ; clk         ; 1.000        ; -0.065     ; 2.954      ;
; -2.022 ; estado.OP_ELIMINAR_USR ; estado.OP_AGREGAR_USR  ; clk          ; clk         ; 1.000        ; -0.065     ; 2.952      ;
; -1.986 ; digito_admin[0]        ; estado.CLAVE_ADMIN     ; clk          ; clk         ; 1.000        ; -0.065     ; 2.916      ;
; -1.977 ; digito_clave[0]        ; estado.OP_ELIMINAR_USR ; clk          ; clk         ; 1.000        ; -0.065     ; 2.907      ;
; -1.973 ; digito_admin[1]        ; estado.OP_AGREGAR_CLV  ; clk          ; clk         ; 1.000        ; 0.279      ; 3.247      ;
; -1.968 ; digito_admin[1]        ; estado.ESCRIBIENDO     ; clk          ; clk         ; 1.000        ; 0.279      ; 3.242      ;
; -1.968 ; digito_admin[1]        ; estado.OP_AGREGAR_HOR  ; clk          ; clk         ; 1.000        ; 0.279      ; 3.242      ;
; -1.959 ; estado.OP_AGREGAR_HOR  ; estado.OP_ELIMINAR_USR ; clk          ; clk         ; 1.000        ; -0.423     ; 2.531      ;
; -1.953 ; estado.CLAVE_ADMIN     ; estado.OP_ELIMINAR_USR ; clk          ; clk         ; 1.000        ; -0.065     ; 2.883      ;
; -1.948 ; estado.OP_ELIMINAR_USR ; estado.OP_AGREGAR_CLV  ; clk          ; clk         ; 1.000        ; 0.279      ; 3.222      ;
; -1.947 ; write_step[2]          ; estado.CLAVE_ADMIN     ; clk          ; clk         ; 1.000        ; -0.064     ; 2.878      ;
; -1.943 ; estado.OP_ELIMINAR_USR ; estado.ESCRIBIENDO     ; clk          ; clk         ; 1.000        ; 0.279      ; 3.217      ;
; -1.943 ; estado.OP_ELIMINAR_USR ; estado.OP_AGREGAR_HOR  ; clk          ; clk         ; 1.000        ; 0.279      ; 3.217      ;
; -1.940 ; write_step[0]          ; estado.CLAVE_ADMIN     ; clk          ; clk         ; 1.000        ; -0.065     ; 2.870      ;
; -1.903 ; digito_admin[0]        ; estado.ADMIN_OK        ; clk          ; clk         ; 1.000        ; -0.065     ; 2.833      ;
; -1.901 ; digito_admin[0]        ; estado.OP_AGREGAR_USR  ; clk          ; clk         ; 1.000        ; -0.065     ; 2.831      ;
; -1.864 ; write_step[2]          ; estado.ADMIN_OK        ; clk          ; clk         ; 1.000        ; -0.064     ; 2.795      ;
; -1.862 ; write_step[2]          ; estado.OP_AGREGAR_USR  ; clk          ; clk         ; 1.000        ; -0.064     ; 2.793      ;
; -1.857 ; write_step[0]          ; estado.ADMIN_OK        ; clk          ; clk         ; 1.000        ; -0.065     ; 2.787      ;
; -1.855 ; write_step[0]          ; estado.OP_AGREGAR_USR  ; clk          ; clk         ; 1.000        ; -0.065     ; 2.785      ;
; -1.827 ; digito_admin[0]        ; estado.OP_AGREGAR_CLV  ; clk          ; clk         ; 1.000        ; 0.279      ; 3.101      ;
; -1.825 ; estado.OP_AGREGAR_CLV  ; estado.CLAVE_ADMIN     ; clk          ; clk         ; 1.000        ; -0.423     ; 2.397      ;
; -1.822 ; digito_admin[0]        ; estado.ESCRIBIENDO     ; clk          ; clk         ; 1.000        ; 0.279      ; 3.096      ;
; -1.822 ; digito_admin[0]        ; estado.OP_AGREGAR_HOR  ; clk          ; clk         ; 1.000        ; 0.279      ; 3.096      ;
; -1.809 ; estado.CLAVE_ADMIN     ; estado.CLAVE_ADMIN     ; clk          ; clk         ; 1.000        ; -0.065     ; 2.739      ;
; -1.801 ; digito_clave[1]        ; estado.CLAVE_ADMIN     ; clk          ; clk         ; 1.000        ; -0.065     ; 2.731      ;
; -1.788 ; write_step[2]          ; estado.OP_AGREGAR_CLV  ; clk          ; clk         ; 1.000        ; 0.280      ; 3.063      ;
; -1.783 ; write_step[2]          ; estado.ESCRIBIENDO     ; clk          ; clk         ; 1.000        ; 0.280      ; 3.058      ;
; -1.783 ; write_step[2]          ; estado.OP_AGREGAR_HOR  ; clk          ; clk         ; 1.000        ; 0.280      ; 3.058      ;
; -1.781 ; write_step[0]          ; estado.OP_AGREGAR_CLV  ; clk          ; clk         ; 1.000        ; 0.279      ; 3.055      ;
; -1.779 ; estado.OP_AGREGAR_USR  ; estado.OP_ELIMINAR_USR ; clk          ; clk         ; 1.000        ; -0.065     ; 2.709      ;
; -1.777 ; digito_clave[1]        ; digito_clave[1]        ; clk          ; clk         ; 1.000        ; -0.065     ; 2.707      ;
; -1.776 ; write_step[0]          ; estado.ESCRIBIENDO     ; clk          ; clk         ; 1.000        ; 0.279      ; 3.050      ;
; -1.776 ; write_step[0]          ; estado.OP_AGREGAR_HOR  ; clk          ; clk         ; 1.000        ; 0.279      ; 3.050      ;
; -1.766 ; estado.OP_ELIMINAR_USR ; dato_i[3]              ; clk          ; clk         ; 1.000        ; -0.067     ; 2.694      ;
; -1.766 ; estado.OP_ELIMINAR_USR ; dato_i[2]              ; clk          ; clk         ; 1.000        ; -0.067     ; 2.694      ;
; -1.766 ; estado.OP_ELIMINAR_USR ; dato_i[1]              ; clk          ; clk         ; 1.000        ; -0.067     ; 2.694      ;
; -1.766 ; estado.OP_ELIMINAR_USR ; dato_i[0]              ; clk          ; clk         ; 1.000        ; -0.067     ; 2.694      ;
; -1.742 ; estado.OP_AGREGAR_CLV  ; estado.ADMIN_OK        ; clk          ; clk         ; 1.000        ; -0.423     ; 2.314      ;
; -1.740 ; estado.OP_AGREGAR_CLV  ; estado.OP_AGREGAR_USR  ; clk          ; clk         ; 1.000        ; -0.423     ; 2.312      ;
; -1.726 ; estado.CLAVE_ADMIN     ; estado.ADMIN_OK        ; clk          ; clk         ; 1.000        ; -0.065     ; 2.656      ;
; -1.724 ; estado.CLAVE_ADMIN     ; estado.OP_AGREGAR_USR  ; clk          ; clk         ; 1.000        ; -0.065     ; 2.654      ;
; -1.718 ; estado.ADMIN_OK        ; estado.OP_ELIMINAR_USR ; clk          ; clk         ; 1.000        ; -0.065     ; 2.648      ;
; -1.718 ; digito_clave[1]        ; estado.ADMIN_OK        ; clk          ; clk         ; 1.000        ; -0.065     ; 2.648      ;
; -1.716 ; digito_clave[1]        ; estado.OP_AGREGAR_USR  ; clk          ; clk         ; 1.000        ; -0.065     ; 2.646      ;
; -1.703 ; digito_admin[1]        ; estado.ESPERA          ; clk          ; clk         ; 1.000        ; 0.279      ; 2.977      ;
; -1.693 ; estado.ESPERA          ; digito_admin[0]        ; clk          ; clk         ; 1.000        ; -0.423     ; 2.265      ;
; -1.693 ; estado.ESPERA          ; digito_admin[1]        ; clk          ; clk         ; 1.000        ; -0.423     ; 2.265      ;
; -1.678 ; estado.OP_ELIMINAR_USR ; estado.ESPERA          ; clk          ; clk         ; 1.000        ; 0.279      ; 2.952      ;
; -1.673 ; digito_clave[0]        ; estado.CLAVE_ADMIN     ; clk          ; clk         ; 1.000        ; -0.065     ; 2.603      ;
; -1.666 ; estado.OP_AGREGAR_CLV  ; estado.OP_AGREGAR_CLV  ; clk          ; clk         ; 1.000        ; -0.079     ; 2.582      ;
; -1.661 ; estado.OP_AGREGAR_CLV  ; clave_buf[3][0]        ; clk          ; clk         ; 1.000        ; -0.425     ; 2.231      ;
; -1.661 ; estado.OP_AGREGAR_CLV  ; clave_buf[3][1]        ; clk          ; clk         ; 1.000        ; -0.425     ; 2.231      ;
; -1.661 ; estado.OP_AGREGAR_CLV  ; clave_buf[3][2]        ; clk          ; clk         ; 1.000        ; -0.425     ; 2.231      ;
; -1.661 ; estado.OP_AGREGAR_CLV  ; clave_buf[3][3]        ; clk          ; clk         ; 1.000        ; -0.425     ; 2.231      ;
; -1.661 ; estado.OP_AGREGAR_CLV  ; clave_buf[2][0]        ; clk          ; clk         ; 1.000        ; -0.424     ; 2.232      ;
; -1.661 ; estado.OP_AGREGAR_CLV  ; clave_buf[2][1]        ; clk          ; clk         ; 1.000        ; -0.424     ; 2.232      ;
; -1.661 ; estado.OP_AGREGAR_CLV  ; clave_buf[2][2]        ; clk          ; clk         ; 1.000        ; -0.424     ; 2.232      ;
; -1.661 ; estado.OP_AGREGAR_CLV  ; clave_buf[2][3]        ; clk          ; clk         ; 1.000        ; -0.424     ; 2.232      ;
; -1.661 ; estado.OP_AGREGAR_CLV  ; estado.ESCRIBIENDO     ; clk          ; clk         ; 1.000        ; -0.079     ; 2.577      ;
; -1.661 ; estado.OP_AGREGAR_CLV  ; estado.OP_AGREGAR_HOR  ; clk          ; clk         ; 1.000        ; -0.079     ; 2.577      ;
; -1.655 ; estado.OP_AGREGAR_HOR  ; estado.CLAVE_ADMIN     ; clk          ; clk         ; 1.000        ; -0.423     ; 2.227      ;
; -1.653 ; digito_clave[1]        ; digito_clave[0]        ; clk          ; clk         ; 1.000        ; -0.065     ; 2.583      ;
; -1.650 ; estado.CLAVE_ADMIN     ; estado.OP_AGREGAR_CLV  ; clk          ; clk         ; 1.000        ; 0.279      ; 2.924      ;
; -1.649 ; digito_clave[0]        ; digito_clave[1]        ; clk          ; clk         ; 1.000        ; -0.065     ; 2.579      ;
; -1.647 ; write_step[2]          ; dato_i[3]              ; clk          ; clk         ; 1.000        ; -0.066     ; 2.576      ;
; -1.645 ; estado.CLAVE_ADMIN     ; estado.ESCRIBIENDO     ; clk          ; clk         ; 1.000        ; 0.279      ; 2.919      ;
; -1.645 ; estado.CLAVE_ADMIN     ; estado.OP_AGREGAR_HOR  ; clk          ; clk         ; 1.000        ; 0.279      ; 2.919      ;
; -1.642 ; digito_clave[1]        ; estado.OP_AGREGAR_CLV  ; clk          ; clk         ; 1.000        ; 0.279      ; 2.916      ;
; -1.637 ; estado.ESCRIBIENDO     ; estado.OP_ELIMINAR_USR ; clk          ; clk         ; 1.000        ; -0.423     ; 2.209      ;
; -1.637 ; digito_clave[1]        ; estado.ESCRIBIENDO     ; clk          ; clk         ; 1.000        ; 0.279      ; 2.911      ;
; -1.637 ; digito_clave[1]        ; estado.OP_AGREGAR_HOR  ; clk          ; clk         ; 1.000        ; 0.279      ; 2.911      ;
; -1.628 ; estado.ESPERA          ; estado.OP_ELIMINAR_USR ; clk          ; clk         ; 1.000        ; -0.423     ; 2.200      ;
; -1.622 ; estado.OP_AGREGAR_CLV  ; digito_clave[1]        ; clk          ; clk         ; 1.000        ; -0.423     ; 2.194      ;
; -1.614 ; write_step[2]          ; dato_i[2]              ; clk          ; clk         ; 1.000        ; -0.066     ; 2.543      ;
; -1.590 ; digito_clave[0]        ; estado.ADMIN_OK        ; clk          ; clk         ; 1.000        ; -0.065     ; 2.520      ;
; -1.588 ; digito_clave[0]        ; estado.OP_AGREGAR_USR  ; clk          ; clk         ; 1.000        ; -0.065     ; 2.518      ;
; -1.576 ; write_step[1]          ; dato_i[3]              ; clk          ; clk         ; 1.000        ; -0.066     ; 2.505      ;
; -1.572 ; estado.OP_AGREGAR_HOR  ; estado.ADMIN_OK        ; clk          ; clk         ; 1.000        ; -0.423     ; 2.144      ;
; -1.570 ; estado.OP_AGREGAR_HOR  ; estado.OP_AGREGAR_USR  ; clk          ; clk         ; 1.000        ; -0.423     ; 2.142      ;
; -1.557 ; digito_admin[0]        ; estado.ESPERA          ; clk          ; clk         ; 1.000        ; 0.279      ; 2.831      ;
; -1.556 ; write_step[0]          ; dato_i[2]              ; clk          ; clk         ; 1.000        ; -0.067     ; 2.484      ;
; -1.554 ; horario_buf[1]         ; dato_i[1]              ; clk          ; clk         ; 1.000        ; -0.415     ; 2.134      ;
; -1.525 ; digito_clave[0]        ; digito_clave[0]        ; clk          ; clk         ; 1.000        ; -0.065     ; 2.455      ;
; -1.518 ; write_step[2]          ; estado.ESPERA          ; clk          ; clk         ; 1.000        ; 0.280      ; 2.793      ;
+--------+------------------------+------------------------+--------------+-------------+--------------+------------+------------+


+-------------------------------------------------------------------------------------------------------------------------------+
; Slow 1200mV 85C Model Hold: 'clk'                                                                                             ;
+-------+------------------------+------------------------+--------------+-------------+--------------+------------+------------+
; Slack ; From Node              ; To Node                ; Launch Clock ; Latch Clock ; Relationship ; Clock Skew ; Data Delay ;
+-------+------------------------+------------------------+--------------+-------------+--------------+------------+------------+
; 0.341 ; estado.ESCRIBIENDO     ; estado.ESCRIBIENDO     ; clk          ; clk         ; 0.000        ; 0.079      ; 0.577      ;
; 0.341 ; estado.ESPERA          ; estado.ESPERA          ; clk          ; clk         ; 0.000        ; 0.079      ; 0.577      ;
; 0.341 ; estado.OP_AGREGAR_HOR  ; estado.OP_AGREGAR_HOR  ; clk          ; clk         ; 0.000        ; 0.079      ; 0.577      ;
; 0.341 ; estado.OP_AGREGAR_CLV  ; estado.OP_AGREGAR_CLV  ; clk          ; clk         ; 0.000        ; 0.079      ; 0.577      ;
; 0.355 ; addr_i[1]              ; addr_i[1]              ; clk          ; clk         ; 0.000        ; 0.065      ; 0.577      ;
; 0.355 ; estado.OP_AGREGAR_USR  ; estado.OP_AGREGAR_USR  ; clk          ; clk         ; 0.000        ; 0.065      ; 0.577      ;
; 0.355 ; estado.CLAVE_ADMIN     ; estado.CLAVE_ADMIN     ; clk          ; clk         ; 0.000        ; 0.065      ; 0.577      ;
; 0.355 ; estado.OP_ELIMINAR_USR ; estado.OP_ELIMINAR_USR ; clk          ; clk         ; 0.000        ; 0.065      ; 0.577      ;
; 0.355 ; estado.ADMIN_OK        ; estado.ADMIN_OK        ; clk          ; clk         ; 0.000        ; 0.065      ; 0.577      ;
; 0.355 ; write_step[2]          ; write_step[2]          ; clk          ; clk         ; 0.000        ; 0.065      ; 0.577      ;
; 0.355 ; write_step[1]          ; write_step[1]          ; clk          ; clk         ; 0.000        ; 0.065      ; 0.577      ;
; 0.355 ; write_step[0]          ; write_step[0]          ; clk          ; clk         ; 0.000        ; 0.065      ; 0.577      ;
; 0.355 ; digito_clave[1]        ; digito_clave[1]        ; clk          ; clk         ; 0.000        ; 0.065      ; 0.577      ;
; 0.355 ; digito_clave[0]        ; digito_clave[0]        ; clk          ; clk         ; 0.000        ; 0.065      ; 0.577      ;
; 0.355 ; digito_admin[1]        ; digito_admin[1]        ; clk          ; clk         ; 0.000        ; 0.065      ; 0.577      ;
; 0.358 ; digito_admin[0]        ; digito_admin[0]        ; clk          ; clk         ; 0.000        ; 0.065      ; 0.580      ;
; 0.514 ; estado.OP_AGREGAR_USR  ; estado.OP_AGREGAR_CLV  ; clk          ; clk         ; 0.000        ; 0.423      ; 1.094      ;
; 0.547 ; write_step[0]          ; write_step[2]          ; clk          ; clk         ; 0.000        ; 0.064      ; 0.768      ;
; 0.563 ; estado.OP_AGREGAR_USR  ; digito_clave[0]        ; clk          ; clk         ; 0.000        ; 0.065      ; 0.785      ;
; 0.592 ; write_step[1]          ; write_step[2]          ; clk          ; clk         ; 0.000        ; 0.065      ; 0.814      ;
; 0.602 ; estado.CLAVE_ADMIN     ; digito_admin[1]        ; clk          ; clk         ; 0.000        ; 0.065      ; 0.824      ;
; 0.604 ; estado.CLAVE_ADMIN     ; digito_admin[0]        ; clk          ; clk         ; 0.000        ; 0.065      ; 0.826      ;
; 0.656 ; write_step[0]          ; addr_i[0]              ; clk          ; clk         ; 0.000        ; 0.413      ; 1.226      ;
; 0.712 ; digito_admin[0]        ; digito_admin[1]        ; clk          ; clk         ; 0.000        ; 0.065      ; 0.934      ;
; 0.741 ; digito_clave[0]        ; digito_clave[1]        ; clk          ; clk         ; 0.000        ; 0.065      ; 0.963      ;
; 0.748 ; write_step[2]          ; addr_i[4]              ; clk          ; clk         ; 0.000        ; 0.414      ; 1.319      ;
; 0.750 ; write_step[0]          ; write_step[1]          ; clk          ; clk         ; 0.000        ; 0.064      ; 0.971      ;
; 0.757 ; clave_buf[3][3]        ; dato_i[3]              ; clk          ; clk         ; 0.000        ; 0.065      ; 0.979      ;
; 0.784 ; clave_buf[3][2]        ; dato_i[2]              ; clk          ; clk         ; 0.000        ; 0.065      ; 1.006      ;
; 0.814 ; digito_admin[1]        ; digito_admin[0]        ; clk          ; clk         ; 0.000        ; 0.065      ; 1.036      ;
; 0.820 ; usuario_sel[0]         ; addr_i[4]              ; clk          ; clk         ; 0.000        ; 0.071      ; 1.048      ;
; 0.822 ; estado.OP_ELIMINAR_USR ; addr_i[0]              ; clk          ; clk         ; 0.000        ; 0.413      ; 1.392      ;
; 0.824 ; estado.OP_ELIMINAR_USR ; dato_i[6]              ; clk          ; clk         ; 0.000        ; 0.413      ; 1.394      ;
; 0.824 ; estado.OP_ELIMINAR_USR ; dato_i[7]              ; clk          ; clk         ; 0.000        ; 0.413      ; 1.394      ;
; 0.825 ; estado.OP_ELIMINAR_USR ; dato_i[5]              ; clk          ; clk         ; 0.000        ; 0.413      ; 1.395      ;
; 0.864 ; estado.OP_ELIMINAR_USR ; dato_i[4]              ; clk          ; clk         ; 0.000        ; 0.413      ; 1.434      ;
; 0.887 ; estado.ESCRIBIENDO     ; write_step[0]          ; clk          ; clk         ; 0.000        ; -0.279     ; 0.765      ;
; 0.889 ; write_step[2]          ; addr_i[2]              ; clk          ; clk         ; 0.000        ; 0.414      ; 1.460      ;
; 0.921 ; write_step[1]          ; addr_i[2]              ; clk          ; clk         ; 0.000        ; 0.414      ; 1.492      ;
; 0.924 ; write_step[1]          ; addr_i[3]              ; clk          ; clk         ; 0.000        ; 0.414      ; 1.495      ;
; 0.964 ; write_step[2]          ; write_step[1]          ; clk          ; clk         ; 0.000        ; 0.065      ; 1.186      ;
; 0.979 ; clave_buf[3][1]        ; dato_i[1]              ; clk          ; clk         ; 0.000        ; 0.065      ; 1.201      ;
; 1.006 ; estado.OP_AGREGAR_HOR  ; estado.ESCRIBIENDO     ; clk          ; clk         ; 0.000        ; 0.079      ; 1.242      ;
; 1.012 ; estado.ADMIN_OK        ; estado.ESPERA          ; clk          ; clk         ; 0.000        ; 0.423      ; 1.592      ;
; 1.054 ; estado.OP_ELIMINAR_USR ; estado.ESPERA          ; clk          ; clk         ; 0.000        ; 0.423      ; 1.634      ;
; 1.054 ; usuario_sel[0]         ; addr_i[2]              ; clk          ; clk         ; 0.000        ; 0.071      ; 1.282      ;
; 1.058 ; write_step[2]          ; dato_i[1]              ; clk          ; clk         ; 0.000        ; 0.064      ; 1.279      ;
; 1.062 ; write_step[2]          ; dato_i[0]              ; clk          ; clk         ; 0.000        ; 0.064      ; 1.283      ;
; 1.065 ; usuario_sel[0]         ; addr_i[3]              ; clk          ; clk         ; 0.000        ; 0.071      ; 1.293      ;
; 1.069 ; estado.ADMIN_OK        ; digito_clave[0]        ; clk          ; clk         ; 0.000        ; 0.065      ; 1.291      ;
; 1.083 ; estado.CLAVE_ADMIN     ; estado.ESPERA          ; clk          ; clk         ; 0.000        ; 0.423      ; 1.663      ;
; 1.110 ; estado.ESCRIBIENDO     ; write_step[1]          ; clk          ; clk         ; 0.000        ; -0.280     ; 0.987      ;
; 1.117 ; estado.OP_ELIMINAR_USR ; dato_i[3]              ; clk          ; clk         ; 0.000        ; 0.063      ; 1.337      ;
; 1.117 ; estado.OP_ELIMINAR_USR ; dato_i[2]              ; clk          ; clk         ; 0.000        ; 0.063      ; 1.337      ;
; 1.117 ; estado.OP_ELIMINAR_USR ; dato_i[1]              ; clk          ; clk         ; 0.000        ; 0.063      ; 1.337      ;
; 1.117 ; estado.OP_ELIMINAR_USR ; dato_i[0]              ; clk          ; clk         ; 0.000        ; 0.063      ; 1.337      ;
; 1.133 ; digito_clave[0]        ; estado.OP_AGREGAR_HOR  ; clk          ; clk         ; 0.000        ; 0.423      ; 1.713      ;
; 1.141 ; usuario_sel[1]         ; addr_i[2]              ; clk          ; clk         ; 0.000        ; 0.071      ; 1.369      ;
; 1.144 ; usuario_sel[1]         ; addr_i[4]              ; clk          ; clk         ; 0.000        ; 0.071      ; 1.372      ;
; 1.144 ; usuario_sel[1]         ; addr_i[3]              ; clk          ; clk         ; 0.000        ; 0.071      ; 1.372      ;
; 1.148 ; estado.OP_AGREGAR_CLV  ; digito_clave[0]        ; clk          ; clk         ; 0.000        ; -0.279     ; 1.026      ;
; 1.158 ; write_step[2]          ; addr_i[3]              ; clk          ; clk         ; 0.000        ; 0.414      ; 1.729      ;
; 1.166 ; estado.OP_AGREGAR_CLV  ; digito_clave[1]        ; clk          ; clk         ; 0.000        ; -0.279     ; 1.044      ;
; 1.180 ; estado.OP_ELIMINAR_USR ; we_i                   ; clk          ; clk         ; 0.000        ; 0.058      ; 1.395      ;
; 1.185 ; estado.ADMIN_OK        ; estado.OP_AGREGAR_USR  ; clk          ; clk         ; 0.000        ; 0.065      ; 1.407      ;
; 1.196 ; estado.OP_AGREGAR_CLV  ; estado.OP_AGREGAR_HOR  ; clk          ; clk         ; 0.000        ; 0.079      ; 1.432      ;
; 1.229 ; digito_clave[1]        ; estado.OP_AGREGAR_HOR  ; clk          ; clk         ; 0.000        ; 0.423      ; 1.809      ;
; 1.232 ; estado.OP_ELIMINAR_USR ; estado.OP_AGREGAR_CLV  ; clk          ; clk         ; 0.000        ; 0.423      ; 1.812      ;
; 1.234 ; estado.OP_ELIMINAR_USR ; estado.ESCRIBIENDO     ; clk          ; clk         ; 0.000        ; 0.423      ; 1.814      ;
; 1.234 ; estado.OP_ELIMINAR_USR ; estado.OP_AGREGAR_HOR  ; clk          ; clk         ; 0.000        ; 0.423      ; 1.814      ;
; 1.278 ; estado.ESCRIBIENDO     ; addr_i[4]              ; clk          ; clk         ; 0.000        ; 0.069      ; 1.504      ;
; 1.284 ; estado.ADMIN_OK        ; usuario_sel[0]         ; clk          ; clk         ; 0.000        ; 0.421      ; 1.862      ;
; 1.284 ; estado.ADMIN_OK        ; usuario_sel[1]         ; clk          ; clk         ; 0.000        ; 0.421      ; 1.862      ;
; 1.286 ; estado.CLAVE_ADMIN     ; estado.OP_AGREGAR_HOR  ; clk          ; clk         ; 0.000        ; 0.423      ; 1.866      ;
; 1.287 ; estado.CLAVE_ADMIN     ; estado.ESCRIBIENDO     ; clk          ; clk         ; 0.000        ; 0.423      ; 1.867      ;
; 1.289 ; estado.CLAVE_ADMIN     ; estado.OP_AGREGAR_CLV  ; clk          ; clk         ; 0.000        ; 0.423      ; 1.869      ;
; 1.294 ; write_step[1]          ; dato_i[1]              ; clk          ; clk         ; 0.000        ; 0.064      ; 1.515      ;
; 1.300 ; estado.ESCRIBIENDO     ; write_step[2]          ; clk          ; clk         ; 0.000        ; -0.280     ; 1.177      ;
; 1.318 ; clave_buf[2][0]        ; dato_i[0]              ; clk          ; clk         ; 0.000        ; 0.064      ; 1.539      ;
; 1.340 ; estado.OP_ELIMINAR_USR ; addr_i[1]              ; clk          ; clk         ; 0.000        ; 0.063      ; 1.560      ;
; 1.375 ; estado.ADMIN_OK        ; digito_clave[1]        ; clk          ; clk         ; 0.000        ; 0.065      ; 1.597      ;
; 1.389 ; estado.ADMIN_OK        ; estado.OP_ELIMINAR_USR ; clk          ; clk         ; 0.000        ; 0.065      ; 1.611      ;
; 1.392 ; digito_admin[1]        ; estado.ESPERA          ; clk          ; clk         ; 0.000        ; 0.423      ; 1.972      ;
; 1.406 ; digito_clave[0]        ; clave_buf[1][0]        ; clk          ; clk         ; 0.000        ; 0.406      ; 1.969      ;
; 1.406 ; digito_clave[0]        ; clave_buf[1][1]        ; clk          ; clk         ; 0.000        ; 0.406      ; 1.969      ;
; 1.406 ; digito_clave[0]        ; clave_buf[1][2]        ; clk          ; clk         ; 0.000        ; 0.406      ; 1.969      ;
; 1.406 ; digito_clave[0]        ; clave_buf[1][3]        ; clk          ; clk         ; 0.000        ; 0.406      ; 1.969      ;
; 1.415 ; digito_clave[1]        ; clave_buf[1][0]        ; clk          ; clk         ; 0.000        ; 0.406      ; 1.978      ;
; 1.415 ; digito_clave[1]        ; clave_buf[1][1]        ; clk          ; clk         ; 0.000        ; 0.406      ; 1.978      ;
; 1.415 ; digito_clave[1]        ; clave_buf[1][2]        ; clk          ; clk         ; 0.000        ; 0.406      ; 1.978      ;
; 1.415 ; digito_clave[1]        ; clave_buf[1][3]        ; clk          ; clk         ; 0.000        ; 0.406      ; 1.978      ;
; 1.426 ; estado.OP_ELIMINAR_USR ; estado.ADMIN_OK        ; clk          ; clk         ; 0.000        ; 0.065      ; 1.648      ;
; 1.430 ; estado.OP_ELIMINAR_USR ; estado.CLAVE_ADMIN     ; clk          ; clk         ; 0.000        ; 0.065      ; 1.652      ;
; 1.431 ; write_step[1]          ; dato_i[0]              ; clk          ; clk         ; 0.000        ; 0.064      ; 1.652      ;
; 1.433 ; write_step[0]          ; dato_i[3]              ; clk          ; clk         ; 0.000        ; 0.063      ; 1.653      ;
; 1.440 ; estado.OP_ELIMINAR_USR ; usuario_sel[0]         ; clk          ; clk         ; 0.000        ; 0.421      ; 2.018      ;
; 1.440 ; estado.OP_ELIMINAR_USR ; usuario_sel[1]         ; clk          ; clk         ; 0.000        ; 0.421      ; 2.018      ;
; 1.441 ; estado.CLAVE_ADMIN     ; estado.OP_AGREGAR_USR  ; clk          ; clk         ; 0.000        ; 0.065      ; 1.663      ;
; 1.441 ; estado.ESCRIBIENDO     ; we_i                   ; clk          ; clk         ; 0.000        ; -0.286     ; 1.312      ;
; 1.442 ; estado.CLAVE_ADMIN     ; estado.ADMIN_OK        ; clk          ; clk         ; 0.000        ; 0.065      ; 1.664      ;
+-------+------------------------+------------------------+--------------+-------------+--------------+------------+------------+


+--------------------------------------------------------------------------------------------------------+
; Slow 1200mV 85C Model Minimum Pulse Width: 'clk'                                                       ;
+--------+--------------+----------------+-----------------+-------+------------+------------------------+
; Slack  ; Actual Width ; Required Width ; Type            ; Clock ; Clock Edge ; Target                 ;
+--------+--------------+----------------+-----------------+-------+------------+------------------------+
; -3.000 ; 1.000        ; 4.000          ; Port Rate       ; clk   ; Rise       ; clk                    ;
; -1.000 ; 1.000        ; 2.000          ; Min Period      ; clk   ; Rise       ; addr_i[0]              ;
; -1.000 ; 1.000        ; 2.000          ; Min Period      ; clk   ; Rise       ; addr_i[1]              ;
; -1.000 ; 1.000        ; 2.000          ; Min Period      ; clk   ; Rise       ; addr_i[2]              ;
; -1.000 ; 1.000        ; 2.000          ; Min Period      ; clk   ; Rise       ; addr_i[3]              ;
; -1.000 ; 1.000        ; 2.000          ; Min Period      ; clk   ; Rise       ; addr_i[4]              ;
; -1.000 ; 1.000        ; 2.000          ; Min Period      ; clk   ; Rise       ; clave_buf[0][0]        ;
; -1.000 ; 1.000        ; 2.000          ; Min Period      ; clk   ; Rise       ; clave_buf[0][1]        ;
; -1.000 ; 1.000        ; 2.000          ; Min Period      ; clk   ; Rise       ; clave_buf[0][2]        ;
; -1.000 ; 1.000        ; 2.000          ; Min Period      ; clk   ; Rise       ; clave_buf[0][3]        ;
; -1.000 ; 1.000        ; 2.000          ; Min Period      ; clk   ; Rise       ; clave_buf[1][0]        ;
; -1.000 ; 1.000        ; 2.000          ; Min Period      ; clk   ; Rise       ; clave_buf[1][1]        ;
; -1.000 ; 1.000        ; 2.000          ; Min Period      ; clk   ; Rise       ; clave_buf[1][2]        ;
; -1.000 ; 1.000        ; 2.000          ; Min Period      ; clk   ; Rise       ; clave_buf[1][3]        ;
; -1.000 ; 1.000        ; 2.000          ; Min Period      ; clk   ; Rise       ; clave_buf[2][0]        ;
; -1.000 ; 1.000        ; 2.000          ; Min Period      ; clk   ; Rise       ; clave_buf[2][1]        ;
; -1.000 ; 1.000        ; 2.000          ; Min Period      ; clk   ; Rise       ; clave_buf[2][2]        ;
; -1.000 ; 1.000        ; 2.000          ; Min Period      ; clk   ; Rise       ; clave_buf[2][3]        ;
; -1.000 ; 1.000        ; 2.000          ; Min Period      ; clk   ; Rise       ; clave_buf[3][0]        ;
; -1.000 ; 1.000        ; 2.000          ; Min Period      ; clk   ; Rise       ; clave_buf[3][1]        ;
; -1.000 ; 1.000        ; 2.000          ; Min Period      ; clk   ; Rise       ; clave_buf[3][2]        ;
; -1.000 ; 1.000        ; 2.000          ; Min Period      ; clk   ; Rise       ; clave_buf[3][3]        ;
; -1.000 ; 1.000        ; 2.000          ; Min Period      ; clk   ; Rise       ; dato_i[0]              ;
; -1.000 ; 1.000        ; 2.000          ; Min Period      ; clk   ; Rise       ; dato_i[1]              ;
; -1.000 ; 1.000        ; 2.000          ; Min Period      ; clk   ; Rise       ; dato_i[2]              ;
; -1.000 ; 1.000        ; 2.000          ; Min Period      ; clk   ; Rise       ; dato_i[3]              ;
; -1.000 ; 1.000        ; 2.000          ; Min Period      ; clk   ; Rise       ; dato_i[4]              ;
; -1.000 ; 1.000        ; 2.000          ; Min Period      ; clk   ; Rise       ; dato_i[5]              ;
; -1.000 ; 1.000        ; 2.000          ; Min Period      ; clk   ; Rise       ; dato_i[6]              ;
; -1.000 ; 1.000        ; 2.000          ; Min Period      ; clk   ; Rise       ; dato_i[7]              ;
; -1.000 ; 1.000        ; 2.000          ; Min Period      ; clk   ; Rise       ; digito_admin[0]        ;
; -1.000 ; 1.000        ; 2.000          ; Min Period      ; clk   ; Rise       ; digito_admin[1]        ;
; -1.000 ; 1.000        ; 2.000          ; Min Period      ; clk   ; Rise       ; digito_clave[0]        ;
; -1.000 ; 1.000        ; 2.000          ; Min Period      ; clk   ; Rise       ; digito_clave[1]        ;
; -1.000 ; 1.000        ; 2.000          ; Min Period      ; clk   ; Rise       ; estado.ADMIN_OK        ;
; -1.000 ; 1.000        ; 2.000          ; Min Period      ; clk   ; Rise       ; estado.CLAVE_ADMIN     ;
; -1.000 ; 1.000        ; 2.000          ; Min Period      ; clk   ; Rise       ; estado.ESCRIBIENDO     ;
; -1.000 ; 1.000        ; 2.000          ; Min Period      ; clk   ; Rise       ; estado.ESPERA          ;
; -1.000 ; 1.000        ; 2.000          ; Min Period      ; clk   ; Rise       ; estado.OP_AGREGAR_CLV  ;
; -1.000 ; 1.000        ; 2.000          ; Min Period      ; clk   ; Rise       ; estado.OP_AGREGAR_HOR  ;
; -1.000 ; 1.000        ; 2.000          ; Min Period      ; clk   ; Rise       ; estado.OP_AGREGAR_USR  ;
; -1.000 ; 1.000        ; 2.000          ; Min Period      ; clk   ; Rise       ; estado.OP_ELIMINAR_USR ;
; -1.000 ; 1.000        ; 2.000          ; Min Period      ; clk   ; Rise       ; horario_buf[0]         ;
; -1.000 ; 1.000        ; 2.000          ; Min Period      ; clk   ; Rise       ; horario_buf[1]         ;
; -1.000 ; 1.000        ; 2.000          ; Min Period      ; clk   ; Rise       ; usuario_sel[0]         ;
; -1.000 ; 1.000        ; 2.000          ; Min Period      ; clk   ; Rise       ; usuario_sel[1]         ;
; -1.000 ; 1.000        ; 2.000          ; Min Period      ; clk   ; Rise       ; we_i                   ;
; -1.000 ; 1.000        ; 2.000          ; Min Period      ; clk   ; Rise       ; write_step[0]          ;
; -1.000 ; 1.000        ; 2.000          ; Min Period      ; clk   ; Rise       ; write_step[1]          ;
; -1.000 ; 1.000        ; 2.000          ; Min Period      ; clk   ; Rise       ; write_step[2]          ;
; 0.178  ; 0.362        ; 0.184          ; Low Pulse Width ; clk   ; Rise       ; clave_buf[0][0]        ;
; 0.178  ; 0.362        ; 0.184          ; Low Pulse Width ; clk   ; Rise       ; clave_buf[0][1]        ;
; 0.178  ; 0.362        ; 0.184          ; Low Pulse Width ; clk   ; Rise       ; clave_buf[0][2]        ;
; 0.178  ; 0.362        ; 0.184          ; Low Pulse Width ; clk   ; Rise       ; clave_buf[0][3]        ;
; 0.188  ; 0.372        ; 0.184          ; Low Pulse Width ; clk   ; Rise       ; addr_i[0]              ;
; 0.188  ; 0.372        ; 0.184          ; Low Pulse Width ; clk   ; Rise       ; addr_i[2]              ;
; 0.188  ; 0.372        ; 0.184          ; Low Pulse Width ; clk   ; Rise       ; addr_i[3]              ;
; 0.188  ; 0.372        ; 0.184          ; Low Pulse Width ; clk   ; Rise       ; addr_i[4]              ;
; 0.188  ; 0.372        ; 0.184          ; Low Pulse Width ; clk   ; Rise       ; dato_i[4]              ;
; 0.188  ; 0.372        ; 0.184          ; Low Pulse Width ; clk   ; Rise       ; dato_i[5]              ;
; 0.188  ; 0.372        ; 0.184          ; Low Pulse Width ; clk   ; Rise       ; dato_i[6]              ;
; 0.188  ; 0.372        ; 0.184          ; Low Pulse Width ; clk   ; Rise       ; dato_i[7]              ;
; 0.188  ; 0.372        ; 0.184          ; Low Pulse Width ; clk   ; Rise       ; horario_buf[0]         ;
; 0.188  ; 0.372        ; 0.184          ; Low Pulse Width ; clk   ; Rise       ; horario_buf[1]         ;
; 0.191  ; 0.375        ; 0.184          ; Low Pulse Width ; clk   ; Rise       ; estado.ESCRIBIENDO     ;
; 0.191  ; 0.375        ; 0.184          ; Low Pulse Width ; clk   ; Rise       ; estado.ESPERA          ;
; 0.191  ; 0.375        ; 0.184          ; Low Pulse Width ; clk   ; Rise       ; estado.OP_AGREGAR_CLV  ;
; 0.191  ; 0.375        ; 0.184          ; Low Pulse Width ; clk   ; Rise       ; estado.OP_AGREGAR_HOR  ;
; 0.191  ; 0.375        ; 0.184          ; Low Pulse Width ; clk   ; Rise       ; usuario_sel[0]         ;
; 0.191  ; 0.375        ; 0.184          ; Low Pulse Width ; clk   ; Rise       ; usuario_sel[1]         ;
; 0.195  ; 0.379        ; 0.184          ; Low Pulse Width ; clk   ; Rise       ; clave_buf[1][0]        ;
; 0.195  ; 0.379        ; 0.184          ; Low Pulse Width ; clk   ; Rise       ; clave_buf[1][1]        ;
; 0.195  ; 0.379        ; 0.184          ; Low Pulse Width ; clk   ; Rise       ; clave_buf[1][2]        ;
; 0.195  ; 0.379        ; 0.184          ; Low Pulse Width ; clk   ; Rise       ; clave_buf[1][3]        ;
; 0.208  ; 0.392        ; 0.184          ; Low Pulse Width ; clk   ; Rise       ; clave_buf[3][0]        ;
; 0.208  ; 0.392        ; 0.184          ; Low Pulse Width ; clk   ; Rise       ; clave_buf[3][1]        ;
; 0.208  ; 0.392        ; 0.184          ; Low Pulse Width ; clk   ; Rise       ; clave_buf[3][2]        ;
; 0.208  ; 0.392        ; 0.184          ; Low Pulse Width ; clk   ; Rise       ; clave_buf[3][3]        ;
; 0.208  ; 0.392        ; 0.184          ; Low Pulse Width ; clk   ; Rise       ; we_i                   ;
; 0.209  ; 0.393        ; 0.184          ; Low Pulse Width ; clk   ; Rise       ; addr_i[1]              ;
; 0.209  ; 0.393        ; 0.184          ; Low Pulse Width ; clk   ; Rise       ; clave_buf[2][0]        ;
; 0.209  ; 0.393        ; 0.184          ; Low Pulse Width ; clk   ; Rise       ; clave_buf[2][1]        ;
; 0.209  ; 0.393        ; 0.184          ; Low Pulse Width ; clk   ; Rise       ; clave_buf[2][2]        ;
; 0.209  ; 0.393        ; 0.184          ; Low Pulse Width ; clk   ; Rise       ; clave_buf[2][3]        ;
; 0.209  ; 0.393        ; 0.184          ; Low Pulse Width ; clk   ; Rise       ; dato_i[0]              ;
; 0.209  ; 0.393        ; 0.184          ; Low Pulse Width ; clk   ; Rise       ; dato_i[1]              ;
; 0.209  ; 0.393        ; 0.184          ; Low Pulse Width ; clk   ; Rise       ; dato_i[2]              ;
; 0.209  ; 0.393        ; 0.184          ; Low Pulse Width ; clk   ; Rise       ; dato_i[3]              ;
; 0.209  ; 0.393        ; 0.184          ; Low Pulse Width ; clk   ; Rise       ; digito_admin[0]        ;
; 0.209  ; 0.393        ; 0.184          ; Low Pulse Width ; clk   ; Rise       ; digito_admin[1]        ;
; 0.209  ; 0.393        ; 0.184          ; Low Pulse Width ; clk   ; Rise       ; digito_clave[0]        ;
; 0.209  ; 0.393        ; 0.184          ; Low Pulse Width ; clk   ; Rise       ; digito_clave[1]        ;
; 0.209  ; 0.393        ; 0.184          ; Low Pulse Width ; clk   ; Rise       ; estado.ADMIN_OK        ;
; 0.209  ; 0.393        ; 0.184          ; Low Pulse Width ; clk   ; Rise       ; estado.CLAVE_ADMIN     ;
; 0.209  ; 0.393        ; 0.184          ; Low Pulse Width ; clk   ; Rise       ; estado.OP_AGREGAR_USR  ;
; 0.209  ; 0.393        ; 0.184          ; Low Pulse Width ; clk   ; Rise       ; estado.OP_ELIMINAR_USR ;
; 0.209  ; 0.393        ; 0.184          ; Low Pulse Width ; clk   ; Rise       ; write_step[0]          ;
; 0.209  ; 0.393        ; 0.184          ; Low Pulse Width ; clk   ; Rise       ; write_step[1]          ;
; 0.209  ; 0.393        ; 0.184          ; Low Pulse Width ; clk   ; Rise       ; write_step[2]          ;
; 0.326  ; 0.326        ; 0.000          ; Low Pulse Width ; clk   ; Rise       ; clk~input|o            ;
+--------+--------------+----------------+-----------------+-------+------------+------------------------+


+--------------------------------------------------------------------------+
; Setup Times                                                              ;
+--------------+------------+-------+-------+------------+-----------------+
; Data Port    ; Clock Port ; Rise  ; Fall  ; Clock Edge ; Clock Reference ;
+--------------+------------+-------+-------+------------+-----------------+
; rst          ; clk        ; 1.315 ; 1.387 ; Rise       ; clk             ;
; tecla[*]     ; clk        ; 5.565 ; 6.150 ; Rise       ; clk             ;
;  tecla[0]    ; clk        ; 5.565 ; 6.150 ; Rise       ; clk             ;
;  tecla[1]    ; clk        ; 5.392 ; 5.873 ; Rise       ; clk             ;
;  tecla[2]    ; clk        ; 5.344 ; 5.926 ; Rise       ; clk             ;
;  tecla[3]    ; clk        ; 5.256 ; 5.808 ; Rise       ; clk             ;
; tecla_valida ; clk        ; 4.983 ; 5.604 ; Rise       ; clk             ;
+--------------+------------+-------+-------+------------+-----------------+


+----------------------------------------------------------------------------+
; Hold Times                                                                 ;
+--------------+------------+--------+--------+------------+-----------------+
; Data Port    ; Clock Port ; Rise   ; Fall   ; Clock Edge ; Clock Reference ;
+--------------+------------+--------+--------+------------+-----------------+
; rst          ; clk        ; -0.361 ; -0.441 ; Rise       ; clk             ;
; tecla[*]     ; clk        ; -1.022 ; -1.433 ; Rise       ; clk             ;
;  tecla[0]    ; clk        ; -1.075 ; -1.502 ; Rise       ; clk             ;
;  tecla[1]    ; clk        ; -1.022 ; -1.433 ; Rise       ; clk             ;
;  tecla[2]    ; clk        ; -1.223 ; -1.642 ; Rise       ; clk             ;
;  tecla[3]    ; clk        ; -1.224 ; -1.658 ; Rise       ; clk             ;
; tecla_valida ; clk        ; -2.106 ; -2.599 ; Rise       ; clk             ;
+--------------+------------+--------+--------+------------+-----------------+


+-----------------------------------------------------------------------------+
; Clock to Output Times                                                       ;
+-----------------+------------+-------+-------+------------+-----------------+
; Data Port       ; Clock Port ; Rise  ; Fall  ; Clock Edge ; Clock Reference ;
+-----------------+------------+-------+-------+------------+-----------------+
; display_out[*]  ; clk        ; 8.375 ; 8.348 ; Rise       ; clk             ;
;  display_out[0] ; clk        ; 8.129 ; 7.972 ; Rise       ; clk             ;
;  display_out[1] ; clk        ; 8.184 ; 8.045 ; Rise       ; clk             ;
;  display_out[2] ; clk        ; 7.467 ; 7.495 ; Rise       ; clk             ;
;  display_out[3] ; clk        ; 8.375 ; 8.348 ; Rise       ; clk             ;
; mem_address[*]  ; clk        ; 7.659 ; 7.677 ; Rise       ; clk             ;
;  mem_address[0] ; clk        ; 6.779 ; 6.749 ; Rise       ; clk             ;
;  mem_address[1] ; clk        ; 6.683 ; 6.657 ; Rise       ; clk             ;
;  mem_address[2] ; clk        ; 6.480 ; 6.446 ; Rise       ; clk             ;
;  mem_address[3] ; clk        ; 7.659 ; 7.677 ; Rise       ; clk             ;
;  mem_address[4] ; clk        ; 6.203 ; 6.163 ; Rise       ; clk             ;
; mem_dato_in[*]  ; clk        ; 7.019 ; 6.997 ; Rise       ; clk             ;
;  mem_dato_in[0] ; clk        ; 6.366 ; 6.332 ; Rise       ; clk             ;
;  mem_dato_in[1] ; clk        ; 6.163 ; 6.137 ; Rise       ; clk             ;
;  mem_dato_in[2] ; clk        ; 6.570 ; 6.557 ; Rise       ; clk             ;
;  mem_dato_in[3] ; clk        ; 6.368 ; 6.342 ; Rise       ; clk             ;
;  mem_dato_in[4] ; clk        ; 7.019 ; 6.997 ; Rise       ; clk             ;
;  mem_dato_in[5] ; clk        ; 6.495 ; 6.461 ; Rise       ; clk             ;
;  mem_dato_in[6] ; clk        ; 6.885 ; 6.813 ; Rise       ; clk             ;
;  mem_dato_in[7] ; clk        ; 6.934 ; 6.907 ; Rise       ; clk             ;
; mem_we          ; clk        ; 6.081 ; 6.042 ; Rise       ; clk             ;
; modo_admin      ; clk        ; 6.507 ; 6.478 ; Rise       ; clk             ;
+-----------------+------------+-------+-------+------------+-----------------+


+-----------------------------------------------------------------------------+
; Minimum Clock to Output Times                                               ;
+-----------------+------------+-------+-------+------------+-----------------+
; Data Port       ; Clock Port ; Rise  ; Fall  ; Clock Edge ; Clock Reference ;
+-----------------+------------+-------+-------+------------+-----------------+
; display_out[*]  ; clk        ; 6.805 ; 6.829 ; Rise       ; clk             ;
;  display_out[0] ; clk        ; 6.879 ; 6.829 ; Rise       ; clk             ;
;  display_out[1] ; clk        ; 7.170 ; 7.136 ; Rise       ; clk             ;
;  display_out[2] ; clk        ; 6.805 ; 6.871 ; Rise       ; clk             ;
;  display_out[3] ; clk        ; 7.713 ; 7.724 ; Rise       ; clk             ;
; mem_address[*]  ; clk        ; 6.002 ; 5.961 ; Rise       ; clk             ;
;  mem_address[0] ; clk        ; 6.553 ; 6.522 ; Rise       ; clk             ;
;  mem_address[1] ; clk        ; 6.462 ; 6.434 ; Rise       ; clk             ;
;  mem_address[2] ; clk        ; 6.267 ; 6.232 ; Rise       ; clk             ;
;  mem_address[3] ; clk        ; 7.426 ; 7.442 ; Rise       ; clk             ;
;  mem_address[4] ; clk        ; 6.002 ; 5.961 ; Rise       ; clk             ;
; mem_dato_in[*]  ; clk        ; 5.966 ; 5.937 ; Rise       ; clk             ;
;  mem_dato_in[0] ; clk        ; 6.161 ; 6.124 ; Rise       ; clk             ;
;  mem_dato_in[1] ; clk        ; 5.966 ; 5.937 ; Rise       ; clk             ;
;  mem_dato_in[2] ; clk        ; 6.348 ; 6.331 ; Rise       ; clk             ;
;  mem_dato_in[3] ; clk        ; 6.159 ; 6.131 ; Rise       ; clk             ;
;  mem_dato_in[4] ; clk        ; 6.784 ; 6.760 ; Rise       ; clk             ;
;  mem_dato_in[5] ; clk        ; 6.282 ; 6.246 ; Rise       ; clk             ;
;  mem_dato_in[6] ; clk        ; 6.650 ; 6.576 ; Rise       ; clk             ;
;  mem_dato_in[7] ; clk        ; 6.703 ; 6.673 ; Rise       ; clk             ;
; mem_we          ; clk        ; 5.883 ; 5.843 ; Rise       ; clk             ;
; modo_admin      ; clk        ; 6.296 ; 6.264 ; Rise       ; clk             ;
+-----------------+------------+-------+-------+------------+-----------------+


----------------------------------------------
; Slow 1200mV 85C Model Metastability Report ;
----------------------------------------------
No synchronizer chains to report.


+-----------------------------------------------------------------------------------------------------------+
; Slow 1200mV 0C Model Fmax Summary                                                                         ;
+------------+-----------------+------------+---------------------------------------------------------------+
; Fmax       ; Restricted Fmax ; Clock Name ; Note                                                          ;
+------------+-----------------+------------+---------------------------------------------------------------+
; 343.41 MHz ; 250.0 MHz       ; clk        ; limit due to minimum period restriction (max I/O toggle rate) ;
+------------+-----------------+------------+---------------------------------------------------------------+
This panel reports FMAX for every clock in the design, regardless of the user-specified clock periods.  FMAX is only computed for paths where the source and destination registers or ports are driven by the same clock.  Paths of different clocks, including generated clocks, are ignored.  For paths between a clock and its inversion, FMAX is computed as if the rising and falling edges are scaled along with FMAX, such that the duty cycle (in terms of a percentage) is maintained. Altera recommends that you always use clock constraints and other slack reports for sign-off analysis.


+------------------------------------+
; Slow 1200mV 0C Model Setup Summary ;
+-------+--------+-------------------+
; Clock ; Slack  ; End Point TNS     ;
+-------+--------+-------------------+
; clk   ; -1.912 ; -62.969           ;
+-------+--------+-------------------+


+-----------------------------------+
; Slow 1200mV 0C Model Hold Summary ;
+-------+-------+-------------------+
; Clock ; Slack ; End Point TNS     ;
+-------+-------+-------------------+
; clk   ; 0.296 ; 0.000             ;
+-------+-------+-------------------+


-----------------------------------------
; Slow 1200mV 0C Model Recovery Summary ;
-----------------------------------------
No paths to report.


----------------------------------------
; Slow 1200mV 0C Model Removal Summary ;
----------------------------------------
No paths to report.


+--------------------------------------------------+
; Slow 1200mV 0C Model Minimum Pulse Width Summary ;
+-------+--------+---------------------------------+
; Clock ; Slack  ; End Point TNS                   ;
+-------+--------+---------------------------------+
; clk   ; -3.000 ; -52.000                         ;
+-------+--------+---------------------------------+


+--------------------------------------------------------------------------------------------------------------------------------+
; Slow 1200mV 0C Model Setup: 'clk'                                                                                              ;
+--------+------------------------+------------------------+--------------+-------------+--------------+------------+------------+
; Slack  ; From Node              ; To Node                ; Launch Clock ; Latch Clock ; Relationship ; Clock Skew ; Data Delay ;
+--------+------------------------+------------------------+--------------+-------------+--------------+------------+------------+
; -1.912 ; digito_admin[1]        ; estado.OP_ELIMINAR_USR ; clk          ; clk         ; 1.000        ; -0.058     ; 2.849      ;
; -1.893 ; estado.OP_ELIMINAR_USR ; estado.OP_ELIMINAR_USR ; clk          ; clk         ; 1.000        ; -0.058     ; 2.830      ;
; -1.812 ; digito_admin[1]        ; estado.CLAVE_ADMIN     ; clk          ; clk         ; 1.000        ; -0.058     ; 2.749      ;
; -1.809 ; estado.OP_AGREGAR_CLV  ; estado.OP_ELIMINAR_USR ; clk          ; clk         ; 1.000        ; -0.385     ; 2.419      ;
; -1.784 ; digito_clave[1]        ; estado.OP_ELIMINAR_USR ; clk          ; clk         ; 1.000        ; -0.058     ; 2.721      ;
; -1.778 ; digito_admin[0]        ; estado.OP_ELIMINAR_USR ; clk          ; clk         ; 1.000        ; -0.058     ; 2.715      ;
; -1.772 ; estado.OP_ELIMINAR_USR ; estado.CLAVE_ADMIN     ; clk          ; clk         ; 1.000        ; -0.058     ; 2.709      ;
; -1.750 ; write_step[2]          ; estado.OP_ELIMINAR_USR ; clk          ; clk         ; 1.000        ; -0.057     ; 2.688      ;
; -1.748 ; write_step[0]          ; estado.OP_ELIMINAR_USR ; clk          ; clk         ; 1.000        ; -0.058     ; 2.685      ;
; -1.733 ; estado.ESCRIBIENDO     ; dato_i[3]              ; clk          ; clk         ; 1.000        ; -0.386     ; 2.342      ;
; -1.733 ; estado.ESCRIBIENDO     ; dato_i[2]              ; clk          ; clk         ; 1.000        ; -0.386     ; 2.342      ;
; -1.733 ; estado.ESCRIBIENDO     ; dato_i[1]              ; clk          ; clk         ; 1.000        ; -0.386     ; 2.342      ;
; -1.733 ; estado.ESCRIBIENDO     ; dato_i[0]              ; clk          ; clk         ; 1.000        ; -0.386     ; 2.342      ;
; -1.715 ; digito_admin[0]        ; estado.CLAVE_ADMIN     ; clk          ; clk         ; 1.000        ; -0.058     ; 2.652      ;
; -1.714 ; digito_admin[1]        ; estado.ADMIN_OK        ; clk          ; clk         ; 1.000        ; -0.058     ; 2.651      ;
; -1.711 ; digito_admin[1]        ; estado.OP_AGREGAR_USR  ; clk          ; clk         ; 1.000        ; -0.058     ; 2.648      ;
; -1.695 ; estado.OP_ELIMINAR_USR ; estado.ADMIN_OK        ; clk          ; clk         ; 1.000        ; -0.058     ; 2.632      ;
; -1.692 ; estado.OP_ELIMINAR_USR ; estado.OP_AGREGAR_USR  ; clk          ; clk         ; 1.000        ; -0.058     ; 2.629      ;
; -1.666 ; digito_clave[0]        ; estado.OP_ELIMINAR_USR ; clk          ; clk         ; 1.000        ; -0.058     ; 2.603      ;
; -1.663 ; estado.OP_AGREGAR_HOR  ; estado.OP_ELIMINAR_USR ; clk          ; clk         ; 1.000        ; -0.385     ; 2.273      ;
; -1.644 ; digito_admin[1]        ; estado.OP_AGREGAR_CLV  ; clk          ; clk         ; 1.000        ; 0.256      ; 2.895      ;
; -1.641 ; digito_admin[1]        ; estado.ESCRIBIENDO     ; clk          ; clk         ; 1.000        ; 0.256      ; 2.892      ;
; -1.640 ; digito_admin[1]        ; estado.OP_AGREGAR_HOR  ; clk          ; clk         ; 1.000        ; 0.256      ; 2.891      ;
; -1.635 ; write_step[2]          ; estado.CLAVE_ADMIN     ; clk          ; clk         ; 1.000        ; -0.057     ; 2.573      ;
; -1.627 ; estado.CLAVE_ADMIN     ; estado.OP_ELIMINAR_USR ; clk          ; clk         ; 1.000        ; -0.058     ; 2.564      ;
; -1.623 ; write_step[0]          ; estado.CLAVE_ADMIN     ; clk          ; clk         ; 1.000        ; -0.058     ; 2.560      ;
; -1.619 ; estado.OP_ELIMINAR_USR ; estado.OP_AGREGAR_CLV  ; clk          ; clk         ; 1.000        ; 0.256      ; 2.870      ;
; -1.616 ; estado.OP_ELIMINAR_USR ; estado.ESCRIBIENDO     ; clk          ; clk         ; 1.000        ; 0.256      ; 2.867      ;
; -1.616 ; estado.OP_ELIMINAR_USR ; estado.OP_AGREGAR_HOR  ; clk          ; clk         ; 1.000        ; 0.256      ; 2.867      ;
; -1.608 ; digito_admin[0]        ; estado.ADMIN_OK        ; clk          ; clk         ; 1.000        ; -0.058     ; 2.545      ;
; -1.606 ; digito_admin[0]        ; estado.OP_AGREGAR_USR  ; clk          ; clk         ; 1.000        ; -0.058     ; 2.543      ;
; -1.552 ; write_step[2]          ; estado.ADMIN_OK        ; clk          ; clk         ; 1.000        ; -0.057     ; 2.490      ;
; -1.550 ; write_step[0]          ; estado.ADMIN_OK        ; clk          ; clk         ; 1.000        ; -0.058     ; 2.487      ;
; -1.549 ; write_step[2]          ; estado.OP_AGREGAR_USR  ; clk          ; clk         ; 1.000        ; -0.057     ; 2.487      ;
; -1.547 ; write_step[0]          ; estado.OP_AGREGAR_USR  ; clk          ; clk         ; 1.000        ; -0.058     ; 2.484      ;
; -1.547 ; digito_admin[0]        ; estado.OP_AGREGAR_CLV  ; clk          ; clk         ; 1.000        ; 0.256      ; 2.798      ;
; -1.544 ; digito_admin[0]        ; estado.ESCRIBIENDO     ; clk          ; clk         ; 1.000        ; 0.256      ; 2.795      ;
; -1.543 ; digito_admin[0]        ; estado.OP_AGREGAR_HOR  ; clk          ; clk         ; 1.000        ; 0.256      ; 2.794      ;
; -1.534 ; estado.OP_AGREGAR_CLV  ; estado.CLAVE_ADMIN     ; clk          ; clk         ; 1.000        ; -0.385     ; 2.144      ;
; -1.509 ; estado.CLAVE_ADMIN     ; estado.CLAVE_ADMIN     ; clk          ; clk         ; 1.000        ; -0.058     ; 2.446      ;
; -1.509 ; digito_clave[1]        ; estado.CLAVE_ADMIN     ; clk          ; clk         ; 1.000        ; -0.058     ; 2.446      ;
; -1.493 ; estado.OP_ELIMINAR_USR ; dato_i[3]              ; clk          ; clk         ; 1.000        ; -0.059     ; 2.429      ;
; -1.493 ; estado.OP_ELIMINAR_USR ; dato_i[2]              ; clk          ; clk         ; 1.000        ; -0.059     ; 2.429      ;
; -1.493 ; estado.OP_ELIMINAR_USR ; dato_i[1]              ; clk          ; clk         ; 1.000        ; -0.059     ; 2.429      ;
; -1.493 ; estado.OP_ELIMINAR_USR ; dato_i[0]              ; clk          ; clk         ; 1.000        ; -0.059     ; 2.429      ;
; -1.486 ; digito_clave[1]        ; digito_clave[1]        ; clk          ; clk         ; 1.000        ; -0.057     ; 2.424      ;
; -1.485 ; estado.OP_AGREGAR_USR  ; estado.OP_ELIMINAR_USR ; clk          ; clk         ; 1.000        ; -0.058     ; 2.422      ;
; -1.476 ; write_step[2]          ; estado.OP_AGREGAR_CLV  ; clk          ; clk         ; 1.000        ; 0.257      ; 2.728      ;
; -1.474 ; write_step[0]          ; estado.OP_AGREGAR_CLV  ; clk          ; clk         ; 1.000        ; 0.256      ; 2.725      ;
; -1.473 ; write_step[2]          ; estado.ESCRIBIENDO     ; clk          ; clk         ; 1.000        ; 0.257      ; 2.725      ;
; -1.473 ; write_step[2]          ; estado.OP_AGREGAR_HOR  ; clk          ; clk         ; 1.000        ; 0.257      ; 2.725      ;
; -1.471 ; write_step[0]          ; estado.ESCRIBIENDO     ; clk          ; clk         ; 1.000        ; 0.256      ; 2.722      ;
; -1.471 ; write_step[0]          ; estado.OP_AGREGAR_HOR  ; clk          ; clk         ; 1.000        ; 0.256      ; 2.722      ;
; -1.461 ; estado.OP_AGREGAR_CLV  ; estado.ADMIN_OK        ; clk          ; clk         ; 1.000        ; -0.385     ; 2.071      ;
; -1.458 ; estado.OP_AGREGAR_CLV  ; estado.OP_AGREGAR_USR  ; clk          ; clk         ; 1.000        ; -0.385     ; 2.068      ;
; -1.447 ; estado.ESPERA          ; digito_admin[0]        ; clk          ; clk         ; 1.000        ; -0.385     ; 2.057      ;
; -1.447 ; estado.ESPERA          ; digito_admin[1]        ; clk          ; clk         ; 1.000        ; -0.385     ; 2.057      ;
; -1.443 ; estado.ADMIN_OK        ; estado.OP_ELIMINAR_USR ; clk          ; clk         ; 1.000        ; -0.058     ; 2.380      ;
; -1.436 ; digito_clave[1]        ; estado.ADMIN_OK        ; clk          ; clk         ; 1.000        ; -0.058     ; 2.373      ;
; -1.433 ; digito_clave[1]        ; estado.OP_AGREGAR_USR  ; clk          ; clk         ; 1.000        ; -0.058     ; 2.370      ;
; -1.429 ; estado.CLAVE_ADMIN     ; estado.ADMIN_OK        ; clk          ; clk         ; 1.000        ; -0.058     ; 2.366      ;
; -1.426 ; estado.CLAVE_ADMIN     ; estado.OP_AGREGAR_USR  ; clk          ; clk         ; 1.000        ; -0.058     ; 2.363      ;
; -1.409 ; estado.OP_AGREGAR_CLV  ; clave_buf[3][0]        ; clk          ; clk         ; 1.000        ; -0.386     ; 2.018      ;
; -1.409 ; estado.OP_AGREGAR_CLV  ; clave_buf[3][1]        ; clk          ; clk         ; 1.000        ; -0.386     ; 2.018      ;
; -1.409 ; estado.OP_AGREGAR_CLV  ; clave_buf[3][2]        ; clk          ; clk         ; 1.000        ; -0.386     ; 2.018      ;
; -1.409 ; estado.OP_AGREGAR_CLV  ; clave_buf[3][3]        ; clk          ; clk         ; 1.000        ; -0.386     ; 2.018      ;
; -1.405 ; estado.OP_AGREGAR_CLV  ; clave_buf[2][0]        ; clk          ; clk         ; 1.000        ; -0.385     ; 2.015      ;
; -1.405 ; estado.OP_AGREGAR_CLV  ; clave_buf[2][1]        ; clk          ; clk         ; 1.000        ; -0.385     ; 2.015      ;
; -1.405 ; estado.OP_AGREGAR_CLV  ; clave_buf[2][2]        ; clk          ; clk         ; 1.000        ; -0.385     ; 2.015      ;
; -1.405 ; estado.OP_AGREGAR_CLV  ; clave_buf[2][3]        ; clk          ; clk         ; 1.000        ; -0.385     ; 2.015      ;
; -1.398 ; digito_admin[1]        ; estado.ESPERA          ; clk          ; clk         ; 1.000        ; 0.256      ; 2.649      ;
; -1.391 ; digito_clave[0]        ; estado.CLAVE_ADMIN     ; clk          ; clk         ; 1.000        ; -0.058     ; 2.328      ;
; -1.388 ; estado.OP_AGREGAR_HOR  ; estado.CLAVE_ADMIN     ; clk          ; clk         ; 1.000        ; -0.385     ; 1.998      ;
; -1.385 ; estado.OP_AGREGAR_CLV  ; estado.OP_AGREGAR_CLV  ; clk          ; clk         ; 1.000        ; -0.071     ; 2.309      ;
; -1.382 ; estado.OP_AGREGAR_CLV  ; estado.ESCRIBIENDO     ; clk          ; clk         ; 1.000        ; -0.071     ; 2.306      ;
; -1.382 ; estado.OP_AGREGAR_CLV  ; estado.OP_AGREGAR_HOR  ; clk          ; clk         ; 1.000        ; -0.071     ; 2.306      ;
; -1.379 ; estado.OP_ELIMINAR_USR ; estado.ESPERA          ; clk          ; clk         ; 1.000        ; 0.256      ; 2.630      ;
; -1.372 ; write_step[2]          ; dato_i[2]              ; clk          ; clk         ; 1.000        ; -0.058     ; 2.309      ;
; -1.369 ; estado.OP_AGREGAR_CLV  ; digito_clave[1]        ; clk          ; clk         ; 1.000        ; -0.384     ; 1.980      ;
; -1.368 ; digito_clave[0]        ; digito_clave[1]        ; clk          ; clk         ; 1.000        ; -0.057     ; 2.306      ;
; -1.366 ; write_step[2]          ; dato_i[3]              ; clk          ; clk         ; 1.000        ; -0.058     ; 2.303      ;
; -1.363 ; digito_clave[1]        ; digito_clave[0]        ; clk          ; clk         ; 1.000        ; -0.057     ; 2.301      ;
; -1.362 ; estado.ESPERA          ; estado.OP_ELIMINAR_USR ; clk          ; clk         ; 1.000        ; -0.385     ; 1.972      ;
; -1.360 ; digito_clave[1]        ; estado.OP_AGREGAR_CLV  ; clk          ; clk         ; 1.000        ; 0.256      ; 2.611      ;
; -1.357 ; digito_clave[1]        ; estado.ESCRIBIENDO     ; clk          ; clk         ; 1.000        ; 0.256      ; 2.608      ;
; -1.357 ; digito_clave[1]        ; estado.OP_AGREGAR_HOR  ; clk          ; clk         ; 1.000        ; 0.256      ; 2.608      ;
; -1.354 ; estado.ESCRIBIENDO     ; estado.OP_ELIMINAR_USR ; clk          ; clk         ; 1.000        ; -0.385     ; 1.964      ;
; -1.353 ; estado.CLAVE_ADMIN     ; estado.OP_AGREGAR_CLV  ; clk          ; clk         ; 1.000        ; 0.256      ; 2.604      ;
; -1.350 ; estado.CLAVE_ADMIN     ; estado.ESCRIBIENDO     ; clk          ; clk         ; 1.000        ; 0.256      ; 2.601      ;
; -1.350 ; estado.CLAVE_ADMIN     ; estado.OP_AGREGAR_HOR  ; clk          ; clk         ; 1.000        ; 0.256      ; 2.601      ;
; -1.318 ; digito_clave[0]        ; estado.ADMIN_OK        ; clk          ; clk         ; 1.000        ; -0.058     ; 2.255      ;
; -1.315 ; estado.OP_AGREGAR_HOR  ; estado.ADMIN_OK        ; clk          ; clk         ; 1.000        ; -0.385     ; 1.925      ;
; -1.315 ; digito_clave[0]        ; estado.OP_AGREGAR_USR  ; clk          ; clk         ; 1.000        ; -0.058     ; 2.252      ;
; -1.314 ; write_step[0]          ; dato_i[2]              ; clk          ; clk         ; 1.000        ; -0.059     ; 2.250      ;
; -1.312 ; estado.OP_AGREGAR_HOR  ; estado.OP_AGREGAR_USR  ; clk          ; clk         ; 1.000        ; -0.385     ; 1.922      ;
; -1.305 ; horario_buf[1]         ; dato_i[1]              ; clk          ; clk         ; 1.000        ; -0.378     ; 1.922      ;
; -1.293 ; digito_admin[0]        ; estado.ESPERA          ; clk          ; clk         ; 1.000        ; 0.256      ; 2.544      ;
; -1.287 ; write_step[1]          ; dato_i[3]              ; clk          ; clk         ; 1.000        ; -0.058     ; 2.224      ;
; -1.264 ; estado.OP_AGREGAR_USR  ; digito_clave[1]        ; clk          ; clk         ; 1.000        ; -0.057     ; 2.202      ;
; -1.259 ; estado.OP_AGREGAR_CLV  ; digito_clave[0]        ; clk          ; clk         ; 1.000        ; -0.384     ; 1.870      ;
+--------+------------------------+------------------------+--------------+-------------+--------------+------------+------------+


+-------------------------------------------------------------------------------------------------------------------------------+
; Slow 1200mV 0C Model Hold: 'clk'                                                                                              ;
+-------+------------------------+------------------------+--------------+-------------+--------------+------------+------------+
; Slack ; From Node              ; To Node                ; Launch Clock ; Latch Clock ; Relationship ; Clock Skew ; Data Delay ;
+-------+------------------------+------------------------+--------------+-------------+--------------+------------+------------+
; 0.296 ; estado.ESCRIBIENDO     ; estado.ESCRIBIENDO     ; clk          ; clk         ; 0.000        ; 0.071      ; 0.511      ;
; 0.296 ; estado.ESPERA          ; estado.ESPERA          ; clk          ; clk         ; 0.000        ; 0.071      ; 0.511      ;
; 0.296 ; estado.OP_AGREGAR_HOR  ; estado.OP_AGREGAR_HOR  ; clk          ; clk         ; 0.000        ; 0.071      ; 0.511      ;
; 0.296 ; estado.OP_AGREGAR_CLV  ; estado.OP_AGREGAR_CLV  ; clk          ; clk         ; 0.000        ; 0.071      ; 0.511      ;
; 0.309 ; estado.OP_AGREGAR_USR  ; estado.OP_AGREGAR_USR  ; clk          ; clk         ; 0.000        ; 0.058      ; 0.511      ;
; 0.309 ; estado.CLAVE_ADMIN     ; estado.CLAVE_ADMIN     ; clk          ; clk         ; 0.000        ; 0.058      ; 0.511      ;
; 0.309 ; estado.OP_ELIMINAR_USR ; estado.OP_ELIMINAR_USR ; clk          ; clk         ; 0.000        ; 0.058      ; 0.511      ;
; 0.309 ; estado.ADMIN_OK        ; estado.ADMIN_OK        ; clk          ; clk         ; 0.000        ; 0.058      ; 0.511      ;
; 0.309 ; write_step[0]          ; write_step[0]          ; clk          ; clk         ; 0.000        ; 0.058      ; 0.511      ;
; 0.309 ; digito_admin[1]        ; digito_admin[1]        ; clk          ; clk         ; 0.000        ; 0.058      ; 0.511      ;
; 0.310 ; addr_i[1]              ; addr_i[1]              ; clk          ; clk         ; 0.000        ; 0.057      ; 0.511      ;
; 0.310 ; write_step[2]          ; write_step[2]          ; clk          ; clk         ; 0.000        ; 0.057      ; 0.511      ;
; 0.310 ; write_step[1]          ; write_step[1]          ; clk          ; clk         ; 0.000        ; 0.057      ; 0.511      ;
; 0.310 ; digito_clave[1]        ; digito_clave[1]        ; clk          ; clk         ; 0.000        ; 0.057      ; 0.511      ;
; 0.310 ; digito_clave[0]        ; digito_clave[0]        ; clk          ; clk         ; 0.000        ; 0.057      ; 0.511      ;
; 0.317 ; digito_admin[0]        ; digito_admin[0]        ; clk          ; clk         ; 0.000        ; 0.058      ; 0.519      ;
; 0.463 ; estado.OP_AGREGAR_USR  ; estado.OP_AGREGAR_CLV  ; clk          ; clk         ; 0.000        ; 0.385      ; 0.992      ;
; 0.495 ; write_step[0]          ; write_step[2]          ; clk          ; clk         ; 0.000        ; 0.057      ; 0.696      ;
; 0.523 ; estado.OP_AGREGAR_USR  ; digito_clave[0]        ; clk          ; clk         ; 0.000        ; 0.058      ; 0.725      ;
; 0.535 ; write_step[1]          ; write_step[2]          ; clk          ; clk         ; 0.000        ; 0.057      ; 0.736      ;
; 0.543 ; estado.CLAVE_ADMIN     ; digito_admin[1]        ; clk          ; clk         ; 0.000        ; 0.058      ; 0.745      ;
; 0.546 ; estado.CLAVE_ADMIN     ; digito_admin[0]        ; clk          ; clk         ; 0.000        ; 0.058      ; 0.748      ;
; 0.599 ; write_step[0]          ; addr_i[0]              ; clk          ; clk         ; 0.000        ; 0.377      ; 1.120      ;
; 0.655 ; digito_admin[0]        ; digito_admin[1]        ; clk          ; clk         ; 0.000        ; 0.058      ; 0.857      ;
; 0.669 ; clave_buf[3][3]        ; dato_i[3]              ; clk          ; clk         ; 0.000        ; 0.057      ; 0.870      ;
; 0.674 ; digito_clave[0]        ; digito_clave[1]        ; clk          ; clk         ; 0.000        ; 0.057      ; 0.875      ;
; 0.680 ; write_step[2]          ; addr_i[4]              ; clk          ; clk         ; 0.000        ; 0.377      ; 1.201      ;
; 0.684 ; write_step[0]          ; write_step[1]          ; clk          ; clk         ; 0.000        ; 0.057      ; 0.885      ;
; 0.692 ; clave_buf[3][2]        ; dato_i[2]              ; clk          ; clk         ; 0.000        ; 0.057      ; 0.893      ;
; 0.733 ; digito_admin[1]        ; digito_admin[0]        ; clk          ; clk         ; 0.000        ; 0.058      ; 0.935      ;
; 0.745 ; estado.OP_ELIMINAR_USR ; addr_i[0]              ; clk          ; clk         ; 0.000        ; 0.377      ; 1.266      ;
; 0.754 ; estado.OP_ELIMINAR_USR ; dato_i[7]              ; clk          ; clk         ; 0.000        ; 0.377      ; 1.275      ;
; 0.755 ; estado.OP_ELIMINAR_USR ; dato_i[6]              ; clk          ; clk         ; 0.000        ; 0.377      ; 1.276      ;
; 0.756 ; estado.OP_ELIMINAR_USR ; dato_i[5]              ; clk          ; clk         ; 0.000        ; 0.377      ; 1.277      ;
; 0.756 ; usuario_sel[0]         ; addr_i[4]              ; clk          ; clk         ; 0.000        ; 0.064      ; 0.964      ;
; 0.791 ; estado.OP_ELIMINAR_USR ; dato_i[4]              ; clk          ; clk         ; 0.000        ; 0.377      ; 1.312      ;
; 0.805 ; estado.ESCRIBIENDO     ; write_step[0]          ; clk          ; clk         ; 0.000        ; -0.256     ; 0.693      ;
; 0.818 ; write_step[2]          ; addr_i[2]              ; clk          ; clk         ; 0.000        ; 0.377      ; 1.339      ;
; 0.845 ; write_step[1]          ; addr_i[2]              ; clk          ; clk         ; 0.000        ; 0.377      ; 1.366      ;
; 0.852 ; write_step[1]          ; addr_i[3]              ; clk          ; clk         ; 0.000        ; 0.377      ; 1.373      ;
; 0.879 ; write_step[2]          ; write_step[1]          ; clk          ; clk         ; 0.000        ; 0.057      ; 1.080      ;
; 0.889 ; clave_buf[3][1]        ; dato_i[1]              ; clk          ; clk         ; 0.000        ; 0.057      ; 1.090      ;
; 0.911 ; estado.ADMIN_OK        ; estado.ESPERA          ; clk          ; clk         ; 0.000        ; 0.385      ; 1.440      ;
; 0.915 ; estado.OP_AGREGAR_HOR  ; estado.ESCRIBIENDO     ; clk          ; clk         ; 0.000        ; 0.071      ; 1.130      ;
; 0.957 ; write_step[2]          ; dato_i[1]              ; clk          ; clk         ; 0.000        ; 0.056      ; 1.157      ;
; 0.962 ; write_step[2]          ; dato_i[0]              ; clk          ; clk         ; 0.000        ; 0.056      ; 1.162      ;
; 0.963 ; estado.OP_ELIMINAR_USR ; estado.ESPERA          ; clk          ; clk         ; 0.000        ; 0.385      ; 1.492      ;
; 0.963 ; estado.ADMIN_OK        ; digito_clave[0]        ; clk          ; clk         ; 0.000        ; 0.058      ; 1.165      ;
; 0.964 ; usuario_sel[0]         ; addr_i[2]              ; clk          ; clk         ; 0.000        ; 0.064      ; 1.172      ;
; 0.969 ; usuario_sel[0]         ; addr_i[3]              ; clk          ; clk         ; 0.000        ; 0.064      ; 1.177      ;
; 0.985 ; estado.CLAVE_ADMIN     ; estado.ESPERA          ; clk          ; clk         ; 0.000        ; 0.385      ; 1.514      ;
; 1.016 ; estado.ESCRIBIENDO     ; write_step[1]          ; clk          ; clk         ; 0.000        ; -0.257     ; 0.903      ;
; 1.023 ; estado.OP_ELIMINAR_USR ; dato_i[3]              ; clk          ; clk         ; 0.000        ; 0.056      ; 1.223      ;
; 1.023 ; estado.OP_ELIMINAR_USR ; dato_i[2]              ; clk          ; clk         ; 0.000        ; 0.056      ; 1.223      ;
; 1.023 ; estado.OP_ELIMINAR_USR ; dato_i[1]              ; clk          ; clk         ; 0.000        ; 0.056      ; 1.223      ;
; 1.023 ; estado.OP_ELIMINAR_USR ; dato_i[0]              ; clk          ; clk         ; 0.000        ; 0.056      ; 1.223      ;
; 1.037 ; digito_clave[0]        ; estado.OP_AGREGAR_HOR  ; clk          ; clk         ; 0.000        ; 0.384      ; 1.565      ;
; 1.041 ; usuario_sel[1]         ; addr_i[2]              ; clk          ; clk         ; 0.000        ; 0.064      ; 1.249      ;
; 1.044 ; usuario_sel[1]         ; addr_i[3]              ; clk          ; clk         ; 0.000        ; 0.064      ; 1.252      ;
; 1.046 ; estado.OP_AGREGAR_CLV  ; digito_clave[0]        ; clk          ; clk         ; 0.000        ; -0.256     ; 0.934      ;
; 1.050 ; usuario_sel[1]         ; addr_i[4]              ; clk          ; clk         ; 0.000        ; 0.064      ; 1.258      ;
; 1.058 ; write_step[2]          ; addr_i[3]              ; clk          ; clk         ; 0.000        ; 0.377      ; 1.579      ;
; 1.074 ; estado.OP_AGREGAR_CLV  ; digito_clave[1]        ; clk          ; clk         ; 0.000        ; -0.256     ; 0.962      ;
; 1.081 ; estado.OP_ELIMINAR_USR ; we_i                   ; clk          ; clk         ; 0.000        ; 0.052      ; 1.277      ;
; 1.084 ; estado.OP_AGREGAR_CLV  ; estado.OP_AGREGAR_HOR  ; clk          ; clk         ; 0.000        ; 0.071      ; 1.299      ;
; 1.087 ; estado.ADMIN_OK        ; estado.OP_AGREGAR_USR  ; clk          ; clk         ; 0.000        ; 0.058      ; 1.289      ;
; 1.099 ; estado.OP_ELIMINAR_USR ; estado.OP_AGREGAR_CLV  ; clk          ; clk         ; 0.000        ; 0.385      ; 1.628      ;
; 1.101 ; estado.OP_ELIMINAR_USR ; estado.ESCRIBIENDO     ; clk          ; clk         ; 0.000        ; 0.385      ; 1.630      ;
; 1.102 ; estado.OP_ELIMINAR_USR ; estado.OP_AGREGAR_HOR  ; clk          ; clk         ; 0.000        ; 0.385      ; 1.631      ;
; 1.124 ; digito_clave[1]        ; estado.OP_AGREGAR_HOR  ; clk          ; clk         ; 0.000        ; 0.384      ; 1.652      ;
; 1.148 ; estado.ADMIN_OK        ; usuario_sel[0]         ; clk          ; clk         ; 0.000        ; 0.383      ; 1.675      ;
; 1.148 ; estado.ADMIN_OK        ; usuario_sel[1]         ; clk          ; clk         ; 0.000        ; 0.383      ; 1.675      ;
; 1.165 ; write_step[1]          ; dato_i[1]              ; clk          ; clk         ; 0.000        ; 0.056      ; 1.365      ;
; 1.166 ; estado.ESCRIBIENDO     ; addr_i[4]              ; clk          ; clk         ; 0.000        ; 0.063      ; 1.373      ;
; 1.172 ; estado.CLAVE_ADMIN     ; estado.OP_AGREGAR_HOR  ; clk          ; clk         ; 0.000        ; 0.385      ; 1.701      ;
; 1.173 ; estado.CLAVE_ADMIN     ; estado.ESCRIBIENDO     ; clk          ; clk         ; 0.000        ; 0.385      ; 1.702      ;
; 1.176 ; estado.CLAVE_ADMIN     ; estado.OP_AGREGAR_CLV  ; clk          ; clk         ; 0.000        ; 0.385      ; 1.705      ;
; 1.186 ; estado.ESCRIBIENDO     ; write_step[2]          ; clk          ; clk         ; 0.000        ; -0.257     ; 1.073      ;
; 1.208 ; clave_buf[2][0]        ; dato_i[0]              ; clk          ; clk         ; 0.000        ; 0.056      ; 1.408      ;
; 1.211 ; estado.OP_ELIMINAR_USR ; addr_i[1]              ; clk          ; clk         ; 0.000        ; 0.056      ; 1.411      ;
; 1.250 ; estado.ADMIN_OK        ; digito_clave[1]        ; clk          ; clk         ; 0.000        ; 0.058      ; 1.452      ;
; 1.258 ; digito_admin[1]        ; estado.ESPERA          ; clk          ; clk         ; 0.000        ; 0.385      ; 1.787      ;
; 1.277 ; estado.ADMIN_OK        ; estado.OP_ELIMINAR_USR ; clk          ; clk         ; 0.000        ; 0.058      ; 1.479      ;
; 1.282 ; digito_clave[0]        ; clave_buf[1][0]        ; clk          ; clk         ; 0.000        ; 0.367      ; 1.793      ;
; 1.282 ; digito_clave[0]        ; clave_buf[1][1]        ; clk          ; clk         ; 0.000        ; 0.367      ; 1.793      ;
; 1.282 ; digito_clave[0]        ; clave_buf[1][2]        ; clk          ; clk         ; 0.000        ; 0.367      ; 1.793      ;
; 1.282 ; digito_clave[0]        ; clave_buf[1][3]        ; clk          ; clk         ; 0.000        ; 0.367      ; 1.793      ;
; 1.289 ; digito_clave[1]        ; clave_buf[1][0]        ; clk          ; clk         ; 0.000        ; 0.367      ; 1.800      ;
; 1.289 ; digito_clave[1]        ; clave_buf[1][1]        ; clk          ; clk         ; 0.000        ; 0.367      ; 1.800      ;
; 1.289 ; digito_clave[1]        ; clave_buf[1][2]        ; clk          ; clk         ; 0.000        ; 0.367      ; 1.800      ;
; 1.289 ; digito_clave[1]        ; clave_buf[1][3]        ; clk          ; clk         ; 0.000        ; 0.367      ; 1.800      ;
; 1.294 ; write_step[1]          ; dato_i[0]              ; clk          ; clk         ; 0.000        ; 0.056      ; 1.494      ;
; 1.297 ; estado.OP_ELIMINAR_USR ; estado.CLAVE_ADMIN     ; clk          ; clk         ; 0.000        ; 0.058      ; 1.499      ;
; 1.298 ; write_step[0]          ; dato_i[3]              ; clk          ; clk         ; 0.000        ; 0.056      ; 1.498      ;
; 1.304 ; estado.OP_ELIMINAR_USR ; estado.ADMIN_OK        ; clk          ; clk         ; 0.000        ; 0.058      ; 1.506      ;
; 1.312 ; estado.CLAVE_ADMIN     ; estado.OP_AGREGAR_USR  ; clk          ; clk         ; 0.000        ; 0.058      ; 1.514      ;
; 1.314 ; estado.CLAVE_ADMIN     ; estado.ADMIN_OK        ; clk          ; clk         ; 0.000        ; 0.058      ; 1.516      ;
; 1.314 ; estado.OP_ELIMINAR_USR ; usuario_sel[0]         ; clk          ; clk         ; 0.000        ; 0.383      ; 1.841      ;
; 1.314 ; estado.OP_ELIMINAR_USR ; usuario_sel[1]         ; clk          ; clk         ; 0.000        ; 0.383      ; 1.841      ;
; 1.317 ; estado.OP_ELIMINAR_USR ; estado.OP_AGREGAR_USR  ; clk          ; clk         ; 0.000        ; 0.058      ; 1.519      ;
+-------+------------------------+------------------------+--------------+-------------+--------------+------------+------------+


+--------------------------------------------------------------------------------------------------------+
; Slow 1200mV 0C Model Minimum Pulse Width: 'clk'                                                        ;
+--------+--------------+----------------+-----------------+-------+------------+------------------------+
; Slack  ; Actual Width ; Required Width ; Type            ; Clock ; Clock Edge ; Target                 ;
+--------+--------------+----------------+-----------------+-------+------------+------------------------+
; -3.000 ; 1.000        ; 4.000          ; Port Rate       ; clk   ; Rise       ; clk                    ;
; -1.000 ; 1.000        ; 2.000          ; Min Period      ; clk   ; Rise       ; addr_i[0]              ;
; -1.000 ; 1.000        ; 2.000          ; Min Period      ; clk   ; Rise       ; addr_i[1]              ;
; -1.000 ; 1.000        ; 2.000          ; Min Period      ; clk   ; Rise       ; addr_i[2]              ;
; -1.000 ; 1.000        ; 2.000          ; Min Period      ; clk   ; Rise       ; addr_i[3]              ;
; -1.000 ; 1.000        ; 2.000          ; Min Period      ; clk   ; Rise       ; addr_i[4]              ;
; -1.000 ; 1.000        ; 2.000          ; Min Period      ; clk   ; Rise       ; clave_buf[0][0]        ;
; -1.000 ; 1.000        ; 2.000          ; Min Period      ; clk   ; Rise       ; clave_buf[0][1]        ;
; -1.000 ; 1.000        ; 2.000          ; Min Period      ; clk   ; Rise       ; clave_buf[0][2]        ;
; -1.000 ; 1.000        ; 2.000          ; Min Period      ; clk   ; Rise       ; clave_buf[0][3]        ;
; -1.000 ; 1.000        ; 2.000          ; Min Period      ; clk   ; Rise       ; clave_buf[1][0]        ;
; -1.000 ; 1.000        ; 2.000          ; Min Period      ; clk   ; Rise       ; clave_buf[1][1]        ;
; -1.000 ; 1.000        ; 2.000          ; Min Period      ; clk   ; Rise       ; clave_buf[1][2]        ;
; -1.000 ; 1.000        ; 2.000          ; Min Period      ; clk   ; Rise       ; clave_buf[1][3]        ;
; -1.000 ; 1.000        ; 2.000          ; Min Period      ; clk   ; Rise       ; clave_buf[2][0]        ;
; -1.000 ; 1.000        ; 2.000          ; Min Period      ; clk   ; Rise       ; clave_buf[2][1]        ;
; -1.000 ; 1.000        ; 2.000          ; Min Period      ; clk   ; Rise       ; clave_buf[2][2]        ;
; -1.000 ; 1.000        ; 2.000          ; Min Period      ; clk   ; Rise       ; clave_buf[2][3]        ;
; -1.000 ; 1.000        ; 2.000          ; Min Period      ; clk   ; Rise       ; clave_buf[3][0]        ;
; -1.000 ; 1.000        ; 2.000          ; Min Period      ; clk   ; Rise       ; clave_buf[3][1]        ;
; -1.000 ; 1.000        ; 2.000          ; Min Period      ; clk   ; Rise       ; clave_buf[3][2]        ;
; -1.000 ; 1.000        ; 2.000          ; Min Period      ; clk   ; Rise       ; clave_buf[3][3]        ;
; -1.000 ; 1.000        ; 2.000          ; Min Period      ; clk   ; Rise       ; dato_i[0]              ;
; -1.000 ; 1.000        ; 2.000          ; Min Period      ; clk   ; Rise       ; dato_i[1]              ;
; -1.000 ; 1.000        ; 2.000          ; Min Period      ; clk   ; Rise       ; dato_i[2]              ;
; -1.000 ; 1.000        ; 2.000          ; Min Period      ; clk   ; Rise       ; dato_i[3]              ;
; -1.000 ; 1.000        ; 2.000          ; Min Period      ; clk   ; Rise       ; dato_i[4]              ;
; -1.000 ; 1.000        ; 2.000          ; Min Period      ; clk   ; Rise       ; dato_i[5]              ;
; -1.000 ; 1.000        ; 2.000          ; Min Period      ; clk   ; Rise       ; dato_i[6]              ;
; -1.000 ; 1.000        ; 2.000          ; Min Period      ; clk   ; Rise       ; dato_i[7]              ;
; -1.000 ; 1.000        ; 2.000          ; Min Period      ; clk   ; Rise       ; digito_admin[0]        ;
; -1.000 ; 1.000        ; 2.000          ; Min Period      ; clk   ; Rise       ; digito_admin[1]        ;
; -1.000 ; 1.000        ; 2.000          ; Min Period      ; clk   ; Rise       ; digito_clave[0]        ;
; -1.000 ; 1.000        ; 2.000          ; Min Period      ; clk   ; Rise       ; digito_clave[1]        ;
; -1.000 ; 1.000        ; 2.000          ; Min Period      ; clk   ; Rise       ; estado.ADMIN_OK        ;
; -1.000 ; 1.000        ; 2.000          ; Min Period      ; clk   ; Rise       ; estado.CLAVE_ADMIN     ;
; -1.000 ; 1.000        ; 2.000          ; Min Period      ; clk   ; Rise       ; estado.ESCRIBIENDO     ;
; -1.000 ; 1.000        ; 2.000          ; Min Period      ; clk   ; Rise       ; estado.ESPERA          ;
; -1.000 ; 1.000        ; 2.000          ; Min Period      ; clk   ; Rise       ; estado.OP_AGREGAR_CLV  ;
; -1.000 ; 1.000        ; 2.000          ; Min Period      ; clk   ; Rise       ; estado.OP_AGREGAR_HOR  ;
; -1.000 ; 1.000        ; 2.000          ; Min Period      ; clk   ; Rise       ; estado.OP_AGREGAR_USR  ;
; -1.000 ; 1.000        ; 2.000          ; Min Period      ; clk   ; Rise       ; estado.OP_ELIMINAR_USR ;
; -1.000 ; 1.000        ; 2.000          ; Min Period      ; clk   ; Rise       ; horario_buf[0]         ;
; -1.000 ; 1.000        ; 2.000          ; Min Period      ; clk   ; Rise       ; horario_buf[1]         ;
; -1.000 ; 1.000        ; 2.000          ; Min Period      ; clk   ; Rise       ; usuario_sel[0]         ;
; -1.000 ; 1.000        ; 2.000          ; Min Period      ; clk   ; Rise       ; usuario_sel[1]         ;
; -1.000 ; 1.000        ; 2.000          ; Min Period      ; clk   ; Rise       ; we_i                   ;
; -1.000 ; 1.000        ; 2.000          ; Min Period      ; clk   ; Rise       ; write_step[0]          ;
; -1.000 ; 1.000        ; 2.000          ; Min Period      ; clk   ; Rise       ; write_step[1]          ;
; -1.000 ; 1.000        ; 2.000          ; Min Period      ; clk   ; Rise       ; write_step[2]          ;
; 0.200  ; 0.384        ; 0.184          ; Low Pulse Width ; clk   ; Rise       ; clave_buf[0][0]        ;
; 0.200  ; 0.384        ; 0.184          ; Low Pulse Width ; clk   ; Rise       ; clave_buf[0][1]        ;
; 0.200  ; 0.384        ; 0.184          ; Low Pulse Width ; clk   ; Rise       ; clave_buf[0][2]        ;
; 0.200  ; 0.384        ; 0.184          ; Low Pulse Width ; clk   ; Rise       ; clave_buf[0][3]        ;
; 0.206  ; 0.390        ; 0.184          ; Low Pulse Width ; clk   ; Rise       ; horario_buf[0]         ;
; 0.206  ; 0.390        ; 0.184          ; Low Pulse Width ; clk   ; Rise       ; horario_buf[1]         ;
; 0.208  ; 0.392        ; 0.184          ; Low Pulse Width ; clk   ; Rise       ; addr_i[0]              ;
; 0.208  ; 0.392        ; 0.184          ; Low Pulse Width ; clk   ; Rise       ; addr_i[2]              ;
; 0.208  ; 0.392        ; 0.184          ; Low Pulse Width ; clk   ; Rise       ; addr_i[3]              ;
; 0.208  ; 0.392        ; 0.184          ; Low Pulse Width ; clk   ; Rise       ; addr_i[4]              ;
; 0.208  ; 0.392        ; 0.184          ; Low Pulse Width ; clk   ; Rise       ; dato_i[4]              ;
; 0.208  ; 0.392        ; 0.184          ; Low Pulse Width ; clk   ; Rise       ; dato_i[5]              ;
; 0.208  ; 0.392        ; 0.184          ; Low Pulse Width ; clk   ; Rise       ; dato_i[6]              ;
; 0.208  ; 0.392        ; 0.184          ; Low Pulse Width ; clk   ; Rise       ; dato_i[7]              ;
; 0.209  ; 0.393        ; 0.184          ; Low Pulse Width ; clk   ; Rise       ; estado.ESCRIBIENDO     ;
; 0.209  ; 0.393        ; 0.184          ; Low Pulse Width ; clk   ; Rise       ; estado.ESPERA          ;
; 0.209  ; 0.393        ; 0.184          ; Low Pulse Width ; clk   ; Rise       ; estado.OP_AGREGAR_CLV  ;
; 0.209  ; 0.393        ; 0.184          ; Low Pulse Width ; clk   ; Rise       ; estado.OP_AGREGAR_HOR  ;
; 0.210  ; 0.394        ; 0.184          ; Low Pulse Width ; clk   ; Rise       ; usuario_sel[0]         ;
; 0.210  ; 0.394        ; 0.184          ; Low Pulse Width ; clk   ; Rise       ; usuario_sel[1]         ;
; 0.212  ; 0.396        ; 0.184          ; Low Pulse Width ; clk   ; Rise       ; clave_buf[1][0]        ;
; 0.212  ; 0.396        ; 0.184          ; Low Pulse Width ; clk   ; Rise       ; clave_buf[1][1]        ;
; 0.212  ; 0.396        ; 0.184          ; Low Pulse Width ; clk   ; Rise       ; clave_buf[1][2]        ;
; 0.212  ; 0.396        ; 0.184          ; Low Pulse Width ; clk   ; Rise       ; clave_buf[1][3]        ;
; 0.213  ; 0.397        ; 0.184          ; Low Pulse Width ; clk   ; Rise       ; clave_buf[2][0]        ;
; 0.213  ; 0.397        ; 0.184          ; Low Pulse Width ; clk   ; Rise       ; clave_buf[2][1]        ;
; 0.213  ; 0.397        ; 0.184          ; Low Pulse Width ; clk   ; Rise       ; clave_buf[2][2]        ;
; 0.213  ; 0.397        ; 0.184          ; Low Pulse Width ; clk   ; Rise       ; clave_buf[2][3]        ;
; 0.213  ; 0.397        ; 0.184          ; Low Pulse Width ; clk   ; Rise       ; clave_buf[3][0]        ;
; 0.213  ; 0.397        ; 0.184          ; Low Pulse Width ; clk   ; Rise       ; clave_buf[3][1]        ;
; 0.213  ; 0.397        ; 0.184          ; Low Pulse Width ; clk   ; Rise       ; clave_buf[3][2]        ;
; 0.213  ; 0.397        ; 0.184          ; Low Pulse Width ; clk   ; Rise       ; clave_buf[3][3]        ;
; 0.213  ; 0.397        ; 0.184          ; Low Pulse Width ; clk   ; Rise       ; digito_admin[0]        ;
; 0.213  ; 0.397        ; 0.184          ; Low Pulse Width ; clk   ; Rise       ; digito_admin[1]        ;
; 0.213  ; 0.397        ; 0.184          ; Low Pulse Width ; clk   ; Rise       ; digito_clave[0]        ;
; 0.213  ; 0.397        ; 0.184          ; Low Pulse Width ; clk   ; Rise       ; digito_clave[1]        ;
; 0.213  ; 0.397        ; 0.184          ; Low Pulse Width ; clk   ; Rise       ; estado.ADMIN_OK        ;
; 0.213  ; 0.397        ; 0.184          ; Low Pulse Width ; clk   ; Rise       ; estado.CLAVE_ADMIN     ;
; 0.213  ; 0.397        ; 0.184          ; Low Pulse Width ; clk   ; Rise       ; estado.OP_AGREGAR_USR  ;
; 0.213  ; 0.397        ; 0.184          ; Low Pulse Width ; clk   ; Rise       ; estado.OP_ELIMINAR_USR ;
; 0.213  ; 0.397        ; 0.184          ; Low Pulse Width ; clk   ; Rise       ; we_i                   ;
; 0.213  ; 0.397        ; 0.184          ; Low Pulse Width ; clk   ; Rise       ; write_step[0]          ;
; 0.213  ; 0.397        ; 0.184          ; Low Pulse Width ; clk   ; Rise       ; write_step[1]          ;
; 0.213  ; 0.397        ; 0.184          ; Low Pulse Width ; clk   ; Rise       ; write_step[2]          ;
; 0.214  ; 0.398        ; 0.184          ; Low Pulse Width ; clk   ; Rise       ; addr_i[1]              ;
; 0.214  ; 0.398        ; 0.184          ; Low Pulse Width ; clk   ; Rise       ; dato_i[0]              ;
; 0.214  ; 0.398        ; 0.184          ; Low Pulse Width ; clk   ; Rise       ; dato_i[1]              ;
; 0.214  ; 0.398        ; 0.184          ; Low Pulse Width ; clk   ; Rise       ; dato_i[2]              ;
; 0.214  ; 0.398        ; 0.184          ; Low Pulse Width ; clk   ; Rise       ; dato_i[3]              ;
; 0.344  ; 0.344        ; 0.000          ; Low Pulse Width ; clk   ; Rise       ; clk~input|o            ;
+--------+--------------+----------------+-----------------+-------+------------+------------------------+


+--------------------------------------------------------------------------+
; Setup Times                                                              ;
+--------------+------------+-------+-------+------------+-----------------+
; Data Port    ; Clock Port ; Rise  ; Fall  ; Clock Edge ; Clock Reference ;
+--------------+------------+-------+-------+------------+-----------------+
; rst          ; clk        ; 1.204 ; 1.318 ; Rise       ; clk             ;
; tecla[*]     ; clk        ; 4.960 ; 5.381 ; Rise       ; clk             ;
;  tecla[0]    ; clk        ; 4.960 ; 5.381 ; Rise       ; clk             ;
;  tecla[1]    ; clk        ; 4.761 ; 5.136 ; Rise       ; clk             ;
;  tecla[2]    ; clk        ; 4.766 ; 5.182 ; Rise       ; clk             ;
;  tecla[3]    ; clk        ; 4.684 ; 5.074 ; Rise       ; clk             ;
; tecla_valida ; clk        ; 4.410 ; 4.894 ; Rise       ; clk             ;
+--------------+------------+-------+-------+------------+-----------------+


+----------------------------------------------------------------------------+
; Hold Times                                                                 ;
+--------------+------------+--------+--------+------------+-----------------+
; Data Port    ; Clock Port ; Rise   ; Fall   ; Clock Edge ; Clock Reference ;
+--------------+------------+--------+--------+------------+-----------------+
; rst          ; clk        ; -0.340 ; -0.435 ; Rise       ; clk             ;
; tecla[*]     ; clk        ; -0.831 ; -1.155 ; Rise       ; clk             ;
;  tecla[0]    ; clk        ; -0.883 ; -1.217 ; Rise       ; clk             ;
;  tecla[1]    ; clk        ; -0.831 ; -1.155 ; Rise       ; clk             ;
;  tecla[2]    ; clk        ; -1.013 ; -1.339 ; Rise       ; clk             ;
;  tecla[3]    ; clk        ; -1.024 ; -1.355 ; Rise       ; clk             ;
; tecla_valida ; clk        ; -1.817 ; -2.195 ; Rise       ; clk             ;
+--------------+------------+--------+--------+------------+-----------------+


+-----------------------------------------------------------------------------+
; Clock to Output Times                                                       ;
+-----------------+------------+-------+-------+------------+-----------------+
; Data Port       ; Clock Port ; Rise  ; Fall  ; Clock Edge ; Clock Reference ;
+-----------------+------------+-------+-------+------------+-----------------+
; display_out[*]  ; clk        ; 7.437 ; 7.472 ; Rise       ; clk             ;
;  display_out[0] ; clk        ; 7.294 ; 7.153 ; Rise       ; clk             ;
;  display_out[1] ; clk        ; 7.343 ; 7.219 ; Rise       ; clk             ;
;  display_out[2] ; clk        ; 6.658 ; 6.734 ; Rise       ; clk             ;
;  display_out[3] ; clk        ; 7.437 ; 7.472 ; Rise       ; clk             ;
; mem_address[*]  ; clk        ; 6.848 ; 6.822 ; Rise       ; clk             ;
;  mem_address[0] ; clk        ; 6.097 ; 6.019 ; Rise       ; clk             ;
;  mem_address[1] ; clk        ; 6.009 ; 5.933 ; Rise       ; clk             ;
;  mem_address[2] ; clk        ; 5.822 ; 5.744 ; Rise       ; clk             ;
;  mem_address[3] ; clk        ; 6.848 ; 6.822 ; Rise       ; clk             ;
;  mem_address[4] ; clk        ; 5.570 ; 5.493 ; Rise       ; clk             ;
; mem_dato_in[*]  ; clk        ; 6.318 ; 6.242 ; Rise       ; clk             ;
;  mem_dato_in[0] ; clk        ; 5.726 ; 5.647 ; Rise       ; clk             ;
;  mem_dato_in[1] ; clk        ; 5.539 ; 5.475 ; Rise       ; clk             ;
;  mem_dato_in[2] ; clk        ; 5.884 ; 5.858 ; Rise       ; clk             ;
;  mem_dato_in[3] ; clk        ; 5.723 ; 5.648 ; Rise       ; clk             ;
;  mem_dato_in[4] ; clk        ; 6.318 ; 6.242 ; Rise       ; clk             ;
;  mem_dato_in[5] ; clk        ; 5.839 ; 5.761 ; Rise       ; clk             ;
;  mem_dato_in[6] ; clk        ; 6.172 ; 6.094 ; Rise       ; clk             ;
;  mem_dato_in[7] ; clk        ; 6.249 ; 6.156 ; Rise       ; clk             ;
; mem_we          ; clk        ; 5.459 ; 5.376 ; Rise       ; clk             ;
; modo_admin      ; clk        ; 5.851 ; 5.784 ; Rise       ; clk             ;
+-----------------+------------+-------+-------+------------+-----------------+


+-----------------------------------------------------------------------------+
; Minimum Clock to Output Times                                               ;
+-----------------+------------+-------+-------+------------+-----------------+
; Data Port       ; Clock Port ; Rise  ; Fall  ; Clock Edge ; Clock Reference ;
+-----------------+------------+-------+-------+------------+-----------------+
; display_out[*]  ; clk        ; 6.065 ; 6.091 ; Rise       ; clk             ;
;  display_out[0] ; clk        ; 6.206 ; 6.091 ; Rise       ; clk             ;
;  display_out[1] ; clk        ; 6.466 ; 6.362 ; Rise       ; clk             ;
;  display_out[2] ; clk        ; 6.065 ; 6.171 ; Rise       ; clk             ;
;  display_out[3] ; clk        ; 6.845 ; 6.909 ; Rise       ; clk             ;
; mem_address[*]  ; clk        ; 5.391 ; 5.313 ; Rise       ; clk             ;
;  mem_address[0] ; clk        ; 5.896 ; 5.818 ; Rise       ; clk             ;
;  mem_address[1] ; clk        ; 5.812 ; 5.736 ; Rise       ; clk             ;
;  mem_address[2] ; clk        ; 5.633 ; 5.555 ; Rise       ; clk             ;
;  mem_address[3] ; clk        ; 6.640 ; 6.614 ; Rise       ; clk             ;
;  mem_address[4] ; clk        ; 5.391 ; 5.313 ; Rise       ; clk             ;
; mem_dato_in[*]  ; clk        ; 5.361 ; 5.295 ; Rise       ; clk             ;
;  mem_dato_in[0] ; clk        ; 5.540 ; 5.460 ; Rise       ; clk             ;
;  mem_dato_in[1] ; clk        ; 5.361 ; 5.295 ; Rise       ; clk             ;
;  mem_dato_in[2] ; clk        ; 5.686 ; 5.658 ; Rise       ; clk             ;
;  mem_dato_in[3] ; clk        ; 5.538 ; 5.462 ; Rise       ; clk             ;
;  mem_dato_in[4] ; clk        ; 6.108 ; 6.032 ; Rise       ; clk             ;
;  mem_dato_in[5] ; clk        ; 5.649 ; 5.571 ; Rise       ; clk             ;
;  mem_dato_in[6] ; clk        ; 5.962 ; 5.884 ; Rise       ; clk             ;
;  mem_dato_in[7] ; clk        ; 6.042 ; 5.949 ; Rise       ; clk             ;
; mem_we          ; clk        ; 5.284 ; 5.200 ; Rise       ; clk             ;
; modo_admin      ; clk        ; 5.658 ; 5.590 ; Rise       ; clk             ;
+-----------------+------------+-------+-------+------------+-----------------+


---------------------------------------------
; Slow 1200mV 0C Model Metastability Report ;
---------------------------------------------
No synchronizer chains to report.


+------------------------------------+
; Fast 1200mV 0C Model Setup Summary ;
+-------+--------+-------------------+
; Clock ; Slack  ; End Point TNS     ;
+-------+--------+-------------------+
; clk   ; -0.825 ; -21.506           ;
+-------+--------+-------------------+


+-----------------------------------+
; Fast 1200mV 0C Model Hold Summary ;
+-------+-------+-------------------+
; Clock ; Slack ; End Point TNS     ;
+-------+-------+-------------------+
; clk   ; 0.178 ; 0.000             ;
+-------+-------+-------------------+


-----------------------------------------
; Fast 1200mV 0C Model Recovery Summary ;
-----------------------------------------
No paths to report.


----------------------------------------
; Fast 1200mV 0C Model Removal Summary ;
----------------------------------------
No paths to report.


+--------------------------------------------------+
; Fast 1200mV 0C Model Minimum Pulse Width Summary ;
+-------+--------+---------------------------------+
; Clock ; Slack  ; End Point TNS                   ;
+-------+--------+---------------------------------+
; clk   ; -3.000 ; -54.027                         ;
+-------+--------+---------------------------------+


+--------------------------------------------------------------------------------------------------------------------------------+
; Fast 1200mV 0C Model Setup: 'clk'                                                                                              ;
+--------+------------------------+------------------------+--------------+-------------+--------------+------------+------------+
; Slack  ; From Node              ; To Node                ; Launch Clock ; Latch Clock ; Relationship ; Clock Skew ; Data Delay ;
+--------+------------------------+------------------------+--------------+-------------+--------------+------------+------------+
; -0.825 ; digito_admin[1]        ; estado.OP_ELIMINAR_USR ; clk          ; clk         ; 1.000        ; -0.037     ; 1.775      ;
; -0.814 ; estado.OP_ELIMINAR_USR ; estado.OP_ELIMINAR_USR ; clk          ; clk         ; 1.000        ; -0.037     ; 1.764      ;
; -0.759 ; estado.ESCRIBIENDO     ; dato_i[3]              ; clk          ; clk         ; 1.000        ; -0.233     ; 1.513      ;
; -0.759 ; estado.ESCRIBIENDO     ; dato_i[2]              ; clk          ; clk         ; 1.000        ; -0.233     ; 1.513      ;
; -0.759 ; estado.ESCRIBIENDO     ; dato_i[1]              ; clk          ; clk         ; 1.000        ; -0.233     ; 1.513      ;
; -0.759 ; estado.ESCRIBIENDO     ; dato_i[0]              ; clk          ; clk         ; 1.000        ; -0.233     ; 1.513      ;
; -0.755 ; digito_admin[1]        ; estado.CLAVE_ADMIN     ; clk          ; clk         ; 1.000        ; -0.037     ; 1.705      ;
; -0.746 ; digito_admin[0]        ; estado.OP_ELIMINAR_USR ; clk          ; clk         ; 1.000        ; -0.037     ; 1.696      ;
; -0.744 ; estado.OP_ELIMINAR_USR ; estado.CLAVE_ADMIN     ; clk          ; clk         ; 1.000        ; -0.037     ; 1.694      ;
; -0.728 ; write_step[2]          ; estado.OP_ELIMINAR_USR ; clk          ; clk         ; 1.000        ; -0.037     ; 1.678      ;
; -0.718 ; estado.OP_AGREGAR_CLV  ; estado.OP_ELIMINAR_USR ; clk          ; clk         ; 1.000        ; -0.232     ; 1.473      ;
; -0.716 ; write_step[0]          ; estado.OP_ELIMINAR_USR ; clk          ; clk         ; 1.000        ; -0.037     ; 1.666      ;
; -0.710 ; digito_admin[1]        ; estado.ADMIN_OK        ; clk          ; clk         ; 1.000        ; -0.037     ; 1.660      ;
; -0.708 ; digito_admin[1]        ; estado.OP_AGREGAR_USR  ; clk          ; clk         ; 1.000        ; -0.037     ; 1.658      ;
; -0.707 ; digito_clave[1]        ; estado.OP_ELIMINAR_USR ; clk          ; clk         ; 1.000        ; -0.038     ; 1.656      ;
; -0.699 ; estado.OP_ELIMINAR_USR ; estado.ADMIN_OK        ; clk          ; clk         ; 1.000        ; -0.037     ; 1.649      ;
; -0.697 ; estado.OP_ELIMINAR_USR ; estado.OP_AGREGAR_USR  ; clk          ; clk         ; 1.000        ; -0.037     ; 1.647      ;
; -0.677 ; digito_admin[1]        ; estado.OP_AGREGAR_CLV  ; clk          ; clk         ; 1.000        ; 0.150      ; 1.814      ;
; -0.676 ; digito_admin[0]        ; estado.CLAVE_ADMIN     ; clk          ; clk         ; 1.000        ; -0.037     ; 1.626      ;
; -0.674 ; digito_admin[1]        ; estado.ESCRIBIENDO     ; clk          ; clk         ; 1.000        ; 0.150      ; 1.811      ;
; -0.673 ; digito_admin[1]        ; estado.OP_AGREGAR_HOR  ; clk          ; clk         ; 1.000        ; 0.150      ; 1.810      ;
; -0.666 ; estado.OP_ELIMINAR_USR ; estado.OP_AGREGAR_CLV  ; clk          ; clk         ; 1.000        ; 0.150      ; 1.803      ;
; -0.663 ; estado.OP_ELIMINAR_USR ; estado.ESCRIBIENDO     ; clk          ; clk         ; 1.000        ; 0.150      ; 1.800      ;
; -0.662 ; estado.OP_ELIMINAR_USR ; estado.OP_AGREGAR_HOR  ; clk          ; clk         ; 1.000        ; 0.150      ; 1.799      ;
; -0.658 ; write_step[2]          ; estado.CLAVE_ADMIN     ; clk          ; clk         ; 1.000        ; -0.037     ; 1.608      ;
; -0.651 ; estado.CLAVE_ADMIN     ; estado.OP_ELIMINAR_USR ; clk          ; clk         ; 1.000        ; -0.037     ; 1.601      ;
; -0.646 ; write_step[0]          ; estado.CLAVE_ADMIN     ; clk          ; clk         ; 1.000        ; -0.037     ; 1.596      ;
; -0.639 ; digito_clave[0]        ; estado.OP_ELIMINAR_USR ; clk          ; clk         ; 1.000        ; -0.038     ; 1.588      ;
; -0.631 ; digito_admin[0]        ; estado.ADMIN_OK        ; clk          ; clk         ; 1.000        ; -0.037     ; 1.581      ;
; -0.629 ; digito_admin[0]        ; estado.OP_AGREGAR_USR  ; clk          ; clk         ; 1.000        ; -0.037     ; 1.579      ;
; -0.618 ; estado.OP_AGREGAR_HOR  ; estado.OP_ELIMINAR_USR ; clk          ; clk         ; 1.000        ; -0.232     ; 1.373      ;
; -0.617 ; estado.OP_ELIMINAR_USR ; dato_i[3]              ; clk          ; clk         ; 1.000        ; -0.038     ; 1.566      ;
; -0.617 ; estado.OP_ELIMINAR_USR ; dato_i[2]              ; clk          ; clk         ; 1.000        ; -0.038     ; 1.566      ;
; -0.617 ; estado.OP_ELIMINAR_USR ; dato_i[1]              ; clk          ; clk         ; 1.000        ; -0.038     ; 1.566      ;
; -0.617 ; estado.OP_ELIMINAR_USR ; dato_i[0]              ; clk          ; clk         ; 1.000        ; -0.038     ; 1.566      ;
; -0.613 ; write_step[2]          ; estado.ADMIN_OK        ; clk          ; clk         ; 1.000        ; -0.037     ; 1.563      ;
; -0.611 ; write_step[2]          ; estado.OP_AGREGAR_USR  ; clk          ; clk         ; 1.000        ; -0.037     ; 1.561      ;
; -0.601 ; write_step[0]          ; estado.ADMIN_OK        ; clk          ; clk         ; 1.000        ; -0.037     ; 1.551      ;
; -0.599 ; write_step[0]          ; estado.OP_AGREGAR_USR  ; clk          ; clk         ; 1.000        ; -0.037     ; 1.549      ;
; -0.598 ; digito_admin[0]        ; estado.OP_AGREGAR_CLV  ; clk          ; clk         ; 1.000        ; 0.150      ; 1.735      ;
; -0.595 ; digito_admin[0]        ; estado.ESCRIBIENDO     ; clk          ; clk         ; 1.000        ; 0.150      ; 1.732      ;
; -0.594 ; digito_admin[0]        ; estado.OP_AGREGAR_HOR  ; clk          ; clk         ; 1.000        ; 0.150      ; 1.731      ;
; -0.581 ; estado.CLAVE_ADMIN     ; estado.CLAVE_ADMIN     ; clk          ; clk         ; 1.000        ; -0.037     ; 1.531      ;
; -0.580 ; write_step[2]          ; estado.OP_AGREGAR_CLV  ; clk          ; clk         ; 1.000        ; 0.150      ; 1.717      ;
; -0.577 ; write_step[2]          ; estado.ESCRIBIENDO     ; clk          ; clk         ; 1.000        ; 0.150      ; 1.714      ;
; -0.576 ; write_step[2]          ; estado.OP_AGREGAR_HOR  ; clk          ; clk         ; 1.000        ; 0.150      ; 1.713      ;
; -0.568 ; write_step[0]          ; estado.OP_AGREGAR_CLV  ; clk          ; clk         ; 1.000        ; 0.150      ; 1.705      ;
; -0.567 ; estado.OP_AGREGAR_CLV  ; estado.CLAVE_ADMIN     ; clk          ; clk         ; 1.000        ; -0.232     ; 1.322      ;
; -0.565 ; write_step[0]          ; estado.ESCRIBIENDO     ; clk          ; clk         ; 1.000        ; 0.150      ; 1.702      ;
; -0.564 ; write_step[0]          ; estado.OP_AGREGAR_HOR  ; clk          ; clk         ; 1.000        ; 0.150      ; 1.701      ;
; -0.556 ; digito_clave[1]        ; estado.CLAVE_ADMIN     ; clk          ; clk         ; 1.000        ; -0.038     ; 1.505      ;
; -0.550 ; digito_clave[1]        ; digito_clave[1]        ; clk          ; clk         ; 1.000        ; -0.037     ; 1.500      ;
; -0.536 ; estado.CLAVE_ADMIN     ; estado.ADMIN_OK        ; clk          ; clk         ; 1.000        ; -0.037     ; 1.486      ;
; -0.534 ; estado.CLAVE_ADMIN     ; estado.OP_AGREGAR_USR  ; clk          ; clk         ; 1.000        ; -0.037     ; 1.484      ;
; -0.533 ; estado.OP_AGREGAR_USR  ; estado.OP_ELIMINAR_USR ; clk          ; clk         ; 1.000        ; -0.038     ; 1.482      ;
; -0.522 ; estado.OP_AGREGAR_CLV  ; estado.ADMIN_OK        ; clk          ; clk         ; 1.000        ; -0.232     ; 1.277      ;
; -0.521 ; digito_admin[1]        ; estado.ESPERA          ; clk          ; clk         ; 1.000        ; 0.150      ; 1.658      ;
; -0.520 ; estado.OP_AGREGAR_CLV  ; estado.OP_AGREGAR_USR  ; clk          ; clk         ; 1.000        ; -0.232     ; 1.275      ;
; -0.511 ; digito_clave[1]        ; estado.ADMIN_OK        ; clk          ; clk         ; 1.000        ; -0.038     ; 1.460      ;
; -0.510 ; estado.OP_ELIMINAR_USR ; estado.ESPERA          ; clk          ; clk         ; 1.000        ; 0.150      ; 1.647      ;
; -0.509 ; digito_clave[1]        ; estado.OP_AGREGAR_USR  ; clk          ; clk         ; 1.000        ; -0.038     ; 1.458      ;
; -0.503 ; estado.CLAVE_ADMIN     ; estado.OP_AGREGAR_CLV  ; clk          ; clk         ; 1.000        ; 0.150      ; 1.640      ;
; -0.500 ; estado.CLAVE_ADMIN     ; estado.ESCRIBIENDO     ; clk          ; clk         ; 1.000        ; 0.150      ; 1.637      ;
; -0.499 ; estado.CLAVE_ADMIN     ; estado.OP_AGREGAR_HOR  ; clk          ; clk         ; 1.000        ; 0.150      ; 1.636      ;
; -0.496 ; estado.OP_AGREGAR_CLV  ; clave_buf[2][0]        ; clk          ; clk         ; 1.000        ; -0.232     ; 1.251      ;
; -0.496 ; estado.OP_AGREGAR_CLV  ; clave_buf[2][1]        ; clk          ; clk         ; 1.000        ; -0.232     ; 1.251      ;
; -0.496 ; estado.OP_AGREGAR_CLV  ; clave_buf[2][2]        ; clk          ; clk         ; 1.000        ; -0.232     ; 1.251      ;
; -0.496 ; estado.OP_AGREGAR_CLV  ; clave_buf[2][3]        ; clk          ; clk         ; 1.000        ; -0.232     ; 1.251      ;
; -0.495 ; estado.OP_AGREGAR_CLV  ; clave_buf[3][0]        ; clk          ; clk         ; 1.000        ; -0.233     ; 1.249      ;
; -0.495 ; estado.OP_AGREGAR_CLV  ; clave_buf[3][1]        ; clk          ; clk         ; 1.000        ; -0.233     ; 1.249      ;
; -0.495 ; estado.OP_AGREGAR_CLV  ; clave_buf[3][2]        ; clk          ; clk         ; 1.000        ; -0.233     ; 1.249      ;
; -0.495 ; estado.OP_AGREGAR_CLV  ; clave_buf[3][3]        ; clk          ; clk         ; 1.000        ; -0.233     ; 1.249      ;
; -0.489 ; write_step[2]          ; dato_i[3]              ; clk          ; clk         ; 1.000        ; -0.038     ; 1.438      ;
; -0.489 ; digito_clave[1]        ; digito_clave[0]        ; clk          ; clk         ; 1.000        ; -0.037     ; 1.439      ;
; -0.489 ; estado.OP_AGREGAR_CLV  ; estado.OP_AGREGAR_CLV  ; clk          ; clk         ; 1.000        ; -0.045     ; 1.431      ;
; -0.488 ; digito_clave[0]        ; estado.CLAVE_ADMIN     ; clk          ; clk         ; 1.000        ; -0.038     ; 1.437      ;
; -0.486 ; estado.ADMIN_OK        ; estado.OP_ELIMINAR_USR ; clk          ; clk         ; 1.000        ; -0.038     ; 1.435      ;
; -0.486 ; estado.OP_AGREGAR_CLV  ; estado.ESCRIBIENDO     ; clk          ; clk         ; 1.000        ; -0.045     ; 1.428      ;
; -0.485 ; estado.OP_AGREGAR_CLV  ; estado.OP_AGREGAR_HOR  ; clk          ; clk         ; 1.000        ; -0.045     ; 1.427      ;
; -0.482 ; estado.ESPERA          ; digito_admin[0]        ; clk          ; clk         ; 1.000        ; -0.232     ; 1.237      ;
; -0.482 ; estado.ESPERA          ; digito_admin[1]        ; clk          ; clk         ; 1.000        ; -0.232     ; 1.237      ;
; -0.482 ; digito_clave[0]        ; digito_clave[1]        ; clk          ; clk         ; 1.000        ; -0.037     ; 1.432      ;
; -0.478 ; digito_clave[1]        ; estado.OP_AGREGAR_CLV  ; clk          ; clk         ; 1.000        ; 0.149      ; 1.614      ;
; -0.475 ; digito_clave[1]        ; estado.ESCRIBIENDO     ; clk          ; clk         ; 1.000        ; 0.149      ; 1.611      ;
; -0.474 ; digito_clave[1]        ; estado.OP_AGREGAR_HOR  ; clk          ; clk         ; 1.000        ; 0.149      ; 1.610      ;
; -0.470 ; estado.ESCRIBIENDO     ; estado.OP_ELIMINAR_USR ; clk          ; clk         ; 1.000        ; -0.232     ; 1.225      ;
; -0.467 ; estado.OP_AGREGAR_HOR  ; estado.CLAVE_ADMIN     ; clk          ; clk         ; 1.000        ; -0.232     ; 1.222      ;
; -0.450 ; write_step[1]          ; dato_i[3]              ; clk          ; clk         ; 1.000        ; -0.038     ; 1.399      ;
; -0.449 ; estado.OP_AGREGAR_CLV  ; digito_clave[1]        ; clk          ; clk         ; 1.000        ; -0.231     ; 1.205      ;
; -0.449 ; estado.ESPERA          ; estado.OP_ELIMINAR_USR ; clk          ; clk         ; 1.000        ; -0.232     ; 1.204      ;
; -0.448 ; write_step[2]          ; dato_i[2]              ; clk          ; clk         ; 1.000        ; -0.038     ; 1.397      ;
; -0.443 ; digito_clave[0]        ; estado.ADMIN_OK        ; clk          ; clk         ; 1.000        ; -0.038     ; 1.392      ;
; -0.442 ; digito_admin[0]        ; estado.ESPERA          ; clk          ; clk         ; 1.000        ; 0.150      ; 1.579      ;
; -0.441 ; digito_clave[0]        ; estado.OP_AGREGAR_USR  ; clk          ; clk         ; 1.000        ; -0.038     ; 1.390      ;
; -0.438 ; horario_buf[1]         ; dato_i[1]              ; clk          ; clk         ; 1.000        ; -0.227     ; 1.198      ;
; -0.433 ; write_step[0]          ; dato_i[2]              ; clk          ; clk         ; 1.000        ; -0.038     ; 1.382      ;
; -0.424 ; write_step[2]          ; estado.ESPERA          ; clk          ; clk         ; 1.000        ; 0.150      ; 1.561      ;
; -0.422 ; estado.OP_AGREGAR_HOR  ; estado.ADMIN_OK        ; clk          ; clk         ; 1.000        ; -0.232     ; 1.177      ;
; -0.421 ; digito_clave[0]        ; digito_clave[0]        ; clk          ; clk         ; 1.000        ; -0.037     ; 1.371      ;
; -0.420 ; estado.OP_AGREGAR_HOR  ; estado.OP_AGREGAR_USR  ; clk          ; clk         ; 1.000        ; -0.232     ; 1.175      ;
+--------+------------------------+------------------------+--------------+-------------+--------------+------------+------------+


+-------------------------------------------------------------------------------------------------------------------------------+
; Fast 1200mV 0C Model Hold: 'clk'                                                                                              ;
+-------+------------------------+------------------------+--------------+-------------+--------------+------------+------------+
; Slack ; From Node              ; To Node                ; Launch Clock ; Latch Clock ; Relationship ; Clock Skew ; Data Delay ;
+-------+------------------------+------------------------+--------------+-------------+--------------+------------+------------+
; 0.178 ; estado.ESCRIBIENDO     ; estado.ESCRIBIENDO     ; clk          ; clk         ; 0.000        ; 0.045      ; 0.307      ;
; 0.178 ; estado.ESPERA          ; estado.ESPERA          ; clk          ; clk         ; 0.000        ; 0.045      ; 0.307      ;
; 0.178 ; estado.OP_AGREGAR_HOR  ; estado.OP_AGREGAR_HOR  ; clk          ; clk         ; 0.000        ; 0.045      ; 0.307      ;
; 0.178 ; estado.OP_AGREGAR_CLV  ; estado.OP_AGREGAR_CLV  ; clk          ; clk         ; 0.000        ; 0.045      ; 0.307      ;
; 0.185 ; estado.OP_AGREGAR_USR  ; estado.OP_AGREGAR_USR  ; clk          ; clk         ; 0.000        ; 0.038      ; 0.307      ;
; 0.185 ; estado.ADMIN_OK        ; estado.ADMIN_OK        ; clk          ; clk         ; 0.000        ; 0.038      ; 0.307      ;
; 0.186 ; addr_i[1]              ; addr_i[1]              ; clk          ; clk         ; 0.000        ; 0.037      ; 0.307      ;
; 0.186 ; estado.CLAVE_ADMIN     ; estado.CLAVE_ADMIN     ; clk          ; clk         ; 0.000        ; 0.037      ; 0.307      ;
; 0.186 ; estado.OP_ELIMINAR_USR ; estado.OP_ELIMINAR_USR ; clk          ; clk         ; 0.000        ; 0.037      ; 0.307      ;
; 0.186 ; write_step[2]          ; write_step[2]          ; clk          ; clk         ; 0.000        ; 0.037      ; 0.307      ;
; 0.186 ; write_step[1]          ; write_step[1]          ; clk          ; clk         ; 0.000        ; 0.037      ; 0.307      ;
; 0.186 ; write_step[0]          ; write_step[0]          ; clk          ; clk         ; 0.000        ; 0.037      ; 0.307      ;
; 0.186 ; digito_clave[1]        ; digito_clave[1]        ; clk          ; clk         ; 0.000        ; 0.037      ; 0.307      ;
; 0.186 ; digito_clave[0]        ; digito_clave[0]        ; clk          ; clk         ; 0.000        ; 0.037      ; 0.307      ;
; 0.186 ; digito_admin[1]        ; digito_admin[1]        ; clk          ; clk         ; 0.000        ; 0.037      ; 0.307      ;
; 0.193 ; digito_admin[0]        ; digito_admin[0]        ; clk          ; clk         ; 0.000        ; 0.037      ; 0.314      ;
; 0.269 ; estado.OP_AGREGAR_USR  ; estado.OP_AGREGAR_CLV  ; clk          ; clk         ; 0.000        ; 0.232      ; 0.585      ;
; 0.285 ; write_step[0]          ; write_step[2]          ; clk          ; clk         ; 0.000        ; 0.037      ; 0.406      ;
; 0.293 ; estado.OP_AGREGAR_USR  ; digito_clave[0]        ; clk          ; clk         ; 0.000        ; 0.038      ; 0.415      ;
; 0.320 ; write_step[1]          ; write_step[2]          ; clk          ; clk         ; 0.000        ; 0.037      ; 0.441      ;
; 0.325 ; estado.CLAVE_ADMIN     ; digito_admin[1]        ; clk          ; clk         ; 0.000        ; 0.037      ; 0.446      ;
; 0.327 ; estado.CLAVE_ADMIN     ; digito_admin[0]        ; clk          ; clk         ; 0.000        ; 0.037      ; 0.448      ;
; 0.352 ; write_step[0]          ; addr_i[0]              ; clk          ; clk         ; 0.000        ; 0.228      ; 0.664      ;
; 0.370 ; digito_admin[0]        ; digito_admin[1]        ; clk          ; clk         ; 0.000        ; 0.037      ; 0.491      ;
; 0.392 ; digito_clave[0]        ; digito_clave[1]        ; clk          ; clk         ; 0.000        ; 0.037      ; 0.513      ;
; 0.397 ; clave_buf[3][3]        ; dato_i[3]              ; clk          ; clk         ; 0.000        ; 0.037      ; 0.518      ;
; 0.397 ; write_step[0]          ; write_step[1]          ; clk          ; clk         ; 0.000        ; 0.037      ; 0.518      ;
; 0.406 ; write_step[2]          ; addr_i[4]              ; clk          ; clk         ; 0.000        ; 0.228      ; 0.718      ;
; 0.408 ; clave_buf[3][2]        ; dato_i[2]              ; clk          ; clk         ; 0.000        ; 0.037      ; 0.529      ;
; 0.435 ; digito_admin[1]        ; digito_admin[0]        ; clk          ; clk         ; 0.000        ; 0.037      ; 0.556      ;
; 0.443 ; usuario_sel[0]         ; addr_i[4]              ; clk          ; clk         ; 0.000        ; 0.042      ; 0.569      ;
; 0.447 ; estado.OP_ELIMINAR_USR ; dato_i[6]              ; clk          ; clk         ; 0.000        ; 0.228      ; 0.759      ;
; 0.447 ; estado.OP_ELIMINAR_USR ; dato_i[7]              ; clk          ; clk         ; 0.000        ; 0.228      ; 0.759      ;
; 0.447 ; estado.OP_ELIMINAR_USR ; addr_i[0]              ; clk          ; clk         ; 0.000        ; 0.228      ; 0.759      ;
; 0.448 ; estado.OP_ELIMINAR_USR ; dato_i[5]              ; clk          ; clk         ; 0.000        ; 0.228      ; 0.760      ;
; 0.463 ; estado.OP_ELIMINAR_USR ; dato_i[4]              ; clk          ; clk         ; 0.000        ; 0.228      ; 0.775      ;
; 0.468 ; estado.ESCRIBIENDO     ; write_step[0]          ; clk          ; clk         ; 0.000        ; -0.150     ; 0.402      ;
; 0.484 ; write_step[2]          ; addr_i[2]              ; clk          ; clk         ; 0.000        ; 0.228      ; 0.796      ;
; 0.487 ; write_step[1]          ; addr_i[3]              ; clk          ; clk         ; 0.000        ; 0.228      ; 0.799      ;
; 0.487 ; write_step[1]          ; addr_i[2]              ; clk          ; clk         ; 0.000        ; 0.228      ; 0.799      ;
; 0.507 ; write_step[2]          ; write_step[1]          ; clk          ; clk         ; 0.000        ; 0.037      ; 0.628      ;
; 0.513 ; clave_buf[3][1]        ; dato_i[1]              ; clk          ; clk         ; 0.000        ; 0.037      ; 0.634      ;
; 0.534 ; estado.OP_AGREGAR_HOR  ; estado.ESCRIBIENDO     ; clk          ; clk         ; 0.000        ; 0.045      ; 0.663      ;
; 0.541 ; estado.ADMIN_OK        ; estado.ESPERA          ; clk          ; clk         ; 0.000        ; 0.232      ; 0.857      ;
; 0.560 ; write_step[2]          ; dato_i[1]              ; clk          ; clk         ; 0.000        ; 0.036      ; 0.680      ;
; 0.560 ; estado.OP_ELIMINAR_USR ; estado.ESPERA          ; clk          ; clk         ; 0.000        ; 0.232      ; 0.876      ;
; 0.564 ; write_step[2]          ; dato_i[0]              ; clk          ; clk         ; 0.000        ; 0.036      ; 0.684      ;
; 0.565 ; usuario_sel[0]         ; addr_i[2]              ; clk          ; clk         ; 0.000        ; 0.042      ; 0.691      ;
; 0.570 ; usuario_sel[0]         ; addr_i[3]              ; clk          ; clk         ; 0.000        ; 0.042      ; 0.696      ;
; 0.577 ; estado.CLAVE_ADMIN     ; estado.ESPERA          ; clk          ; clk         ; 0.000        ; 0.232      ; 0.893      ;
; 0.582 ; estado.ESCRIBIENDO     ; write_step[1]          ; clk          ; clk         ; 0.000        ; -0.150     ; 0.516      ;
; 0.583 ; estado.ADMIN_OK        ; digito_clave[0]        ; clk          ; clk         ; 0.000        ; 0.038      ; 0.705      ;
; 0.590 ; digito_clave[0]        ; estado.OP_AGREGAR_HOR  ; clk          ; clk         ; 0.000        ; 0.231      ; 0.905      ;
; 0.599 ; estado.OP_ELIMINAR_USR ; dato_i[3]              ; clk          ; clk         ; 0.000        ; 0.036      ; 0.719      ;
; 0.599 ; estado.OP_ELIMINAR_USR ; dato_i[2]              ; clk          ; clk         ; 0.000        ; 0.036      ; 0.719      ;
; 0.599 ; estado.OP_ELIMINAR_USR ; dato_i[1]              ; clk          ; clk         ; 0.000        ; 0.036      ; 0.719      ;
; 0.599 ; estado.OP_ELIMINAR_USR ; dato_i[0]              ; clk          ; clk         ; 0.000        ; 0.036      ; 0.719      ;
; 0.612 ; estado.OP_AGREGAR_CLV  ; digito_clave[1]        ; clk          ; clk         ; 0.000        ; -0.149     ; 0.547      ;
; 0.614 ; estado.OP_AGREGAR_CLV  ; digito_clave[0]        ; clk          ; clk         ; 0.000        ; -0.149     ; 0.549      ;
; 0.616 ; usuario_sel[1]         ; addr_i[4]              ; clk          ; clk         ; 0.000        ; 0.042      ; 0.742      ;
; 0.616 ; usuario_sel[1]         ; addr_i[2]              ; clk          ; clk         ; 0.000        ; 0.042      ; 0.742      ;
; 0.618 ; estado.ADMIN_OK        ; estado.OP_AGREGAR_USR  ; clk          ; clk         ; 0.000        ; 0.038      ; 0.740      ;
; 0.618 ; usuario_sel[1]         ; addr_i[3]              ; clk          ; clk         ; 0.000        ; 0.042      ; 0.744      ;
; 0.619 ; write_step[2]          ; addr_i[3]              ; clk          ; clk         ; 0.000        ; 0.228      ; 0.931      ;
; 0.639 ; estado.OP_AGREGAR_CLV  ; estado.OP_AGREGAR_HOR  ; clk          ; clk         ; 0.000        ; 0.045      ; 0.768      ;
; 0.640 ; estado.OP_ELIMINAR_USR ; we_i                   ; clk          ; clk         ; 0.000        ; 0.034      ; 0.758      ;
; 0.644 ; digito_clave[1]        ; estado.OP_AGREGAR_HOR  ; clk          ; clk         ; 0.000        ; 0.231      ; 0.959      ;
; 0.678 ; estado.ADMIN_OK        ; usuario_sel[0]         ; clk          ; clk         ; 0.000        ; 0.231      ; 0.993      ;
; 0.678 ; estado.ADMIN_OK        ; usuario_sel[1]         ; clk          ; clk         ; 0.000        ; 0.231      ; 0.993      ;
; 0.678 ; estado.OP_ELIMINAR_USR ; estado.OP_AGREGAR_CLV  ; clk          ; clk         ; 0.000        ; 0.232      ; 0.994      ;
; 0.680 ; estado.OP_ELIMINAR_USR ; estado.ESCRIBIENDO     ; clk          ; clk         ; 0.000        ; 0.232      ; 0.996      ;
; 0.680 ; estado.OP_ELIMINAR_USR ; estado.OP_AGREGAR_HOR  ; clk          ; clk         ; 0.000        ; 0.232      ; 0.996      ;
; 0.687 ; estado.ESCRIBIENDO     ; write_step[2]          ; clk          ; clk         ; 0.000        ; -0.150     ; 0.621      ;
; 0.687 ; write_step[1]          ; dato_i[1]              ; clk          ; clk         ; 0.000        ; 0.036      ; 0.807      ;
; 0.688 ; estado.ESCRIBIENDO     ; addr_i[4]              ; clk          ; clk         ; 0.000        ; 0.041      ; 0.813      ;
; 0.688 ; clave_buf[2][0]        ; dato_i[0]              ; clk          ; clk         ; 0.000        ; 0.036      ; 0.808      ;
; 0.690 ; estado.CLAVE_ADMIN     ; estado.ESCRIBIENDO     ; clk          ; clk         ; 0.000        ; 0.232      ; 1.006      ;
; 0.690 ; estado.CLAVE_ADMIN     ; estado.OP_AGREGAR_HOR  ; clk          ; clk         ; 0.000        ; 0.232      ; 1.006      ;
; 0.693 ; estado.CLAVE_ADMIN     ; estado.OP_AGREGAR_CLV  ; clk          ; clk         ; 0.000        ; 0.232      ; 1.009      ;
; 0.706 ; estado.OP_ELIMINAR_USR ; addr_i[1]              ; clk          ; clk         ; 0.000        ; 0.036      ; 0.826      ;
; 0.727 ; estado.ADMIN_OK        ; estado.OP_ELIMINAR_USR ; clk          ; clk         ; 0.000        ; 0.037      ; 0.848      ;
; 0.747 ; estado.ADMIN_OK        ; digito_clave[1]        ; clk          ; clk         ; 0.000        ; 0.038      ; 0.869      ;
; 0.751 ; digito_admin[1]        ; estado.ESPERA          ; clk          ; clk         ; 0.000        ; 0.232      ; 1.067      ;
; 0.753 ; digito_clave[0]        ; clave_buf[1][0]        ; clk          ; clk         ; 0.000        ; 0.223      ; 1.060      ;
; 0.753 ; digito_clave[0]        ; clave_buf[1][1]        ; clk          ; clk         ; 0.000        ; 0.223      ; 1.060      ;
; 0.753 ; digito_clave[0]        ; clave_buf[1][2]        ; clk          ; clk         ; 0.000        ; 0.223      ; 1.060      ;
; 0.753 ; digito_clave[0]        ; clave_buf[1][3]        ; clk          ; clk         ; 0.000        ; 0.223      ; 1.060      ;
; 0.757 ; write_step[1]          ; dato_i[0]              ; clk          ; clk         ; 0.000        ; 0.036      ; 0.877      ;
; 0.759 ; estado.OP_ELIMINAR_USR ; usuario_sel[0]         ; clk          ; clk         ; 0.000        ; 0.231      ; 1.074      ;
; 0.759 ; estado.OP_ELIMINAR_USR ; usuario_sel[1]         ; clk          ; clk         ; 0.000        ; 0.231      ; 1.074      ;
; 0.761 ; estado.OP_ELIMINAR_USR ; estado.ADMIN_OK        ; clk          ; clk         ; 0.000        ; 0.038      ; 0.883      ;
; 0.762 ; estado.OP_ELIMINAR_USR ; estado.CLAVE_ADMIN     ; clk          ; clk         ; 0.000        ; 0.037      ; 0.883      ;
; 0.762 ; write_step[0]          ; dato_i[3]              ; clk          ; clk         ; 0.000        ; 0.036      ; 0.882      ;
; 0.762 ; clave_buf[1][1]        ; dato_i[1]              ; clk          ; clk         ; 0.000        ; -0.143     ; 0.703      ;
; 0.768 ; digito_clave[1]        ; clave_buf[1][0]        ; clk          ; clk         ; 0.000        ; 0.223      ; 1.075      ;
; 0.768 ; digito_clave[1]        ; clave_buf[1][1]        ; clk          ; clk         ; 0.000        ; 0.223      ; 1.075      ;
; 0.768 ; digito_clave[1]        ; clave_buf[1][2]        ; clk          ; clk         ; 0.000        ; 0.223      ; 1.075      ;
; 0.768 ; digito_clave[1]        ; clave_buf[1][3]        ; clk          ; clk         ; 0.000        ; 0.223      ; 1.075      ;
; 0.771 ; estado.CLAVE_ADMIN     ; estado.OP_AGREGAR_USR  ; clk          ; clk         ; 0.000        ; 0.038      ; 0.893      ;
; 0.771 ; write_step[0]          ; dato_i[2]              ; clk          ; clk         ; 0.000        ; 0.036      ; 0.891      ;
+-------+------------------------+------------------------+--------------+-------------+--------------+------------+------------+


+--------------------------------------------------------------------------------------------------------+
; Fast 1200mV 0C Model Minimum Pulse Width: 'clk'                                                        ;
+--------+--------------+----------------+-----------------+-------+------------+------------------------+
; Slack  ; Actual Width ; Required Width ; Type            ; Clock ; Clock Edge ; Target                 ;
+--------+--------------+----------------+-----------------+-------+------------+------------------------+
; -3.000 ; 1.000        ; 4.000          ; Port Rate       ; clk   ; Rise       ; clk                    ;
; -1.000 ; 1.000        ; 2.000          ; Min Period      ; clk   ; Rise       ; addr_i[0]              ;
; -1.000 ; 1.000        ; 2.000          ; Min Period      ; clk   ; Rise       ; addr_i[1]              ;
; -1.000 ; 1.000        ; 2.000          ; Min Period      ; clk   ; Rise       ; addr_i[2]              ;
; -1.000 ; 1.000        ; 2.000          ; Min Period      ; clk   ; Rise       ; addr_i[3]              ;
; -1.000 ; 1.000        ; 2.000          ; Min Period      ; clk   ; Rise       ; addr_i[4]              ;
; -1.000 ; 1.000        ; 2.000          ; Min Period      ; clk   ; Rise       ; clave_buf[0][0]        ;
; -1.000 ; 1.000        ; 2.000          ; Min Period      ; clk   ; Rise       ; clave_buf[0][1]        ;
; -1.000 ; 1.000        ; 2.000          ; Min Period      ; clk   ; Rise       ; clave_buf[0][2]        ;
; -1.000 ; 1.000        ; 2.000          ; Min Period      ; clk   ; Rise       ; clave_buf[0][3]        ;
; -1.000 ; 1.000        ; 2.000          ; Min Period      ; clk   ; Rise       ; clave_buf[1][0]        ;
; -1.000 ; 1.000        ; 2.000          ; Min Period      ; clk   ; Rise       ; clave_buf[1][1]        ;
; -1.000 ; 1.000        ; 2.000          ; Min Period      ; clk   ; Rise       ; clave_buf[1][2]        ;
; -1.000 ; 1.000        ; 2.000          ; Min Period      ; clk   ; Rise       ; clave_buf[1][3]        ;
; -1.000 ; 1.000        ; 2.000          ; Min Period      ; clk   ; Rise       ; clave_buf[2][0]        ;
; -1.000 ; 1.000        ; 2.000          ; Min Period      ; clk   ; Rise       ; clave_buf[2][1]        ;
; -1.000 ; 1.000        ; 2.000          ; Min Period      ; clk   ; Rise       ; clave_buf[2][2]        ;
; -1.000 ; 1.000        ; 2.000          ; Min Period      ; clk   ; Rise       ; clave_buf[2][3]        ;
; -1.000 ; 1.000        ; 2.000          ; Min Period      ; clk   ; Rise       ; clave_buf[3][0]        ;
; -1.000 ; 1.000        ; 2.000          ; Min Period      ; clk   ; Rise       ; clave_buf[3][1]        ;
; -1.000 ; 1.000        ; 2.000          ; Min Period      ; clk   ; Rise       ; clave_buf[3][2]        ;
; -1.000 ; 1.000        ; 2.000          ; Min Period      ; clk   ; Rise       ; clave_buf[3][3]        ;
; -1.000 ; 1.000        ; 2.000          ; Min Period      ; clk   ; Rise       ; dato_i[0]              ;
; -1.000 ; 1.000        ; 2.000          ; Min Period      ; clk   ; Rise       ; dato_i[1]              ;
; -1.000 ; 1.000        ; 2.000          ; Min Period      ; clk   ; Rise       ; dato_i[2]              ;
; -1.000 ; 1.000        ; 2.000          ; Min Period      ; clk   ; Rise       ; dato_i[3]              ;
; -1.000 ; 1.000        ; 2.000          ; Min Period      ; clk   ; Rise       ; dato_i[4]              ;
; -1.000 ; 1.000        ; 2.000          ; Min Period      ; clk   ; Rise       ; dato_i[5]              ;
; -1.000 ; 1.000        ; 2.000          ; Min Period      ; clk   ; Rise       ; dato_i[6]              ;
; -1.000 ; 1.000        ; 2.000          ; Min Period      ; clk   ; Rise       ; dato_i[7]              ;
; -1.000 ; 1.000        ; 2.000          ; Min Period      ; clk   ; Rise       ; digito_admin[0]        ;
; -1.000 ; 1.000        ; 2.000          ; Min Period      ; clk   ; Rise       ; digito_admin[1]        ;
; -1.000 ; 1.000        ; 2.000          ; Min Period      ; clk   ; Rise       ; digito_clave[0]        ;
; -1.000 ; 1.000        ; 2.000          ; Min Period      ; clk   ; Rise       ; digito_clave[1]        ;
; -1.000 ; 1.000        ; 2.000          ; Min Period      ; clk   ; Rise       ; estado.ADMIN_OK        ;
; -1.000 ; 1.000        ; 2.000          ; Min Period      ; clk   ; Rise       ; estado.CLAVE_ADMIN     ;
; -1.000 ; 1.000        ; 2.000          ; Min Period      ; clk   ; Rise       ; estado.ESCRIBIENDO     ;
; -1.000 ; 1.000        ; 2.000          ; Min Period      ; clk   ; Rise       ; estado.ESPERA          ;
; -1.000 ; 1.000        ; 2.000          ; Min Period      ; clk   ; Rise       ; estado.OP_AGREGAR_CLV  ;
; -1.000 ; 1.000        ; 2.000          ; Min Period      ; clk   ; Rise       ; estado.OP_AGREGAR_HOR  ;
; -1.000 ; 1.000        ; 2.000          ; Min Period      ; clk   ; Rise       ; estado.OP_AGREGAR_USR  ;
; -1.000 ; 1.000        ; 2.000          ; Min Period      ; clk   ; Rise       ; estado.OP_ELIMINAR_USR ;
; -1.000 ; 1.000        ; 2.000          ; Min Period      ; clk   ; Rise       ; horario_buf[0]         ;
; -1.000 ; 1.000        ; 2.000          ; Min Period      ; clk   ; Rise       ; horario_buf[1]         ;
; -1.000 ; 1.000        ; 2.000          ; Min Period      ; clk   ; Rise       ; usuario_sel[0]         ;
; -1.000 ; 1.000        ; 2.000          ; Min Period      ; clk   ; Rise       ; usuario_sel[1]         ;
; -1.000 ; 1.000        ; 2.000          ; Min Period      ; clk   ; Rise       ; we_i                   ;
; -1.000 ; 1.000        ; 2.000          ; Min Period      ; clk   ; Rise       ; write_step[0]          ;
; -1.000 ; 1.000        ; 2.000          ; Min Period      ; clk   ; Rise       ; write_step[1]          ;
; -1.000 ; 1.000        ; 2.000          ; Min Period      ; clk   ; Rise       ; write_step[2]          ;
; -0.061 ; 0.123        ; 0.184          ; Low Pulse Width ; clk   ; Rise       ; clave_buf[0][0]        ;
; -0.061 ; 0.123        ; 0.184          ; Low Pulse Width ; clk   ; Rise       ; clave_buf[0][1]        ;
; -0.061 ; 0.123        ; 0.184          ; Low Pulse Width ; clk   ; Rise       ; clave_buf[0][2]        ;
; -0.061 ; 0.123        ; 0.184          ; Low Pulse Width ; clk   ; Rise       ; clave_buf[0][3]        ;
; -0.059 ; 0.125        ; 0.184          ; Low Pulse Width ; clk   ; Rise       ; horario_buf[0]         ;
; -0.059 ; 0.125        ; 0.184          ; Low Pulse Width ; clk   ; Rise       ; horario_buf[1]         ;
; -0.055 ; 0.129        ; 0.184          ; Low Pulse Width ; clk   ; Rise       ; estado.ESCRIBIENDO     ;
; -0.055 ; 0.129        ; 0.184          ; Low Pulse Width ; clk   ; Rise       ; estado.ESPERA          ;
; -0.055 ; 0.129        ; 0.184          ; Low Pulse Width ; clk   ; Rise       ; estado.OP_AGREGAR_CLV  ;
; -0.055 ; 0.129        ; 0.184          ; Low Pulse Width ; clk   ; Rise       ; estado.OP_AGREGAR_HOR  ;
; -0.054 ; 0.130        ; 0.184          ; Low Pulse Width ; clk   ; Rise       ; addr_i[0]              ;
; -0.054 ; 0.130        ; 0.184          ; Low Pulse Width ; clk   ; Rise       ; addr_i[2]              ;
; -0.054 ; 0.130        ; 0.184          ; Low Pulse Width ; clk   ; Rise       ; addr_i[3]              ;
; -0.054 ; 0.130        ; 0.184          ; Low Pulse Width ; clk   ; Rise       ; addr_i[4]              ;
; -0.054 ; 0.130        ; 0.184          ; Low Pulse Width ; clk   ; Rise       ; dato_i[4]              ;
; -0.054 ; 0.130        ; 0.184          ; Low Pulse Width ; clk   ; Rise       ; dato_i[5]              ;
; -0.054 ; 0.130        ; 0.184          ; Low Pulse Width ; clk   ; Rise       ; dato_i[6]              ;
; -0.054 ; 0.130        ; 0.184          ; Low Pulse Width ; clk   ; Rise       ; dato_i[7]              ;
; -0.054 ; 0.130        ; 0.184          ; Low Pulse Width ; clk   ; Rise       ; usuario_sel[0]         ;
; -0.054 ; 0.130        ; 0.184          ; Low Pulse Width ; clk   ; Rise       ; usuario_sel[1]         ;
; -0.049 ; 0.135        ; 0.184          ; Low Pulse Width ; clk   ; Rise       ; clave_buf[1][0]        ;
; -0.049 ; 0.135        ; 0.184          ; Low Pulse Width ; clk   ; Rise       ; clave_buf[1][1]        ;
; -0.049 ; 0.135        ; 0.184          ; Low Pulse Width ; clk   ; Rise       ; clave_buf[1][2]        ;
; -0.049 ; 0.135        ; 0.184          ; Low Pulse Width ; clk   ; Rise       ; clave_buf[1][3]        ;
; -0.029 ; 0.155        ; 0.184          ; Low Pulse Width ; clk   ; Rise       ; clave_buf[3][0]        ;
; -0.029 ; 0.155        ; 0.184          ; Low Pulse Width ; clk   ; Rise       ; clave_buf[3][1]        ;
; -0.029 ; 0.155        ; 0.184          ; Low Pulse Width ; clk   ; Rise       ; clave_buf[3][2]        ;
; -0.029 ; 0.155        ; 0.184          ; Low Pulse Width ; clk   ; Rise       ; clave_buf[3][3]        ;
; -0.029 ; 0.155        ; 0.184          ; Low Pulse Width ; clk   ; Rise       ; digito_admin[0]        ;
; -0.029 ; 0.155        ; 0.184          ; Low Pulse Width ; clk   ; Rise       ; digito_admin[1]        ;
; -0.029 ; 0.155        ; 0.184          ; Low Pulse Width ; clk   ; Rise       ; estado.CLAVE_ADMIN     ;
; -0.029 ; 0.155        ; 0.184          ; Low Pulse Width ; clk   ; Rise       ; estado.OP_ELIMINAR_USR ;
; -0.029 ; 0.155        ; 0.184          ; Low Pulse Width ; clk   ; Rise       ; write_step[0]          ;
; -0.028 ; 0.156        ; 0.184          ; Low Pulse Width ; clk   ; Rise       ; addr_i[1]              ;
; -0.028 ; 0.156        ; 0.184          ; Low Pulse Width ; clk   ; Rise       ; clave_buf[2][0]        ;
; -0.028 ; 0.156        ; 0.184          ; Low Pulse Width ; clk   ; Rise       ; clave_buf[2][1]        ;
; -0.028 ; 0.156        ; 0.184          ; Low Pulse Width ; clk   ; Rise       ; clave_buf[2][2]        ;
; -0.028 ; 0.156        ; 0.184          ; Low Pulse Width ; clk   ; Rise       ; clave_buf[2][3]        ;
; -0.028 ; 0.156        ; 0.184          ; Low Pulse Width ; clk   ; Rise       ; dato_i[0]              ;
; -0.028 ; 0.156        ; 0.184          ; Low Pulse Width ; clk   ; Rise       ; dato_i[1]              ;
; -0.028 ; 0.156        ; 0.184          ; Low Pulse Width ; clk   ; Rise       ; dato_i[2]              ;
; -0.028 ; 0.156        ; 0.184          ; Low Pulse Width ; clk   ; Rise       ; dato_i[3]              ;
; -0.028 ; 0.156        ; 0.184          ; Low Pulse Width ; clk   ; Rise       ; digito_clave[0]        ;
; -0.028 ; 0.156        ; 0.184          ; Low Pulse Width ; clk   ; Rise       ; digito_clave[1]        ;
; -0.028 ; 0.156        ; 0.184          ; Low Pulse Width ; clk   ; Rise       ; estado.ADMIN_OK        ;
; -0.028 ; 0.156        ; 0.184          ; Low Pulse Width ; clk   ; Rise       ; estado.OP_AGREGAR_USR  ;
; -0.028 ; 0.156        ; 0.184          ; Low Pulse Width ; clk   ; Rise       ; we_i                   ;
; -0.028 ; 0.156        ; 0.184          ; Low Pulse Width ; clk   ; Rise       ; write_step[1]          ;
; -0.028 ; 0.156        ; 0.184          ; Low Pulse Width ; clk   ; Rise       ; write_step[2]          ;
; 0.119  ; 0.119        ; 0.000          ; Low Pulse Width ; clk   ; Rise       ; clave_buf[0][0]|clk    ;
+--------+--------------+----------------+-----------------+-------+------------+------------------------+


+--------------------------------------------------------------------------+
; Setup Times                                                              ;
+--------------+------------+-------+-------+------------+-----------------+
; Data Port    ; Clock Port ; Rise  ; Fall  ; Clock Edge ; Clock Reference ;
+--------------+------------+-------+-------+------------+-----------------+
; rst          ; clk        ; 0.772 ; 0.999 ; Rise       ; clk             ;
; tecla[*]     ; clk        ; 3.027 ; 3.784 ; Rise       ; clk             ;
;  tecla[0]    ; clk        ; 3.027 ; 3.784 ; Rise       ; clk             ;
;  tecla[1]    ; clk        ; 2.961 ; 3.596 ; Rise       ; clk             ;
;  tecla[2]    ; clk        ; 2.906 ; 3.650 ; Rise       ; clk             ;
;  tecla[3]    ; clk        ; 2.856 ; 3.584 ; Rise       ; clk             ;
; tecla_valida ; clk        ; 2.758 ; 3.496 ; Rise       ; clk             ;
+--------------+------------+-------+-------+------------+-----------------+


+----------------------------------------------------------------------------+
; Hold Times                                                                 ;
+--------------+------------+--------+--------+------------+-----------------+
; Data Port    ; Clock Port ; Rise   ; Fall   ; Clock Edge ; Clock Reference ;
+--------------+------------+--------+--------+------------+-----------------+
; rst          ; clk        ; -0.233 ; -0.499 ; Rise       ; clk             ;
; tecla[*]     ; clk        ; -0.557 ; -1.126 ; Rise       ; clk             ;
;  tecla[0]    ; clk        ; -0.593 ; -1.173 ; Rise       ; clk             ;
;  tecla[1]    ; clk        ; -0.557 ; -1.126 ; Rise       ; clk             ;
;  tecla[2]    ; clk        ; -0.677 ; -1.250 ; Rise       ; clk             ;
;  tecla[3]    ; clk        ; -0.680 ; -1.271 ; Rise       ; clk             ;
; tecla_valida ; clk        ; -1.182 ; -1.827 ; Rise       ; clk             ;
+--------------+------------+--------+--------+------------+-----------------+


+-----------------------------------------------------------------------------+
; Clock to Output Times                                                       ;
+-----------------+------------+-------+-------+------------+-----------------+
; Data Port       ; Clock Port ; Rise  ; Fall  ; Clock Edge ; Clock Reference ;
+-----------------+------------+-------+-------+------------+-----------------+
; display_out[*]  ; clk        ; 5.059 ; 4.937 ; Rise       ; clk             ;
;  display_out[0] ; clk        ; 4.706 ; 4.658 ; Rise       ; clk             ;
;  display_out[1] ; clk        ; 4.738 ; 4.698 ; Rise       ; clk             ;
;  display_out[2] ; clk        ; 4.406 ; 4.302 ; Rise       ; clk             ;
;  display_out[3] ; clk        ; 5.059 ; 4.937 ; Rise       ; clk             ;
; mem_address[*]  ; clk        ; 4.582 ; 4.674 ; Rise       ; clk             ;
;  mem_address[0] ; clk        ; 3.998 ; 4.044 ; Rise       ; clk             ;
;  mem_address[1] ; clk        ; 3.965 ; 4.022 ; Rise       ; clk             ;
;  mem_address[2] ; clk        ; 3.831 ; 3.848 ; Rise       ; clk             ;
;  mem_address[3] ; clk        ; 4.582 ; 4.674 ; Rise       ; clk             ;
;  mem_address[4] ; clk        ; 3.680 ; 3.673 ; Rise       ; clk             ;
; mem_dato_in[*]  ; clk        ; 4.142 ; 4.200 ; Rise       ; clk             ;
;  mem_dato_in[0] ; clk        ; 3.723 ; 3.810 ; Rise       ; clk             ;
;  mem_dato_in[1] ; clk        ; 3.620 ; 3.700 ; Rise       ; clk             ;
;  mem_dato_in[2] ; clk        ; 3.860 ; 3.964 ; Rise       ; clk             ;
;  mem_dato_in[3] ; clk        ; 3.784 ; 3.817 ; Rise       ; clk             ;
;  mem_dato_in[4] ; clk        ; 4.142 ; 4.200 ; Rise       ; clk             ;
;  mem_dato_in[5] ; clk        ; 3.847 ; 3.867 ; Rise       ; clk             ;
;  mem_dato_in[6] ; clk        ; 3.996 ; 4.074 ; Rise       ; clk             ;
;  mem_dato_in[7] ; clk        ; 4.076 ; 4.124 ; Rise       ; clk             ;
; mem_we          ; clk        ; 3.611 ; 3.622 ; Rise       ; clk             ;
; modo_admin      ; clk        ; 3.793 ; 3.867 ; Rise       ; clk             ;
+-----------------+------------+-------+-------+------------+-----------------+


+-----------------------------------------------------------------------------+
; Minimum Clock to Output Times                                               ;
+-----------------+------------+-------+-------+------------+-----------------+
; Data Port       ; Clock Port ; Rise  ; Fall  ; Clock Edge ; Clock Reference ;
+-----------------+------------+-------+-------+------------+-----------------+
; display_out[*]  ; clk        ; 3.962 ; 3.947 ; Rise       ; clk             ;
;  display_out[0] ; clk        ; 3.962 ; 4.060 ; Rise       ; clk             ;
;  display_out[1] ; clk        ; 4.117 ; 4.232 ; Rise       ; clk             ;
;  display_out[2] ; clk        ; 4.034 ; 3.947 ; Rise       ; clk             ;
;  display_out[3] ; clk        ; 4.687 ; 4.582 ; Rise       ; clk             ;
; mem_address[*]  ; clk        ; 3.561 ; 3.552 ; Rise       ; clk             ;
;  mem_address[0] ; clk        ; 3.866 ; 3.907 ; Rise       ; clk             ;
;  mem_address[1] ; clk        ; 3.834 ; 3.887 ; Rise       ; clk             ;
;  mem_address[2] ; clk        ; 3.705 ; 3.720 ; Rise       ; clk             ;
;  mem_address[3] ; clk        ; 4.445 ; 4.533 ; Rise       ; clk             ;
;  mem_address[4] ; clk        ; 3.561 ; 3.552 ; Rise       ; clk             ;
; mem_dato_in[*]  ; clk        ; 3.502 ; 3.579 ; Rise       ; clk             ;
;  mem_dato_in[0] ; clk        ; 3.600 ; 3.683 ; Rise       ; clk             ;
;  mem_dato_in[1] ; clk        ; 3.502 ; 3.579 ; Rise       ; clk             ;
;  mem_dato_in[2] ; clk        ; 3.728 ; 3.826 ; Rise       ; clk             ;
;  mem_dato_in[3] ; clk        ; 3.660 ; 3.690 ; Rise       ; clk             ;
;  mem_dato_in[4] ; clk        ; 4.003 ; 4.057 ; Rise       ; clk             ;
;  mem_dato_in[5] ; clk        ; 3.722 ; 3.738 ; Rise       ; clk             ;
;  mem_dato_in[6] ; clk        ; 3.857 ; 3.931 ; Rise       ; clk             ;
;  mem_dato_in[7] ; clk        ; 3.940 ; 3.984 ; Rise       ; clk             ;
; mem_we          ; clk        ; 3.494 ; 3.502 ; Rise       ; clk             ;
; modo_admin      ; clk        ; 3.667 ; 3.737 ; Rise       ; clk             ;
+-----------------+------------+-------+-------+------------+-----------------+


---------------------------------------------
; Fast 1200mV 0C Model Metastability Report ;
---------------------------------------------
No synchronizer chains to report.


+-------------------------------------------------------------------------------+
; Multicorner Timing Analysis Summary                                           ;
+------------------+---------+-------+----------+---------+---------------------+
; Clock            ; Setup   ; Hold  ; Recovery ; Removal ; Minimum Pulse Width ;
+------------------+---------+-------+----------+---------+---------------------+
; Worst-case Slack ; -2.276  ; 0.178 ; N/A      ; N/A     ; -3.000              ;
;  clk             ; -2.276  ; 0.178 ; N/A      ; N/A     ; -3.000              ;
; Design-wide TNS  ; -75.53  ; 0.0   ; 0.0      ; 0.0     ; -54.027             ;
;  clk             ; -75.530 ; 0.000 ; N/A      ; N/A     ; -54.027             ;
+------------------+---------+-------+----------+---------+---------------------+


+--------------------------------------------------------------------------+
; Setup Times                                                              ;
+--------------+------------+-------+-------+------------+-----------------+
; Data Port    ; Clock Port ; Rise  ; Fall  ; Clock Edge ; Clock Reference ;
+--------------+------------+-------+-------+------------+-----------------+
; rst          ; clk        ; 1.315 ; 1.387 ; Rise       ; clk             ;
; tecla[*]     ; clk        ; 5.565 ; 6.150 ; Rise       ; clk             ;
;  tecla[0]    ; clk        ; 5.565 ; 6.150 ; Rise       ; clk             ;
;  tecla[1]    ; clk        ; 5.392 ; 5.873 ; Rise       ; clk             ;
;  tecla[2]    ; clk        ; 5.344 ; 5.926 ; Rise       ; clk             ;
;  tecla[3]    ; clk        ; 5.256 ; 5.808 ; Rise       ; clk             ;
; tecla_valida ; clk        ; 4.983 ; 5.604 ; Rise       ; clk             ;
+--------------+------------+-------+-------+------------+-----------------+


+----------------------------------------------------------------------------+
; Hold Times                                                                 ;
+--------------+------------+--------+--------+------------+-----------------+
; Data Port    ; Clock Port ; Rise   ; Fall   ; Clock Edge ; Clock Reference ;
+--------------+------------+--------+--------+------------+-----------------+
; rst          ; clk        ; -0.233 ; -0.435 ; Rise       ; clk             ;
; tecla[*]     ; clk        ; -0.557 ; -1.126 ; Rise       ; clk             ;
;  tecla[0]    ; clk        ; -0.593 ; -1.173 ; Rise       ; clk             ;
;  tecla[1]    ; clk        ; -0.557 ; -1.126 ; Rise       ; clk             ;
;  tecla[2]    ; clk        ; -0.677 ; -1.250 ; Rise       ; clk             ;
;  tecla[3]    ; clk        ; -0.680 ; -1.271 ; Rise       ; clk             ;
; tecla_valida ; clk        ; -1.182 ; -1.827 ; Rise       ; clk             ;
+--------------+------------+--------+--------+------------+-----------------+


+-----------------------------------------------------------------------------+
; Clock to Output Times                                                       ;
+-----------------+------------+-------+-------+------------+-----------------+
; Data Port       ; Clock Port ; Rise  ; Fall  ; Clock Edge ; Clock Reference ;
+-----------------+------------+-------+-------+------------+-----------------+
; display_out[*]  ; clk        ; 8.375 ; 8.348 ; Rise       ; clk             ;
;  display_out[0] ; clk        ; 8.129 ; 7.972 ; Rise       ; clk             ;
;  display_out[1] ; clk        ; 8.184 ; 8.045 ; Rise       ; clk             ;
;  display_out[2] ; clk        ; 7.467 ; 7.495 ; Rise       ; clk             ;
;  display_out[3] ; clk        ; 8.375 ; 8.348 ; Rise       ; clk             ;
; mem_address[*]  ; clk        ; 7.659 ; 7.677 ; Rise       ; clk             ;
;  mem_address[0] ; clk        ; 6.779 ; 6.749 ; Rise       ; clk             ;
;  mem_address[1] ; clk        ; 6.683 ; 6.657 ; Rise       ; clk             ;
;  mem_address[2] ; clk        ; 6.480 ; 6.446 ; Rise       ; clk             ;
;  mem_address[3] ; clk        ; 7.659 ; 7.677 ; Rise       ; clk             ;
;  mem_address[4] ; clk        ; 6.203 ; 6.163 ; Rise       ; clk             ;
; mem_dato_in[*]  ; clk        ; 7.019 ; 6.997 ; Rise       ; clk             ;
;  mem_dato_in[0] ; clk        ; 6.366 ; 6.332 ; Rise       ; clk             ;
;  mem_dato_in[1] ; clk        ; 6.163 ; 6.137 ; Rise       ; clk             ;
;  mem_dato_in[2] ; clk        ; 6.570 ; 6.557 ; Rise       ; clk             ;
;  mem_dato_in[3] ; clk        ; 6.368 ; 6.342 ; Rise       ; clk             ;
;  mem_dato_in[4] ; clk        ; 7.019 ; 6.997 ; Rise       ; clk             ;
;  mem_dato_in[5] ; clk        ; 6.495 ; 6.461 ; Rise       ; clk             ;
;  mem_dato_in[6] ; clk        ; 6.885 ; 6.813 ; Rise       ; clk             ;
;  mem_dato_in[7] ; clk        ; 6.934 ; 6.907 ; Rise       ; clk             ;
; mem_we          ; clk        ; 6.081 ; 6.042 ; Rise       ; clk             ;
; modo_admin      ; clk        ; 6.507 ; 6.478 ; Rise       ; clk             ;
+-----------------+------------+-------+-------+------------+-----------------+


+-----------------------------------------------------------------------------+
; Minimum Clock to Output Times                                               ;
+-----------------+------------+-------+-------+------------+-----------------+
; Data Port       ; Clock Port ; Rise  ; Fall  ; Clock Edge ; Clock Reference ;
+-----------------+------------+-------+-------+------------+-----------------+
; display_out[*]  ; clk        ; 3.962 ; 3.947 ; Rise       ; clk             ;
;  display_out[0] ; clk        ; 3.962 ; 4.060 ; Rise       ; clk             ;
;  display_out[1] ; clk        ; 4.117 ; 4.232 ; Rise       ; clk             ;
;  display_out[2] ; clk        ; 4.034 ; 3.947 ; Rise       ; clk             ;
;  display_out[3] ; clk        ; 4.687 ; 4.582 ; Rise       ; clk             ;
; mem_address[*]  ; clk        ; 3.561 ; 3.552 ; Rise       ; clk             ;
;  mem_address[0] ; clk        ; 3.866 ; 3.907 ; Rise       ; clk             ;
;  mem_address[1] ; clk        ; 3.834 ; 3.887 ; Rise       ; clk             ;
;  mem_address[2] ; clk        ; 3.705 ; 3.720 ; Rise       ; clk             ;
;  mem_address[3] ; clk        ; 4.445 ; 4.533 ; Rise       ; clk             ;
;  mem_address[4] ; clk        ; 3.561 ; 3.552 ; Rise       ; clk             ;
; mem_dato_in[*]  ; clk        ; 3.502 ; 3.579 ; Rise       ; clk             ;
;  mem_dato_in[0] ; clk        ; 3.600 ; 3.683 ; Rise       ; clk             ;
;  mem_dato_in[1] ; clk        ; 3.502 ; 3.579 ; Rise       ; clk             ;
;  mem_dato_in[2] ; clk        ; 3.728 ; 3.826 ; Rise       ; clk             ;
;  mem_dato_in[3] ; clk        ; 3.660 ; 3.690 ; Rise       ; clk             ;
;  mem_dato_in[4] ; clk        ; 4.003 ; 4.057 ; Rise       ; clk             ;
;  mem_dato_in[5] ; clk        ; 3.722 ; 3.738 ; Rise       ; clk             ;
;  mem_dato_in[6] ; clk        ; 3.857 ; 3.931 ; Rise       ; clk             ;
;  mem_dato_in[7] ; clk        ; 3.940 ; 3.984 ; Rise       ; clk             ;
; mem_we          ; clk        ; 3.494 ; 3.502 ; Rise       ; clk             ;
; modo_admin      ; clk        ; 3.667 ; 3.737 ; Rise       ; clk             ;
+-----------------+------------+-------+-------+------------+-----------------+


+-------------------------------------------------------------------------------------------------------------------------------------------------------------------------------------------------------------------------------------------------------------------------------------------------------------------------------------------------------------------------------------------------------------------+
; Board Trace Model Assignments                                                                                                                                                                                                                                                                                                                                                                                     ;
+----------------+--------------+-------------------+-------------------------+-------------------------+---------------+---------------------+----------------+------------------+--------+------------------+------------------------+------------------------+--------------+---------------+-----------------+-------+---------------------+--------------------+---------------+-----------------+-------------+
; Pin            ; I/O Standard ; Near Tline Length ; Near Tline L per Length ; Near Tline C per Length ; Near Series R ; Near Differential R ; Near Pull-up R ; Near Pull-down R ; Near C ; Far Tline Length ; Far Tline L per Length ; Far Tline C per Length ; Far Series R ; Far Pull-up R ; Far Pull-down R ; Far C ; Termination Voltage ; Far Differential R ; EBD File Name ; EBD Signal Name ; EBD Far-end ;
+----------------+--------------+-------------------+-------------------------+-------------------------+---------------+---------------------+----------------+------------------+--------+------------------+------------------------+------------------------+--------------+---------------+-----------------+-------+---------------------+--------------------+---------------+-----------------+-------------+
; mem_address[0] ; 2.5 V        ; 0 in              ; 0 H/in                  ; 0 F/in                  ; short         ; -                   ; open           ; open             ; open   ; 0 in             ; 0 H/in                 ; 0 F/in                 ; short        ; open          ; open            ; open  ; 0 V                 ; -                  ; n/a           ; n/a             ; n/a         ;
; mem_address[1] ; 2.5 V        ; 0 in              ; 0 H/in                  ; 0 F/in                  ; short         ; -                   ; open           ; open             ; open   ; 0 in             ; 0 H/in                 ; 0 F/in                 ; short        ; open          ; open            ; open  ; 0 V                 ; -                  ; n/a           ; n/a             ; n/a         ;
; mem_address[2] ; 2.5 V        ; 0 in              ; 0 H/in                  ; 0 F/in                  ; short         ; -                   ; open           ; open             ; open   ; 0 in             ; 0 H/in                 ; 0 F/in                 ; short        ; open          ; open            ; open  ; 0 V                 ; -                  ; n/a           ; n/a             ; n/a         ;
; mem_address[3] ; 2.5 V        ; 0 in              ; 0 H/in                  ; 0 F/in                  ; short         ; -                   ; open           ; open             ; open   ; 0 in             ; 0 H/in                 ; 0 F/in                 ; short        ; open          ; open            ; open  ; 0 V                 ; -                  ; n/a           ; n/a             ; n/a         ;
; mem_address[4] ; 2.5 V        ; 0 in              ; 0 H/in                  ; 0 F/in                  ; short         ; -                   ; open           ; open             ; open   ; 0 in             ; 0 H/in                 ; 0 F/in                 ; short        ; open          ; open            ; open  ; 0 V                 ; -                  ; n/a           ; n/a             ; n/a         ;
; mem_address[5] ; 2.5 V        ; 0 in              ; 0 H/in                  ; 0 F/in                  ; short         ; -                   ; open           ; open             ; open   ; 0 in             ; 0 H/in                 ; 0 F/in                 ; short        ; open          ; open            ; open  ; 0 V                 ; -                  ; n/a           ; n/a             ; n/a         ;
; mem_dato_in[0] ; 2.5 V        ; 0 in              ; 0 H/in                  ; 0 F/in                  ; short         ; -                   ; open           ; open             ; open   ; 0 in             ; 0 H/in                 ; 0 F/in                 ; short        ; open          ; open            ; open  ; 0 V                 ; -                  ; n/a           ; n/a             ; n/a         ;
; mem_dato_in[1] ; 2.5 V        ; 0 in              ; 0 H/in                  ; 0 F/in                  ; short         ; -                   ; open           ; open             ; open   ; 0 in             ; 0 H/in                 ; 0 F/in                 ; short        ; open          ; open            ; open  ; 0 V                 ; -                  ; n/a           ; n/a             ; n/a         ;
; mem_dato_in[2] ; 2.5 V        ; 0 in              ; 0 H/in                  ; 0 F/in                  ; short         ; -                   ; open           ; open             ; open   ; 0 in             ; 0 H/in                 ; 0 F/in                 ; short        ; open          ; open            ; open  ; 0 V                 ; -                  ; n/a           ; n/a             ; n/a         ;
; mem_dato_in[3] ; 2.5 V        ; 0 in              ; 0 H/in                  ; 0 F/in                  ; short         ; -                   ; open           ; open             ; open   ; 0 in             ; 0 H/in                 ; 0 F/in                 ; short        ; open          ; open            ; open  ; 0 V                 ; -                  ; n/a           ; n/a             ; n/a         ;
; mem_dato_in[4] ; 2.5 V        ; 0 in              ; 0 H/in                  ; 0 F/in                  ; short         ; -                   ; open           ; open             ; open   ; 0 in             ; 0 H/in                 ; 0 F/in                 ; short        ; open          ; open            ; open  ; 0 V                 ; -                  ; n/a           ; n/a             ; n/a         ;
; mem_dato_in[5] ; 2.5 V        ; 0 in              ; 0 H/in                  ; 0 F/in                  ; short         ; -                   ; open           ; open             ; open   ; 0 in             ; 0 H/in                 ; 0 F/in                 ; short        ; open          ; open            ; open  ; 0 V                 ; -                  ; n/a           ; n/a             ; n/a         ;
; mem_dato_in[6] ; 2.5 V        ; 0 in              ; 0 H/in                  ; 0 F/in                  ; short         ; -                   ; open           ; open             ; open   ; 0 in             ; 0 H/in                 ; 0 F/in                 ; short        ; open          ; open            ; open  ; 0 V                 ; -                  ; n/a           ; n/a             ; n/a         ;
; mem_dato_in[7] ; 2.5 V        ; 0 in              ; 0 H/in                  ; 0 F/in                  ; short         ; -                   ; open           ; open             ; open   ; 0 in             ; 0 H/in                 ; 0 F/in                 ; short        ; open          ; open            ; open  ; 0 V                 ; -                  ; n/a           ; n/a             ; n/a         ;
; mem_we         ; 2.5 V        ; 0 in              ; 0 H/in                  ; 0 F/in                  ; short         ; -                   ; open           ; open             ; open   ; 0 in             ; 0 H/in                 ; 0 F/in                 ; short        ; open          ; open            ; open  ; 0 V                 ; -                  ; n/a           ; n/a             ; n/a         ;
; modo_admin     ; 2.5 V        ; 0 in              ; 0 H/in                  ; 0 F/in                  ; short         ; -                   ; open           ; open             ; open   ; 0 in             ; 0 H/in                 ; 0 F/in                 ; short        ; open          ; open            ; open  ; 0 V                 ; -                  ; n/a           ; n/a             ; n/a         ;
; display_out[0] ; 2.5 V        ; 0 in              ; 0 H/in                  ; 0 F/in                  ; short         ; -                   ; open           ; open             ; open   ; 0 in             ; 0 H/in                 ; 0 F/in                 ; short        ; open          ; open            ; open  ; 0 V                 ; -                  ; n/a           ; n/a             ; n/a         ;
; display_out[1] ; 2.5 V        ; 0 in              ; 0 H/in                  ; 0 F/in                  ; short         ; -                   ; open           ; open             ; open   ; 0 in             ; 0 H/in                 ; 0 F/in                 ; short        ; open          ; open            ; open  ; 0 V                 ; -                  ; n/a           ; n/a             ; n/a         ;
; display_out[2] ; 2.5 V        ; 0 in              ; 0 H/in                  ; 0 F/in                  ; short         ; -                   ; open           ; open             ; open   ; 0 in             ; 0 H/in                 ; 0 F/in                 ; short        ; open          ; open            ; open  ; 0 V                 ; -                  ; n/a           ; n/a             ; n/a         ;
; display_out[3] ; 2.5 V        ; 0 in              ; 0 H/in                  ; 0 F/in                  ; short         ; -                   ; open           ; open             ; open   ; 0 in             ; 0 H/in                 ; 0 F/in                 ; short        ; open          ; open            ; open  ; 0 V                 ; -                  ; n/a           ; n/a             ; n/a         ;
; ~ALTERA_NCEO~  ; 2.5 V        ; 0 in              ; 0 H/in                  ; 0 F/in                  ; short         ; -                   ; open           ; open             ; open   ; 0 in             ; 0 H/in                 ; 0 F/in                 ; short        ; open          ; open            ; open  ; 0 V                 ; -                  ; n/a           ; n/a             ; n/a         ;
; ~ALTERA_DCLK~  ; 2.5 V        ; 0 in              ; 0 H/in                  ; 0 F/in                  ; short         ; -                   ; open           ; open             ; open   ; 0 in             ; 0 H/in                 ; 0 F/in                 ; short        ; open          ; open            ; open  ; 0 V                 ; -                  ; n/a           ; n/a             ; n/a         ;
+----------------+--------------+-------------------+-------------------------+-------------------------+---------------+---------------------+----------------+------------------+--------+------------------+------------------------+------------------------+--------------+---------------+-----------------+-------+---------------------+--------------------+---------------+-----------------+-------------+


+-------------------------------------------------------------------+
; Input Transition Times                                            ;
+----------------+--------------+-----------------+-----------------+
; Pin            ; I/O Standard ; 10-90 Rise Time ; 90-10 Fall Time ;
+----------------+--------------+-----------------+-----------------+
; clk            ; 2.5 V        ; 2000 ps         ; 2000 ps         ;
; rst            ; 2.5 V        ; 2000 ps         ; 2000 ps         ;
; tecla_valida   ; 2.5 V        ; 2000 ps         ; 2000 ps         ;
; tecla[3]       ; 2.5 V        ; 2000 ps         ; 2000 ps         ;
; tecla[1]       ; 2.5 V        ; 2000 ps         ; 2000 ps         ;
; tecla[2]       ; 2.5 V        ; 2000 ps         ; 2000 ps         ;
; tecla[0]       ; 2.5 V        ; 2000 ps         ; 2000 ps         ;
; ~ALTERA_DATA0~ ; 2.5 V        ; 2000 ps         ; 2000 ps         ;
; ~ALTERA_ASDO~  ; 2.5 V        ; 2000 ps         ; 2000 ps         ;
; ~ALTERA_NCSO~  ; 2.5 V        ; 2000 ps         ; 2000 ps         ;
+----------------+--------------+-----------------+-----------------+


+---------------------------------------------------------------------------------------------------------------------------------------------------------------------------------------------------------------------------------------------------------------------------------------------------------------------------------------------------------------------------------------------------------------------------------------------------------------------------------------------------------------------------------------------------------------------------------------------------------------------------------------------------------------------------------------------+
; Signal Integrity Metrics (Slow 1200mv 0c Model)                                                                                                                                                                                                                                                                                                                                                                                                                                                                                                                                                                                                                                             ;
+----------------+--------------+---------------------+---------------------+------------------------------+------------------------------+---------------------+---------------------+--------------------------------------+--------------------------------------+-----------------------------+-----------------------------+----------------------------+----------------------------+-----------------------------+-----------------------------+--------------------+--------------------+-------------------------------------+-------------------------------------+----------------------------+----------------------------+---------------------------+---------------------------+
; Pin            ; I/O Standard ; Board Delay on Rise ; Board Delay on Fall ; Steady State Voh at FPGA Pin ; Steady State Vol at FPGA Pin ; Voh Max at FPGA Pin ; Vol Min at FPGA Pin ; Ringback Voltage on Rise at FPGA Pin ; Ringback Voltage on Fall at FPGA Pin ; 10-90 Rise Time at FPGA Pin ; 90-10 Fall Time at FPGA Pin ; Monotonic Rise at FPGA Pin ; Monotonic Fall at FPGA Pin ; Steady State Voh at Far-end ; Steady State Vol at Far-end ; Voh Max at Far-end ; Vol Min at Far-end ; Ringback Voltage on Rise at Far-end ; Ringback Voltage on Fall at Far-end ; 10-90 Rise Time at Far-end ; 90-10 Fall Time at Far-end ; Monotonic Rise at Far-end ; Monotonic Fall at Far-end ;
+----------------+--------------+---------------------+---------------------+------------------------------+------------------------------+---------------------+---------------------+--------------------------------------+--------------------------------------+-----------------------------+-----------------------------+----------------------------+----------------------------+-----------------------------+-----------------------------+--------------------+--------------------+-------------------------------------+-------------------------------------+----------------------------+----------------------------+---------------------------+---------------------------+
; mem_address[0] ; 2.5 V        ; 0 s                 ; 0 s                 ; 2.32 V                       ; 5.16e-09 V                   ; 2.37 V              ; -0.00861 V          ; 0.168 V                              ; 0.038 V                              ; 6.79e-10 s                  ; 6.49e-10 s                  ; No                         ; Yes                        ; 2.32 V                      ; 5.16e-09 V                  ; 2.37 V             ; -0.00861 V         ; 0.168 V                             ; 0.038 V                             ; 6.79e-10 s                 ; 6.49e-10 s                 ; No                        ; Yes                       ;
; mem_address[1] ; 2.5 V        ; 0 s                 ; 0 s                 ; 2.32 V                       ; 5.16e-09 V                   ; 2.37 V              ; -0.00861 V          ; 0.168 V                              ; 0.038 V                              ; 6.79e-10 s                  ; 6.49e-10 s                  ; No                         ; Yes                        ; 2.32 V                      ; 5.16e-09 V                  ; 2.37 V             ; -0.00861 V         ; 0.168 V                             ; 0.038 V                             ; 6.79e-10 s                 ; 6.49e-10 s                 ; No                        ; Yes                       ;
; mem_address[2] ; 2.5 V        ; 0 s                 ; 0 s                 ; 2.32 V                       ; 5.16e-09 V                   ; 2.37 V              ; -0.00861 V          ; 0.168 V                              ; 0.038 V                              ; 6.79e-10 s                  ; 6.49e-10 s                  ; No                         ; Yes                        ; 2.32 V                      ; 5.16e-09 V                  ; 2.37 V             ; -0.00861 V         ; 0.168 V                             ; 0.038 V                             ; 6.79e-10 s                 ; 6.49e-10 s                 ; No                        ; Yes                       ;
; mem_address[3] ; 2.5 V        ; 0 s                 ; 0 s                 ; 2.32 V                       ; 5.16e-09 V                   ; 2.34 V              ; -0.00633 V          ; 0.232 V                              ; 0.083 V                              ; 1.94e-09 s                  ; 1.83e-09 s                  ; No                         ; Yes                        ; 2.32 V                      ; 5.16e-09 V                  ; 2.34 V             ; -0.00633 V         ; 0.232 V                             ; 0.083 V                             ; 1.94e-09 s                 ; 1.83e-09 s                 ; No                        ; Yes                       ;
; mem_address[4] ; 2.5 V        ; 0 s                 ; 0 s                 ; 2.32 V                       ; 5.16e-09 V                   ; 2.37 V              ; -0.00861 V          ; 0.168 V                              ; 0.038 V                              ; 6.79e-10 s                  ; 6.49e-10 s                  ; No                         ; Yes                        ; 2.32 V                      ; 5.16e-09 V                  ; 2.37 V             ; -0.00861 V         ; 0.168 V                             ; 0.038 V                             ; 6.79e-10 s                 ; 6.49e-10 s                 ; No                        ; Yes                       ;
; mem_address[5] ; 2.5 V        ; 0 s                 ; 0 s                 ; 2.32 V                       ; 7.29e-09 V                   ; 2.39 V              ; -0.00339 V          ; 0.206 V                              ; 0.007 V                              ; 2.77e-10 s                  ; 3.24e-10 s                  ; Yes                        ; Yes                        ; 2.32 V                      ; 7.29e-09 V                  ; 2.39 V             ; -0.00339 V         ; 0.206 V                             ; 0.007 V                             ; 2.77e-10 s                 ; 3.24e-10 s                 ; Yes                       ; Yes                       ;
; mem_dato_in[0] ; 2.5 V        ; 0 s                 ; 0 s                 ; 2.32 V                       ; 7.29e-09 V                   ; 2.39 V              ; -0.00317 V          ; 0.179 V                              ; 0.007 V                              ; 4.7e-10 s                   ; 4.72e-10 s                  ; No                         ; Yes                        ; 2.32 V                      ; 7.29e-09 V                  ; 2.39 V             ; -0.00317 V         ; 0.179 V                             ; 0.007 V                             ; 4.7e-10 s                  ; 4.72e-10 s                 ; No                        ; Yes                       ;
; mem_dato_in[1] ; 2.5 V        ; 0 s                 ; 0 s                 ; 2.32 V                       ; 7.29e-09 V                   ; 2.39 V              ; -0.00317 V          ; 0.179 V                              ; 0.007 V                              ; 4.7e-10 s                   ; 4.72e-10 s                  ; No                         ; Yes                        ; 2.32 V                      ; 7.29e-09 V                  ; 2.39 V             ; -0.00317 V         ; 0.179 V                             ; 0.007 V                             ; 4.7e-10 s                  ; 4.72e-10 s                 ; No                        ; Yes                       ;
; mem_dato_in[2] ; 2.5 V        ; 0 s                 ; 0 s                 ; 2.32 V                       ; 5.16e-09 V                   ; 2.4 V               ; -0.00557 V          ; 0.238 V                              ; 0.014 V                              ; 2.9e-10 s                   ; 3.48e-10 s                  ; No                         ; Yes                        ; 2.32 V                      ; 5.16e-09 V                  ; 2.4 V              ; -0.00557 V         ; 0.238 V                             ; 0.014 V                             ; 2.9e-10 s                  ; 3.48e-10 s                 ; No                        ; Yes                       ;
; mem_dato_in[3] ; 2.5 V        ; 0 s                 ; 0 s                 ; 2.32 V                       ; 5.16e-09 V                   ; 2.37 V              ; -0.00861 V          ; 0.168 V                              ; 0.038 V                              ; 6.79e-10 s                  ; 6.49e-10 s                  ; No                         ; Yes                        ; 2.32 V                      ; 5.16e-09 V                  ; 2.37 V             ; -0.00861 V         ; 0.168 V                             ; 0.038 V                             ; 6.79e-10 s                 ; 6.49e-10 s                 ; No                        ; Yes                       ;
; mem_dato_in[4] ; 2.5 V        ; 0 s                 ; 0 s                 ; 2.32 V                       ; 5.16e-09 V                   ; 2.37 V              ; -0.00861 V          ; 0.168 V                              ; 0.038 V                              ; 6.79e-10 s                  ; 6.49e-10 s                  ; No                         ; Yes                        ; 2.32 V                      ; 5.16e-09 V                  ; 2.37 V             ; -0.00861 V         ; 0.168 V                             ; 0.038 V                             ; 6.79e-10 s                 ; 6.49e-10 s                 ; No                        ; Yes                       ;
; mem_dato_in[5] ; 2.5 V        ; 0 s                 ; 0 s                 ; 2.32 V                       ; 5.16e-09 V                   ; 2.37 V              ; -0.00861 V          ; 0.168 V                              ; 0.038 V                              ; 6.79e-10 s                  ; 6.49e-10 s                  ; No                         ; Yes                        ; 2.32 V                      ; 5.16e-09 V                  ; 2.37 V             ; -0.00861 V         ; 0.168 V                             ; 0.038 V                             ; 6.79e-10 s                 ; 6.49e-10 s                 ; No                        ; Yes                       ;
; mem_dato_in[6] ; 2.5 V        ; 0 s                 ; 0 s                 ; 2.32 V                       ; 5.16e-09 V                   ; 2.4 V               ; -0.00557 V          ; 0.238 V                              ; 0.014 V                              ; 2.9e-10 s                   ; 3.48e-10 s                  ; No                         ; Yes                        ; 2.32 V                      ; 5.16e-09 V                  ; 2.4 V              ; -0.00557 V         ; 0.238 V                             ; 0.014 V                             ; 2.9e-10 s                  ; 3.48e-10 s                 ; No                        ; Yes                       ;
; mem_dato_in[7] ; 2.5 V        ; 0 s                 ; 0 s                 ; 2.32 V                       ; 5.16e-09 V                   ; 2.37 V              ; -0.00861 V          ; 0.168 V                              ; 0.038 V                              ; 6.79e-10 s                  ; 6.49e-10 s                  ; No                         ; Yes                        ; 2.32 V                      ; 5.16e-09 V                  ; 2.37 V             ; -0.00861 V         ; 0.168 V                             ; 0.038 V                             ; 6.79e-10 s                 ; 6.49e-10 s                 ; No                        ; Yes                       ;
; mem_we         ; 2.5 V        ; 0 s                 ; 0 s                 ; 2.32 V                       ; 5.16e-09 V                   ; 2.37 V              ; -0.00861 V          ; 0.168 V                              ; 0.038 V                              ; 6.79e-10 s                  ; 6.49e-10 s                  ; No                         ; Yes                        ; 2.32 V                      ; 5.16e-09 V                  ; 2.37 V             ; -0.00861 V         ; 0.168 V                             ; 0.038 V                             ; 6.79e-10 s                 ; 6.49e-10 s                 ; No                        ; Yes                       ;
; modo_admin     ; 2.5 V        ; 0 s                 ; 0 s                 ; 2.32 V                       ; 7.29e-09 V                   ; 2.39 V              ; -0.00317 V          ; 0.179 V                              ; 0.007 V                              ; 4.7e-10 s                   ; 4.72e-10 s                  ; No                         ; Yes                        ; 2.32 V                      ; 7.29e-09 V                  ; 2.39 V             ; -0.00317 V         ; 0.179 V                             ; 0.007 V                             ; 4.7e-10 s                  ; 4.72e-10 s                 ; No                        ; Yes                       ;
; display_out[0] ; 2.5 V        ; 0 s                 ; 0 s                 ; 2.32 V                       ; 7.29e-09 V                   ; 2.39 V              ; -0.00317 V          ; 0.179 V                              ; 0.007 V                              ; 4.7e-10 s                   ; 4.72e-10 s                  ; No                         ; Yes                        ; 2.32 V                      ; 7.29e-09 V                  ; 2.39 V             ; -0.00317 V         ; 0.179 V                             ; 0.007 V                             ; 4.7e-10 s                  ; 4.72e-10 s                 ; No                        ; Yes                       ;
; display_out[1] ; 2.5 V        ; 0 s                 ; 0 s                 ; 2.32 V                       ; 7.29e-09 V                   ; 2.39 V              ; -0.00317 V          ; 0.179 V                              ; 0.007 V                              ; 4.7e-10 s                   ; 4.72e-10 s                  ; No                         ; Yes                        ; 2.32 V                      ; 7.29e-09 V                  ; 2.39 V             ; -0.00317 V         ; 0.179 V                             ; 0.007 V                             ; 4.7e-10 s                  ; 4.72e-10 s                 ; No                        ; Yes                       ;
; display_out[2] ; 2.5 V        ; 0 s                 ; 0 s                 ; 2.32 V                       ; 7.29e-09 V                   ; 2.39 V              ; -0.00339 V          ; 0.206 V                              ; 0.007 V                              ; 2.77e-10 s                  ; 3.24e-10 s                  ; Yes                        ; Yes                        ; 2.32 V                      ; 7.29e-09 V                  ; 2.39 V             ; -0.00339 V         ; 0.206 V                             ; 0.007 V                             ; 2.77e-10 s                 ; 3.24e-10 s                 ; Yes                       ; Yes                       ;
; display_out[3] ; 2.5 V        ; 0 s                 ; 0 s                 ; 2.32 V                       ; 7.29e-09 V                   ; 2.34 V              ; -0.00668 V          ; 0.218 V                              ; 0.076 V                              ; 1.92e-09 s                  ; 1.81e-09 s                  ; No                         ; Yes                        ; 2.32 V                      ; 7.29e-09 V                  ; 2.34 V             ; -0.00668 V         ; 0.218 V                             ; 0.076 V                             ; 1.92e-09 s                 ; 1.81e-09 s                 ; No                        ; Yes                       ;
; ~ALTERA_NCEO~  ; 2.5 V        ; 0 s                 ; 0 s                 ; 2.32 V                       ; 4.76e-09 V                   ; 2.4 V               ; -0.034 V            ; 0.102 V                              ; 0.065 V                              ; 2.49e-10 s                  ; 3.49e-10 s                  ; Yes                        ; Yes                        ; 2.32 V                      ; 4.76e-09 V                  ; 2.4 V              ; -0.034 V           ; 0.102 V                             ; 0.065 V                             ; 2.49e-10 s                 ; 3.49e-10 s                 ; Yes                       ; Yes                       ;
; ~ALTERA_DCLK~  ; 2.5 V        ; 0 s                 ; 0 s                 ; 2.32 V                       ; 5.94e-09 V                   ; 2.39 V              ; -0.0344 V           ; 0.156 V                              ; 0.089 V                              ; 2.68e-10 s                  ; 2.6e-10 s                   ; Yes                        ; Yes                        ; 2.32 V                      ; 5.94e-09 V                  ; 2.39 V             ; -0.0344 V          ; 0.156 V                             ; 0.089 V                             ; 2.68e-10 s                 ; 2.6e-10 s                  ; Yes                       ; Yes                       ;
+----------------+--------------+---------------------+---------------------+------------------------------+------------------------------+---------------------+---------------------+--------------------------------------+--------------------------------------+-----------------------------+-----------------------------+----------------------------+----------------------------+-----------------------------+-----------------------------+--------------------+--------------------+-------------------------------------+-------------------------------------+----------------------------+----------------------------+---------------------------+---------------------------+


+---------------------------------------------------------------------------------------------------------------------------------------------------------------------------------------------------------------------------------------------------------------------------------------------------------------------------------------------------------------------------------------------------------------------------------------------------------------------------------------------------------------------------------------------------------------------------------------------------------------------------------------------------------------------------------------------+
; Signal Integrity Metrics (Slow 1200mv 85c Model)                                                                                                                                                                                                                                                                                                                                                                                                                                                                                                                                                                                                                                            ;
+----------------+--------------+---------------------+---------------------+------------------------------+------------------------------+---------------------+---------------------+--------------------------------------+--------------------------------------+-----------------------------+-----------------------------+----------------------------+----------------------------+-----------------------------+-----------------------------+--------------------+--------------------+-------------------------------------+-------------------------------------+----------------------------+----------------------------+---------------------------+---------------------------+
; Pin            ; I/O Standard ; Board Delay on Rise ; Board Delay on Fall ; Steady State Voh at FPGA Pin ; Steady State Vol at FPGA Pin ; Voh Max at FPGA Pin ; Vol Min at FPGA Pin ; Ringback Voltage on Rise at FPGA Pin ; Ringback Voltage on Fall at FPGA Pin ; 10-90 Rise Time at FPGA Pin ; 90-10 Fall Time at FPGA Pin ; Monotonic Rise at FPGA Pin ; Monotonic Fall at FPGA Pin ; Steady State Voh at Far-end ; Steady State Vol at Far-end ; Voh Max at Far-end ; Vol Min at Far-end ; Ringback Voltage on Rise at Far-end ; Ringback Voltage on Fall at Far-end ; 10-90 Rise Time at Far-end ; 90-10 Fall Time at Far-end ; Monotonic Rise at Far-end ; Monotonic Fall at Far-end ;
+----------------+--------------+---------------------+---------------------+------------------------------+------------------------------+---------------------+---------------------+--------------------------------------+--------------------------------------+-----------------------------+-----------------------------+----------------------------+----------------------------+-----------------------------+-----------------------------+--------------------+--------------------+-------------------------------------+-------------------------------------+----------------------------+----------------------------+---------------------------+---------------------------+
; mem_address[0] ; 2.5 V        ; 0 s                 ; 0 s                 ; 2.32 V                       ; 8.13e-07 V                   ; 2.35 V              ; -0.00662 V          ; 0.129 V                              ; 0.049 V                              ; 8.55e-10 s                  ; 8.01e-10 s                  ; No                         ; Yes                        ; 2.32 V                      ; 8.13e-07 V                  ; 2.35 V             ; -0.00662 V         ; 0.129 V                             ; 0.049 V                             ; 8.55e-10 s                 ; 8.01e-10 s                 ; No                        ; Yes                       ;
; mem_address[1] ; 2.5 V        ; 0 s                 ; 0 s                 ; 2.32 V                       ; 8.13e-07 V                   ; 2.35 V              ; -0.00662 V          ; 0.129 V                              ; 0.049 V                              ; 8.55e-10 s                  ; 8.01e-10 s                  ; No                         ; Yes                        ; 2.32 V                      ; 8.13e-07 V                  ; 2.35 V             ; -0.00662 V         ; 0.129 V                             ; 0.049 V                             ; 8.55e-10 s                 ; 8.01e-10 s                 ; No                        ; Yes                       ;
; mem_address[2] ; 2.5 V        ; 0 s                 ; 0 s                 ; 2.32 V                       ; 8.13e-07 V                   ; 2.35 V              ; -0.00662 V          ; 0.129 V                              ; 0.049 V                              ; 8.55e-10 s                  ; 8.01e-10 s                  ; No                         ; Yes                        ; 2.32 V                      ; 8.13e-07 V                  ; 2.35 V             ; -0.00662 V         ; 0.129 V                             ; 0.049 V                             ; 8.55e-10 s                 ; 8.01e-10 s                 ; No                        ; Yes                       ;
; mem_address[3] ; 2.5 V        ; 0 s                 ; 0 s                 ; 2.32 V                       ; 8.13e-07 V                   ; 2.33 V              ; -0.00252 V          ; 0.203 V                              ; 0.046 V                              ; 2.34e-09 s                  ; 2.24e-09 s                  ; Yes                        ; Yes                        ; 2.32 V                      ; 8.13e-07 V                  ; 2.33 V             ; -0.00252 V         ; 0.203 V                             ; 0.046 V                             ; 2.34e-09 s                 ; 2.24e-09 s                 ; Yes                       ; Yes                       ;
; mem_address[4] ; 2.5 V        ; 0 s                 ; 0 s                 ; 2.32 V                       ; 8.13e-07 V                   ; 2.35 V              ; -0.00662 V          ; 0.129 V                              ; 0.049 V                              ; 8.55e-10 s                  ; 8.01e-10 s                  ; No                         ; Yes                        ; 2.32 V                      ; 8.13e-07 V                  ; 2.35 V             ; -0.00662 V         ; 0.129 V                             ; 0.049 V                             ; 8.55e-10 s                 ; 8.01e-10 s                 ; No                        ; Yes                       ;
; mem_address[5] ; 2.5 V        ; 0 s                 ; 0 s                 ; 2.32 V                       ; 1.21e-06 V                   ; 2.37 V              ; -0.00606 V          ; 0.107 V                              ; 0.021 V                              ; 4.26e-10 s                  ; 4.03e-10 s                  ; Yes                        ; Yes                        ; 2.32 V                      ; 1.21e-06 V                  ; 2.37 V             ; -0.00606 V         ; 0.107 V                             ; 0.021 V                             ; 4.26e-10 s                 ; 4.03e-10 s                 ; Yes                       ; Yes                       ;
; mem_dato_in[0] ; 2.5 V        ; 0 s                 ; 0 s                 ; 2.32 V                       ; 1.21e-06 V                   ; 2.36 V              ; -0.00833 V          ; 0.113 V                              ; 0.035 V                              ; 6.32e-10 s                  ; 5.89e-10 s                  ; No                         ; Yes                        ; 2.32 V                      ; 1.21e-06 V                  ; 2.36 V             ; -0.00833 V         ; 0.113 V                             ; 0.035 V                             ; 6.32e-10 s                 ; 5.89e-10 s                 ; No                        ; Yes                       ;
; mem_dato_in[1] ; 2.5 V        ; 0 s                 ; 0 s                 ; 2.32 V                       ; 1.21e-06 V                   ; 2.36 V              ; -0.00833 V          ; 0.113 V                              ; 0.035 V                              ; 6.32e-10 s                  ; 5.89e-10 s                  ; No                         ; Yes                        ; 2.32 V                      ; 1.21e-06 V                  ; 2.36 V             ; -0.00833 V         ; 0.113 V                             ; 0.035 V                             ; 6.32e-10 s                 ; 5.89e-10 s                 ; No                        ; Yes                       ;
; mem_dato_in[2] ; 2.5 V        ; 0 s                 ; 0 s                 ; 2.32 V                       ; 8.13e-07 V                   ; 2.36 V              ; -0.00623 V          ; 0.121 V                              ; 0.03 V                               ; 4.4e-10 s                   ; 4.28e-10 s                  ; Yes                        ; Yes                        ; 2.32 V                      ; 8.13e-07 V                  ; 2.36 V             ; -0.00623 V         ; 0.121 V                             ; 0.03 V                              ; 4.4e-10 s                  ; 4.28e-10 s                 ; Yes                       ; Yes                       ;
; mem_dato_in[3] ; 2.5 V        ; 0 s                 ; 0 s                 ; 2.32 V                       ; 8.13e-07 V                   ; 2.35 V              ; -0.00662 V          ; 0.129 V                              ; 0.049 V                              ; 8.55e-10 s                  ; 8.01e-10 s                  ; No                         ; Yes                        ; 2.32 V                      ; 8.13e-07 V                  ; 2.35 V             ; -0.00662 V         ; 0.129 V                             ; 0.049 V                             ; 8.55e-10 s                 ; 8.01e-10 s                 ; No                        ; Yes                       ;
; mem_dato_in[4] ; 2.5 V        ; 0 s                 ; 0 s                 ; 2.32 V                       ; 8.13e-07 V                   ; 2.35 V              ; -0.00662 V          ; 0.129 V                              ; 0.049 V                              ; 8.55e-10 s                  ; 8.01e-10 s                  ; No                         ; Yes                        ; 2.32 V                      ; 8.13e-07 V                  ; 2.35 V             ; -0.00662 V         ; 0.129 V                             ; 0.049 V                             ; 8.55e-10 s                 ; 8.01e-10 s                 ; No                        ; Yes                       ;
; mem_dato_in[5] ; 2.5 V        ; 0 s                 ; 0 s                 ; 2.32 V                       ; 8.13e-07 V                   ; 2.35 V              ; -0.00662 V          ; 0.129 V                              ; 0.049 V                              ; 8.55e-10 s                  ; 8.01e-10 s                  ; No                         ; Yes                        ; 2.32 V                      ; 8.13e-07 V                  ; 2.35 V             ; -0.00662 V         ; 0.129 V                             ; 0.049 V                             ; 8.55e-10 s                 ; 8.01e-10 s                 ; No                        ; Yes                       ;
; mem_dato_in[6] ; 2.5 V        ; 0 s                 ; 0 s                 ; 2.32 V                       ; 8.13e-07 V                   ; 2.36 V              ; -0.00623 V          ; 0.121 V                              ; 0.03 V                               ; 4.4e-10 s                   ; 4.28e-10 s                  ; Yes                        ; Yes                        ; 2.32 V                      ; 8.13e-07 V                  ; 2.36 V             ; -0.00623 V         ; 0.121 V                             ; 0.03 V                              ; 4.4e-10 s                  ; 4.28e-10 s                 ; Yes                       ; Yes                       ;
; mem_dato_in[7] ; 2.5 V        ; 0 s                 ; 0 s                 ; 2.32 V                       ; 8.13e-07 V                   ; 2.35 V              ; -0.00662 V          ; 0.129 V                              ; 0.049 V                              ; 8.55e-10 s                  ; 8.01e-10 s                  ; No                         ; Yes                        ; 2.32 V                      ; 8.13e-07 V                  ; 2.35 V             ; -0.00662 V         ; 0.129 V                             ; 0.049 V                             ; 8.55e-10 s                 ; 8.01e-10 s                 ; No                        ; Yes                       ;
; mem_we         ; 2.5 V        ; 0 s                 ; 0 s                 ; 2.32 V                       ; 8.13e-07 V                   ; 2.35 V              ; -0.00662 V          ; 0.129 V                              ; 0.049 V                              ; 8.55e-10 s                  ; 8.01e-10 s                  ; No                         ; Yes                        ; 2.32 V                      ; 8.13e-07 V                  ; 2.35 V             ; -0.00662 V         ; 0.129 V                             ; 0.049 V                             ; 8.55e-10 s                 ; 8.01e-10 s                 ; No                        ; Yes                       ;
; modo_admin     ; 2.5 V        ; 0 s                 ; 0 s                 ; 2.32 V                       ; 1.21e-06 V                   ; 2.36 V              ; -0.00833 V          ; 0.113 V                              ; 0.035 V                              ; 6.32e-10 s                  ; 5.89e-10 s                  ; No                         ; Yes                        ; 2.32 V                      ; 1.21e-06 V                  ; 2.36 V             ; -0.00833 V         ; 0.113 V                             ; 0.035 V                             ; 6.32e-10 s                 ; 5.89e-10 s                 ; No                        ; Yes                       ;
; display_out[0] ; 2.5 V        ; 0 s                 ; 0 s                 ; 2.32 V                       ; 1.21e-06 V                   ; 2.36 V              ; -0.00833 V          ; 0.113 V                              ; 0.035 V                              ; 6.32e-10 s                  ; 5.89e-10 s                  ; No                         ; Yes                        ; 2.32 V                      ; 1.21e-06 V                  ; 2.36 V             ; -0.00833 V         ; 0.113 V                             ; 0.035 V                             ; 6.32e-10 s                 ; 5.89e-10 s                 ; No                        ; Yes                       ;
; display_out[1] ; 2.5 V        ; 0 s                 ; 0 s                 ; 2.32 V                       ; 1.21e-06 V                   ; 2.36 V              ; -0.00833 V          ; 0.113 V                              ; 0.035 V                              ; 6.32e-10 s                  ; 5.89e-10 s                  ; No                         ; Yes                        ; 2.32 V                      ; 1.21e-06 V                  ; 2.36 V             ; -0.00833 V         ; 0.113 V                             ; 0.035 V                             ; 6.32e-10 s                 ; 5.89e-10 s                 ; No                        ; Yes                       ;
; display_out[2] ; 2.5 V        ; 0 s                 ; 0 s                 ; 2.32 V                       ; 1.21e-06 V                   ; 2.37 V              ; -0.00606 V          ; 0.107 V                              ; 0.021 V                              ; 4.26e-10 s                  ; 4.03e-10 s                  ; Yes                        ; Yes                        ; 2.32 V                      ; 1.21e-06 V                  ; 2.37 V             ; -0.00606 V         ; 0.107 V                             ; 0.021 V                             ; 4.26e-10 s                 ; 4.03e-10 s                 ; Yes                       ; Yes                       ;
; display_out[3] ; 2.5 V        ; 0 s                 ; 0 s                 ; 2.32 V                       ; 1.21e-06 V                   ; 2.33 V              ; -0.00286 V          ; 0.193 V                              ; 0.042 V                              ; 2.32e-09 s                  ; 2.21e-09 s                  ; Yes                        ; Yes                        ; 2.32 V                      ; 1.21e-06 V                  ; 2.33 V             ; -0.00286 V         ; 0.193 V                             ; 0.042 V                             ; 2.32e-09 s                 ; 2.21e-09 s                 ; Yes                       ; Yes                       ;
; ~ALTERA_NCEO~  ; 2.5 V        ; 0 s                 ; 0 s                 ; 2.32 V                       ; 7.93e-07 V                   ; 2.37 V              ; -0.0278 V           ; 0.106 V                              ; 0.115 V                              ; 2.69e-10 s                  ; 4.05e-10 s                  ; Yes                        ; Yes                        ; 2.32 V                      ; 7.93e-07 V                  ; 2.37 V             ; -0.0278 V          ; 0.106 V                             ; 0.115 V                             ; 2.69e-10 s                 ; 4.05e-10 s                 ; Yes                       ; Yes                       ;
; ~ALTERA_DCLK~  ; 2.5 V        ; 0 s                 ; 0 s                 ; 2.32 V                       ; 9.76e-07 V                   ; 2.36 V              ; -0.00439 V          ; 0.088 V                              ; 0.007 V                              ; 4.05e-10 s                  ; 3.35e-10 s                  ; Yes                        ; Yes                        ; 2.32 V                      ; 9.76e-07 V                  ; 2.36 V             ; -0.00439 V         ; 0.088 V                             ; 0.007 V                             ; 4.05e-10 s                 ; 3.35e-10 s                 ; Yes                       ; Yes                       ;
+----------------+--------------+---------------------+---------------------+------------------------------+------------------------------+---------------------+---------------------+--------------------------------------+--------------------------------------+-----------------------------+-----------------------------+----------------------------+----------------------------+-----------------------------+-----------------------------+--------------------+--------------------+-------------------------------------+-------------------------------------+----------------------------+----------------------------+---------------------------+---------------------------+


+---------------------------------------------------------------------------------------------------------------------------------------------------------------------------------------------------------------------------------------------------------------------------------------------------------------------------------------------------------------------------------------------------------------------------------------------------------------------------------------------------------------------------------------------------------------------------------------------------------------------------------------------------------------------------------------------+
; Signal Integrity Metrics (Fast 1200mv 0c Model)                                                                                                                                                                                                                                                                                                                                                                                                                                                                                                                                                                                                                                             ;
+----------------+--------------+---------------------+---------------------+------------------------------+------------------------------+---------------------+---------------------+--------------------------------------+--------------------------------------+-----------------------------+-----------------------------+----------------------------+----------------------------+-----------------------------+-----------------------------+--------------------+--------------------+-------------------------------------+-------------------------------------+----------------------------+----------------------------+---------------------------+---------------------------+
; Pin            ; I/O Standard ; Board Delay on Rise ; Board Delay on Fall ; Steady State Voh at FPGA Pin ; Steady State Vol at FPGA Pin ; Voh Max at FPGA Pin ; Vol Min at FPGA Pin ; Ringback Voltage on Rise at FPGA Pin ; Ringback Voltage on Fall at FPGA Pin ; 10-90 Rise Time at FPGA Pin ; 90-10 Fall Time at FPGA Pin ; Monotonic Rise at FPGA Pin ; Monotonic Fall at FPGA Pin ; Steady State Voh at Far-end ; Steady State Vol at Far-end ; Voh Max at Far-end ; Vol Min at Far-end ; Ringback Voltage on Rise at Far-end ; Ringback Voltage on Fall at Far-end ; 10-90 Rise Time at Far-end ; 90-10 Fall Time at Far-end ; Monotonic Rise at Far-end ; Monotonic Fall at Far-end ;
+----------------+--------------+---------------------+---------------------+------------------------------+------------------------------+---------------------+---------------------+--------------------------------------+--------------------------------------+-----------------------------+-----------------------------+----------------------------+----------------------------+-----------------------------+-----------------------------+--------------------+--------------------+-------------------------------------+-------------------------------------+----------------------------+----------------------------+---------------------------+---------------------------+
; mem_address[0] ; 2.5 V        ; 0 s                 ; 0 s                 ; 2.62 V                       ; 3.16e-08 V                   ; 2.71 V              ; -0.0171 V           ; 0.273 V                              ; 0.065 V                              ; 4.95e-10 s                  ; 5.37e-10 s                  ; No                         ; Yes                        ; 2.62 V                      ; 3.16e-08 V                  ; 2.71 V             ; -0.0171 V          ; 0.273 V                             ; 0.065 V                             ; 4.95e-10 s                 ; 5.37e-10 s                 ; No                        ; Yes                       ;
; mem_address[1] ; 2.5 V        ; 0 s                 ; 0 s                 ; 2.62 V                       ; 3.16e-08 V                   ; 2.71 V              ; -0.0171 V           ; 0.273 V                              ; 0.065 V                              ; 4.95e-10 s                  ; 5.37e-10 s                  ; No                         ; Yes                        ; 2.62 V                      ; 3.16e-08 V                  ; 2.71 V             ; -0.0171 V          ; 0.273 V                             ; 0.065 V                             ; 4.95e-10 s                 ; 5.37e-10 s                 ; No                        ; Yes                       ;
; mem_address[2] ; 2.5 V        ; 0 s                 ; 0 s                 ; 2.62 V                       ; 3.16e-08 V                   ; 2.71 V              ; -0.0171 V           ; 0.273 V                              ; 0.065 V                              ; 4.95e-10 s                  ; 5.37e-10 s                  ; No                         ; Yes                        ; 2.62 V                      ; 3.16e-08 V                  ; 2.71 V             ; -0.0171 V          ; 0.273 V                             ; 0.065 V                             ; 4.95e-10 s                 ; 5.37e-10 s                 ; No                        ; Yes                       ;
; mem_address[3] ; 2.5 V        ; 0 s                 ; 0 s                 ; 2.62 V                       ; 3.16e-08 V                   ; 2.65 V              ; -0.0109 V           ; 0.234 V                              ; 0.125 V                              ; 1.64e-09 s                  ; 1.59e-09 s                  ; No                         ; Yes                        ; 2.62 V                      ; 3.16e-08 V                  ; 2.65 V             ; -0.0109 V          ; 0.234 V                             ; 0.125 V                             ; 1.64e-09 s                 ; 1.59e-09 s                 ; No                        ; Yes                       ;
; mem_address[4] ; 2.5 V        ; 0 s                 ; 0 s                 ; 2.62 V                       ; 3.16e-08 V                   ; 2.71 V              ; -0.0171 V           ; 0.273 V                              ; 0.065 V                              ; 4.95e-10 s                  ; 5.37e-10 s                  ; No                         ; Yes                        ; 2.62 V                      ; 3.16e-08 V                  ; 2.71 V             ; -0.0171 V          ; 0.273 V                             ; 0.065 V                             ; 4.95e-10 s                 ; 5.37e-10 s                 ; No                        ; Yes                       ;
; mem_address[5] ; 2.5 V        ; 0 s                 ; 0 s                 ; 2.62 V                       ; 4.66e-08 V                   ; 2.73 V              ; -0.0205 V           ; 0.17 V                               ; 0.027 V                              ; 2.58e-10 s                  ; 2.57e-10 s                  ; Yes                        ; Yes                        ; 2.62 V                      ; 4.66e-08 V                  ; 2.73 V             ; -0.0205 V          ; 0.17 V                              ; 0.027 V                             ; 2.58e-10 s                 ; 2.57e-10 s                 ; Yes                       ; Yes                       ;
; mem_dato_in[0] ; 2.5 V        ; 0 s                 ; 0 s                 ; 2.62 V                       ; 4.66e-08 V                   ; 2.72 V              ; -0.0215 V           ; 0.161 V                              ; 0.061 V                              ; 4.44e-10 s                  ; 4.06e-10 s                  ; No                         ; Yes                        ; 2.62 V                      ; 4.66e-08 V                  ; 2.72 V             ; -0.0215 V          ; 0.161 V                             ; 0.061 V                             ; 4.44e-10 s                 ; 4.06e-10 s                 ; No                        ; Yes                       ;
; mem_dato_in[1] ; 2.5 V        ; 0 s                 ; 0 s                 ; 2.62 V                       ; 4.66e-08 V                   ; 2.72 V              ; -0.0215 V           ; 0.161 V                              ; 0.061 V                              ; 4.44e-10 s                  ; 4.06e-10 s                  ; No                         ; Yes                        ; 2.62 V                      ; 4.66e-08 V                  ; 2.72 V             ; -0.0215 V          ; 0.161 V                             ; 0.061 V                             ; 4.44e-10 s                 ; 4.06e-10 s                 ; No                        ; Yes                       ;
; mem_dato_in[2] ; 2.5 V        ; 0 s                 ; 0 s                 ; 2.62 V                       ; 3.16e-08 V                   ; 2.72 V              ; -0.0199 V           ; 0.186 V                              ; 0.027 V                              ; 2.63e-10 s                  ; 2.76e-10 s                  ; Yes                        ; Yes                        ; 2.62 V                      ; 3.16e-08 V                  ; 2.72 V             ; -0.0199 V          ; 0.186 V                             ; 0.027 V                             ; 2.63e-10 s                 ; 2.76e-10 s                 ; Yes                       ; Yes                       ;
; mem_dato_in[3] ; 2.5 V        ; 0 s                 ; 0 s                 ; 2.62 V                       ; 3.16e-08 V                   ; 2.71 V              ; -0.0171 V           ; 0.273 V                              ; 0.065 V                              ; 4.95e-10 s                  ; 5.37e-10 s                  ; No                         ; Yes                        ; 2.62 V                      ; 3.16e-08 V                  ; 2.71 V             ; -0.0171 V          ; 0.273 V                             ; 0.065 V                             ; 4.95e-10 s                 ; 5.37e-10 s                 ; No                        ; Yes                       ;
; mem_dato_in[4] ; 2.5 V        ; 0 s                 ; 0 s                 ; 2.62 V                       ; 3.16e-08 V                   ; 2.71 V              ; -0.0171 V           ; 0.273 V                              ; 0.065 V                              ; 4.95e-10 s                  ; 5.37e-10 s                  ; No                         ; Yes                        ; 2.62 V                      ; 3.16e-08 V                  ; 2.71 V             ; -0.0171 V          ; 0.273 V                             ; 0.065 V                             ; 4.95e-10 s                 ; 5.37e-10 s                 ; No                        ; Yes                       ;
; mem_dato_in[5] ; 2.5 V        ; 0 s                 ; 0 s                 ; 2.62 V                       ; 3.16e-08 V                   ; 2.71 V              ; -0.0171 V           ; 0.273 V                              ; 0.065 V                              ; 4.95e-10 s                  ; 5.37e-10 s                  ; No                         ; Yes                        ; 2.62 V                      ; 3.16e-08 V                  ; 2.71 V             ; -0.0171 V          ; 0.273 V                             ; 0.065 V                             ; 4.95e-10 s                 ; 5.37e-10 s                 ; No                        ; Yes                       ;
; mem_dato_in[6] ; 2.5 V        ; 0 s                 ; 0 s                 ; 2.62 V                       ; 3.16e-08 V                   ; 2.72 V              ; -0.0199 V           ; 0.186 V                              ; 0.027 V                              ; 2.63e-10 s                  ; 2.76e-10 s                  ; Yes                        ; Yes                        ; 2.62 V                      ; 3.16e-08 V                  ; 2.72 V             ; -0.0199 V          ; 0.186 V                             ; 0.027 V                             ; 2.63e-10 s                 ; 2.76e-10 s                 ; Yes                       ; Yes                       ;
; mem_dato_in[7] ; 2.5 V        ; 0 s                 ; 0 s                 ; 2.62 V                       ; 3.16e-08 V                   ; 2.71 V              ; -0.0171 V           ; 0.273 V                              ; 0.065 V                              ; 4.95e-10 s                  ; 5.37e-10 s                  ; No                         ; Yes                        ; 2.62 V                      ; 3.16e-08 V                  ; 2.71 V             ; -0.0171 V          ; 0.273 V                             ; 0.065 V                             ; 4.95e-10 s                 ; 5.37e-10 s                 ; No                        ; Yes                       ;
; mem_we         ; 2.5 V        ; 0 s                 ; 0 s                 ; 2.62 V                       ; 3.16e-08 V                   ; 2.71 V              ; -0.0171 V           ; 0.273 V                              ; 0.065 V                              ; 4.95e-10 s                  ; 5.37e-10 s                  ; No                         ; Yes                        ; 2.62 V                      ; 3.16e-08 V                  ; 2.71 V             ; -0.0171 V          ; 0.273 V                             ; 0.065 V                             ; 4.95e-10 s                 ; 5.37e-10 s                 ; No                        ; Yes                       ;
; modo_admin     ; 2.5 V        ; 0 s                 ; 0 s                 ; 2.62 V                       ; 4.66e-08 V                   ; 2.72 V              ; -0.0215 V           ; 0.161 V                              ; 0.061 V                              ; 4.44e-10 s                  ; 4.06e-10 s                  ; No                         ; Yes                        ; 2.62 V                      ; 4.66e-08 V                  ; 2.72 V             ; -0.0215 V          ; 0.161 V                             ; 0.061 V                             ; 4.44e-10 s                 ; 4.06e-10 s                 ; No                        ; Yes                       ;
; display_out[0] ; 2.5 V        ; 0 s                 ; 0 s                 ; 2.62 V                       ; 4.66e-08 V                   ; 2.72 V              ; -0.0215 V           ; 0.161 V                              ; 0.061 V                              ; 4.44e-10 s                  ; 4.06e-10 s                  ; No                         ; Yes                        ; 2.62 V                      ; 4.66e-08 V                  ; 2.72 V             ; -0.0215 V          ; 0.161 V                             ; 0.061 V                             ; 4.44e-10 s                 ; 4.06e-10 s                 ; No                        ; Yes                       ;
; display_out[1] ; 2.5 V        ; 0 s                 ; 0 s                 ; 2.62 V                       ; 4.66e-08 V                   ; 2.72 V              ; -0.0215 V           ; 0.161 V                              ; 0.061 V                              ; 4.44e-10 s                  ; 4.06e-10 s                  ; No                         ; Yes                        ; 2.62 V                      ; 4.66e-08 V                  ; 2.72 V             ; -0.0215 V          ; 0.161 V                             ; 0.061 V                             ; 4.44e-10 s                 ; 4.06e-10 s                 ; No                        ; Yes                       ;
; display_out[2] ; 2.5 V        ; 0 s                 ; 0 s                 ; 2.62 V                       ; 4.66e-08 V                   ; 2.73 V              ; -0.0205 V           ; 0.17 V                               ; 0.027 V                              ; 2.58e-10 s                  ; 2.57e-10 s                  ; Yes                        ; Yes                        ; 2.62 V                      ; 4.66e-08 V                  ; 2.73 V             ; -0.0205 V          ; 0.17 V                              ; 0.027 V                             ; 2.58e-10 s                 ; 2.57e-10 s                 ; Yes                       ; Yes                       ;
; display_out[3] ; 2.5 V        ; 0 s                 ; 0 s                 ; 2.62 V                       ; 4.66e-08 V                   ; 2.65 V              ; -0.0115 V           ; 0.219 V                              ; 0.115 V                              ; 1.64e-09 s                  ; 1.57e-09 s                  ; No                         ; Yes                        ; 2.62 V                      ; 4.66e-08 V                  ; 2.65 V             ; -0.0115 V          ; 0.219 V                             ; 0.115 V                             ; 1.64e-09 s                 ; 1.57e-09 s                 ; No                        ; Yes                       ;
; ~ALTERA_NCEO~  ; 2.5 V        ; 0 s                 ; 0 s                 ; 2.62 V                       ; 3.06e-08 V                   ; 2.86 V              ; -0.0341 V           ; 0.364 V                              ; 0.046 V                              ; 1.17e-10 s                  ; 2.6e-10 s                   ; No                         ; Yes                        ; 2.62 V                      ; 3.06e-08 V                  ; 2.86 V             ; -0.0341 V          ; 0.364 V                             ; 0.046 V                             ; 1.17e-10 s                 ; 2.6e-10 s                  ; No                        ; Yes                       ;
; ~ALTERA_DCLK~  ; 2.5 V        ; 0 s                 ; 0 s                 ; 2.62 V                       ; 3.81e-08 V                   ; 2.72 V              ; -0.0542 V           ; 0.144 V                              ; 0.087 V                              ; 2.55e-10 s                  ; 2.14e-10 s                  ; Yes                        ; Yes                        ; 2.62 V                      ; 3.81e-08 V                  ; 2.72 V             ; -0.0542 V          ; 0.144 V                             ; 0.087 V                             ; 2.55e-10 s                 ; 2.14e-10 s                 ; Yes                       ; Yes                       ;
+----------------+--------------+---------------------+---------------------+------------------------------+------------------------------+---------------------+---------------------+--------------------------------------+--------------------------------------+-----------------------------+-----------------------------+----------------------------+----------------------------+-----------------------------+-----------------------------+--------------------+--------------------+-------------------------------------+-------------------------------------+----------------------------+----------------------------+---------------------------+---------------------------+


+-------------------------------------------------------------------+
; Setup Transfers                                                   ;
+------------+----------+----------+----------+----------+----------+
; From Clock ; To Clock ; RR Paths ; FR Paths ; RF Paths ; FF Paths ;
+------------+----------+----------+----------+----------+----------+
; clk        ; clk      ; 616      ; 0        ; 0        ; 0        ;
+------------+----------+----------+----------+----------+----------+
Entries labeled "false path" only account for clock-to-clock false paths and not path-based false paths. As a result, actual path counts may be lower than reported.


+-------------------------------------------------------------------+
; Hold Transfers                                                    ;
+------------+----------+----------+----------+----------+----------+
; From Clock ; To Clock ; RR Paths ; FR Paths ; RF Paths ; FF Paths ;
+------------+----------+----------+----------+----------+----------+
; clk        ; clk      ; 616      ; 0        ; 0        ; 0        ;
+------------+----------+----------+----------+----------+----------+
Entries labeled "false path" only account for clock-to-clock false paths and not path-based false paths. As a result, actual path counts may be lower than reported.


---------------
; Report TCCS ;
---------------
No dedicated SERDES Transmitter circuitry present in device or used in design


---------------
; Report RSKM ;
---------------
No non-DPA dedicated SERDES Receiver circuitry present in device or used in design


+------------------------------------------------+
; Unconstrained Paths                            ;
+---------------------------------+-------+------+
; Property                        ; Setup ; Hold ;
+---------------------------------+-------+------+
; Illegal Clocks                  ; 0     ; 0    ;
; Unconstrained Clocks            ; 0     ; 0    ;
; Unconstrained Input Ports       ; 6     ; 6    ;
; Unconstrained Input Port Paths  ; 270   ; 270  ;
; Unconstrained Output Ports      ; 19    ; 19   ;
; Unconstrained Output Port Paths ; 33    ; 33   ;
+---------------------------------+-------+------+


+------------------------------------+
; TimeQuest Timing Analyzer Messages ;
+------------------------------------+
Info: *******************************************************************
Info: Running Quartus II 64-Bit TimeQuest Timing Analyzer
    Info: Version 13.1.0 Build 162 10/23/2013 SJ Web Edition
    Info: Processing started: Tue May 12 12:32:25 2026
Info: Command: quartus_sta gestor_admin -c gestor_admin
Info: qsta_default_script.tcl version: #1
Info (11104): Parallel Compilation has detected 4 hyper-threaded processors. However, the extra hyper-threaded processors will not be used by default. Parallel Compilation will use 2 of the 2 physical processors detected instead.
Info (21076): High junction temperature operating condition is not set. Assuming a default value of '85'.
Info (21076): Low junction temperature operating condition is not set. Assuming a default value of '0'.
Critical Warning (332012): Synopsys Design Constraints File file not found: 'gestor_admin.sdc'. A Synopsys Design Constraints File is required by the TimeQuest Timing Analyzer to get proper timing constraints. Without it, the Compiler will not properly optimize the design.
Info (332142): No user constrained base clocks found in the design. Calling "derive_clocks -period 1.0"
Info (332105): Deriving Clocks
    Info (332105): create_clock -period 1.000 -name clk clk
Info (332143): No user constrained clock uncertainty found in the design. Calling "derive_clock_uncertainty"
Info (332123): Deriving Clock Uncertainty. Please refer to report_sdc in TimeQuest to see clock uncertainties.
Info: Found TIMEQUEST_REPORT_SCRIPT_INCLUDE_DEFAULT_ANALYSIS = ON
Info: Analyzing Slow 1200mV 85C Model
Critical Warning (332148): Timing requirements not met
    Info (11105): For recommendations on closing timing, run Report Timing Closure Recommendations in the TimeQuest Timing Analyzer.
Info (332146): Worst-case setup slack is -2.276
    Info (332119):     Slack       End Point TNS Clock 
    Info (332119): ========= =================== =====================
    Info (332119):    -2.276             -75.530 clk 
Info (332146): Worst-case hold slack is 0.341
    Info (332119):     Slack       End Point TNS Clock 
    Info (332119): ========= =================== =====================
    Info (332119):     0.341               0.000 clk 
Info (332140): No Recovery paths to report
Info (332140): No Removal paths to report
Info (332146): Worst-case minimum pulse width slack is -3.000
    Info (332119):     Slack       End Point TNS Clock 
    Info (332119): ========= =================== =====================
    Info (332119):    -3.000             -52.000 clk 
Info: Analyzing Slow 1200mV 0C Model
Info (334003): Started post-fitting delay annotation
Info (334004): Delay annotation completed successfully
Info (332123): Deriving Clock Uncertainty. Please refer to report_sdc in TimeQuest to see clock uncertainties.
Critical Warning (332148): Timing requirements not met
    Info (11105): For recommendations on closing timing, run Report Timing Closure Recommendations in the TimeQuest Timing Analyzer.
Info (332146): Worst-case setup slack is -1.912
    Info (332119):     Slack       End Point TNS Clock 
    Info (332119): ========= =================== =====================
    Info (332119):    -1.912             -62.969 clk 
Info (332146): Worst-case hold slack is 0.296
    Info (332119):     Slack       End Point TNS Clock 
    Info (332119): ========= =================== =====================
    Info (332119):     0.296               0.000 clk 
Info (332140): No Recovery paths to report
Info (332140): No Removal paths to report
Info (332146): Worst-case minimum pulse width slack is -3.000
    Info (332119):     Slack       End Point TNS Clock 
    Info (332119): ========= =================== =====================
    Info (332119):    -3.000             -52.000 clk 
Info: Analyzing Fast 1200mV 0C Model
Info (332123): Deriving Clock Uncertainty. Please refer to report_sdc in TimeQuest to see clock uncertainties.
Critical Warning (332148): Timing requirements not met
    Info (11105): For recommendations on closing timing, run Report Timing Closure Recommendations in the TimeQuest Timing Analyzer.
Info (332146): Worst-case setup slack is -0.825
    Info (332119):     Slack       End Point TNS Clock 
    Info (332119): ========= =================== =====================
    Info (332119):    -0.825             -21.506 clk 
Info (332146): Worst-case hold slack is 0.178
    Info (332119):     Slack       End Point TNS Clock 
    Info (332119): ========= =================== =====================
    Info (332119):     0.178               0.000 clk 
Info (332140): No Recovery paths to report
Info (332140): No Removal paths to report
Info (332146): Worst-case minimum pulse width slack is -3.000
    Info (332119):     Slack       End Point TNS Clock 
    Info (332119): ========= =================== =====================
    Info (332119):    -3.000             -54.027 clk 
Info (332102): Design is not fully constrained for setup requirements
Info (332102): Design is not fully constrained for hold requirements
Info: Quartus II 64-Bit TimeQuest Timing Analyzer was successful. 0 errors, 4 warnings
    Info: Peak virtual memory: 4674 megabytes
    Info: Processing ended: Tue May 12 12:32:30 2026
    Info: Elapsed time: 00:00:05
    Info: Total CPU time (on all processors): 00:00:01


