TimeQuest Timing Analyzer report for top_principal
Tue May 12 17:43:18 2026
Quartus II 64-Bit Version 13.1.0 Build 162 10/23/2013 SJ Web Edition


---------------------
; Table of Contents ;
---------------------
  1. Legal Notice
  2. TimeQuest Timing Analyzer Summary
  3. Parallel Compilation
  4. Clocks
  5. Slow 1200mV 85C Model Fmax Summary
  6. Timing Closure Recommendations
  7. Slow 1200mV 85C Model Setup Summary
  8. Slow 1200mV 85C Model Hold Summary
  9. Slow 1200mV 85C Model Recovery Summary
 10. Slow 1200mV 85C Model Removal Summary
 11. Slow 1200mV 85C Model Minimum Pulse Width Summary
 12. Slow 1200mV 85C Model Setup: 'CLOCK_50'
 13. Slow 1200mV 85C Model Hold: 'CLOCK_50'
 14. Slow 1200mV 85C Model Recovery: 'CLOCK_50'
 15. Slow 1200mV 85C Model Removal: 'CLOCK_50'
 16. Slow 1200mV 85C Model Minimum Pulse Width: 'CLOCK_50'
 17. Setup Times
 18. Hold Times
 19. Clock to Output Times
 20. Minimum Clock to Output Times
 21. Slow 1200mV 85C Model Metastability Report
 22. Slow 1200mV 0C Model Fmax Summary
 23. Slow 1200mV 0C Model Setup Summary
 24. Slow 1200mV 0C Model Hold Summary
 25. Slow 1200mV 0C Model Recovery Summary
 26. Slow 1200mV 0C Model Removal Summary
 27. Slow 1200mV 0C Model Minimum Pulse Width Summary
 28. Slow 1200mV 0C Model Setup: 'CLOCK_50'
 29. Slow 1200mV 0C Model Hold: 'CLOCK_50'
 30. Slow 1200mV 0C Model Recovery: 'CLOCK_50'
 31. Slow 1200mV 0C Model Removal: 'CLOCK_50'
 32. Slow 1200mV 0C Model Minimum Pulse Width: 'CLOCK_50'
 33. Setup Times
 34. Hold Times
 35. Clock to Output Times
 36. Minimum Clock to Output Times
 37. Slow 1200mV 0C Model Metastability Report
 38. Fast 1200mV 0C Model Setup Summary
 39. Fast 1200mV 0C Model Hold Summary
 40. Fast 1200mV 0C Model Recovery Summary
 41. Fast 1200mV 0C Model Removal Summary
 42. Fast 1200mV 0C Model Minimum Pulse Width Summary
 43. Fast 1200mV 0C Model Setup: 'CLOCK_50'
 44. Fast 1200mV 0C Model Hold: 'CLOCK_50'
 45. Fast 1200mV 0C Model Recovery: 'CLOCK_50'
 46. Fast 1200mV 0C Model Removal: 'CLOCK_50'
 47. Fast 1200mV 0C Model Minimum Pulse Width: 'CLOCK_50'
 48. Setup Times
 49. Hold Times
 50. Clock to Output Times
 51. Minimum Clock to Output Times
 52. Fast 1200mV 0C Model Metastability Report
 53. Multicorner Timing Analysis Summary
 54. Setup Times
 55. Hold Times
 56. Clock to Output Times
 57. Minimum Clock to Output Times
 58. Board Trace Model Assignments
 59. Input Transition Times
 60. Slow Corner Signal Integrity Metrics
 61. Fast Corner Signal Integrity Metrics
 62. Setup Transfers
 63. Hold Transfers
 64. Recovery Transfers
 65. Removal Transfers
 66. Report TCCS
 67. Report RSKM
 68. Unconstrained Paths
 69. TimeQuest Timing Analyzer Messages



----------------
; Legal Notice ;
----------------
Copyright (C) 1991-2013 Altera Corporation
Your use of Altera Corporation's design tools, logic functions 
and other software and tools, and its AMPP partner logic 
functions, and any output files from any of the foregoing 
(including device programming or simulation files), and any 
associated documentation or information are expressly subject 
to the terms and conditions of the Altera Program License 
Subscription Agreement, Altera MegaCore Function License 
Agreement, or other applicable license agreement, including, 
without limitation, that your use is for the sole purpose of 
programming logic devices manufactured by Altera and sold by 
Altera or its authorized distributors.  Please refer to the 
applicable agreement for further details.



+-------------------------------------------------------------------------+
; TimeQuest Timing Analyzer Summary                                       ;
+--------------------+----------------------------------------------------+
; Quartus II Version ; Version 13.1.0 Build 162 10/23/2013 SJ Web Edition ;
; Revision Name      ; top_principal                                      ;
; Device Family      ; Cyclone III                                        ;
; Device Name        ; EP3C16F484C6                                       ;
; Timing Models      ; Final                                              ;
; Delay Model        ; Combined                                           ;
; Rise/Fall Delays   ; Enabled                                            ;
+--------------------+----------------------------------------------------+


+------------------------------------------+
; Parallel Compilation                     ;
+----------------------------+-------------+
; Processors                 ; Number      ;
+----------------------------+-------------+
; Number detected on machine ; 4           ;
; Maximum allowed            ; 2           ;
;                            ;             ;
; Average used               ; 1.00        ;
; Maximum used               ; 2           ;
;                            ;             ;
; Usage by Processor         ; % Time Used ;
;     Processor 1            ; 100.0%      ;
;     Processor 2            ; < 0.1%      ;
;     Processors 3-4         ;   0.0%      ;
+----------------------------+-------------+


+--------------------------------------------------------------------------------------------------------------------------------------------------------------------------------------+
; Clocks                                                                                                                                                                               ;
+------------+------+--------+------------+-------+-------+------------+-----------+-------------+-------+--------+-----------+------------+----------+--------+--------+--------------+
; Clock Name ; Type ; Period ; Frequency  ; Rise  ; Fall  ; Duty Cycle ; Divide by ; Multiply by ; Phase ; Offset ; Edge List ; Edge Shift ; Inverted ; Master ; Source ; Targets      ;
+------------+------+--------+------------+-------+-------+------------+-----------+-------------+-------+--------+-----------+------------+----------+--------+--------+--------------+
; CLOCK_50   ; Base ; 1.000  ; 1000.0 MHz ; 0.000 ; 0.500 ;            ;           ;             ;       ;        ;           ;            ;          ;        ;        ; { CLOCK_50 } ;
+------------+------+--------+------------+-------+-------+------------+-----------+-------------+-------+--------+-----------+------------+----------+--------+--------+--------------+


+--------------------------------------------------+
; Slow 1200mV 85C Model Fmax Summary               ;
+------------+-----------------+------------+------+
; Fmax       ; Restricted Fmax ; Clock Name ; Note ;
+------------+-----------------+------------+------+
; 156.99 MHz ; 156.99 MHz      ; CLOCK_50   ;      ;
+------------+-----------------+------------+------+
This panel reports FMAX for every clock in the design, regardless of the user-specified clock periods.  FMAX is only computed for paths where the source and destination registers or ports are driven by the same clock.  Paths of different clocks, including generated clocks, are ignored.  For paths between a clock and its inversion, FMAX is computed as if the rising and falling edges are scaled along with FMAX, such that the duty cycle (in terms of a percentage) is maintained. Altera recommends that you always use clock constraints and other slack reports for sign-off analysis.


----------------------------------
; Timing Closure Recommendations ;
----------------------------------
HTML report is unavailable in plain text report export.


+-------------------------------------+
; Slow 1200mV 85C Model Setup Summary ;
+----------+--------+-----------------+
; Clock    ; Slack  ; End Point TNS   ;
+----------+--------+-----------------+
; CLOCK_50 ; -5.370 ; -1780.584       ;
+----------+--------+-----------------+


+------------------------------------+
; Slow 1200mV 85C Model Hold Summary ;
+----------+-------+-----------------+
; Clock    ; Slack ; End Point TNS   ;
+----------+-------+-----------------+
; CLOCK_50 ; 0.344 ; 0.000           ;
+----------+-------+-----------------+


+----------------------------------------+
; Slow 1200mV 85C Model Recovery Summary ;
+----------+--------+--------------------+
; Clock    ; Slack  ; End Point TNS      ;
+----------+--------+--------------------+
; CLOCK_50 ; -1.135 ; -18.112            ;
+----------+--------+--------------------+


+---------------------------------------+
; Slow 1200mV 85C Model Removal Summary ;
+----------+-------+--------------------+
; Clock    ; Slack ; End Point TNS      ;
+----------+-------+--------------------+
; CLOCK_50 ; 1.187 ; 0.000              ;
+----------+-------+--------------------+


+---------------------------------------------------+
; Slow 1200mV 85C Model Minimum Pulse Width Summary ;
+----------+--------+-------------------------------+
; Clock    ; Slack  ; End Point TNS                 ;
+----------+--------+-------------------------------+
; CLOCK_50 ; -3.000 ; -517.000                      ;
+----------+--------+-------------------------------+


+---------------------------------------------------------------------------------------------------------------------------------------------------------------------------------------------+
; Slow 1200mV 85C Model Setup: 'CLOCK_50'                                                                                                                                                     ;
+--------+-------------------------------------------------------+------------------------------------------------------+--------------+-------------+--------------+------------+------------+
; Slack  ; From Node                                             ; To Node                                              ; Launch Clock ; Latch Clock ; Relationship ; Clock Skew ; Data Delay ;
+--------+-------------------------------------------------------+------------------------------------------------------+--------------+-------------+--------------+------------+------------+
; -5.370 ; teclado_matricial_4x4:U_TECLADO|key_latched[2]        ; comparador_clave_4_digitos:U_GESTOR|d3_ram[1]        ; CLOCK_50     ; CLOCK_50    ; 1.000        ; -0.070     ; 6.295      ;
; -5.370 ; teclado_matricial_4x4:U_TECLADO|key_latched[2]        ; comparador_clave_4_digitos:U_GESTOR|d3_ram[0]        ; CLOCK_50     ; CLOCK_50    ; 1.000        ; -0.070     ; 6.295      ;
; -5.310 ; registro_clave_teclado:U_REGISTRO|d3[1]               ; comparador_clave_4_digitos:U_GESTOR|d3_ram[1]        ; CLOCK_50     ; CLOCK_50    ; 1.000        ; -0.066     ; 6.239      ;
; -5.310 ; registro_clave_teclado:U_REGISTRO|d3[1]               ; comparador_clave_4_digitos:U_GESTOR|d3_ram[0]        ; CLOCK_50     ; CLOCK_50    ; 1.000        ; -0.066     ; 6.239      ;
; -5.246 ; teclado_matricial_4x4:U_TECLADO|key_latched[3]        ; comparador_clave_4_digitos:U_GESTOR|d3_ram[1]        ; CLOCK_50     ; CLOCK_50    ; 1.000        ; -0.070     ; 6.171      ;
; -5.246 ; teclado_matricial_4x4:U_TECLADO|key_latched[3]        ; comparador_clave_4_digitos:U_GESTOR|d3_ram[0]        ; CLOCK_50     ; CLOCK_50    ; 1.000        ; -0.070     ; 6.171      ;
; -5.222 ; contador_horario_180s:U_HORARIO|contador[2]           ; comparador_clave_4_digitos:U_GESTOR|d3_ram[1]        ; CLOCK_50     ; CLOCK_50    ; 1.000        ; -0.076     ; 6.141      ;
; -5.222 ; contador_horario_180s:U_HORARIO|contador[2]           ; comparador_clave_4_digitos:U_GESTOR|d3_ram[0]        ; CLOCK_50     ; CLOCK_50    ; 1.000        ; -0.076     ; 6.141      ;
; -5.204 ; maquina_estados_principal:U_FSM|estado_actual.BLOQUEO ; comparador_clave_4_digitos:U_GESTOR|d3_ram[1]        ; CLOCK_50     ; CLOCK_50    ; 1.000        ; -0.082     ; 6.117      ;
; -5.204 ; maquina_estados_principal:U_FSM|estado_actual.BLOQUEO ; comparador_clave_4_digitos:U_GESTOR|d3_ram[0]        ; CLOCK_50     ; CLOCK_50    ; 1.000        ; -0.082     ; 6.117      ;
; -5.145 ; comparador_clave_4_digitos:U_GESTOR|addr_rd[2]        ; comparador_clave_4_digitos:U_GESTOR|d2_ram[3]        ; CLOCK_50     ; CLOCK_50    ; 1.000        ; -0.065     ; 6.075      ;
; -5.139 ; comparador_clave_4_digitos:U_GESTOR|es_admin          ; comparador_clave_4_digitos:U_GESTOR|d3_ram[1]        ; CLOCK_50     ; CLOCK_50    ; 1.000        ; -0.437     ; 5.697      ;
; -5.139 ; comparador_clave_4_digitos:U_GESTOR|es_admin          ; comparador_clave_4_digitos:U_GESTOR|d3_ram[0]        ; CLOCK_50     ; CLOCK_50    ; 1.000        ; -0.437     ; 5.697      ;
; -5.135 ; temporizador_descendente:U_TIMER_ERROR|fin            ; comparador_clave_4_digitos:U_GESTOR|d3_ram[1]        ; CLOCK_50     ; CLOCK_50    ; 1.000        ; -0.065     ; 6.065      ;
; -5.135 ; temporizador_descendente:U_TIMER_ERROR|fin            ; comparador_clave_4_digitos:U_GESTOR|d3_ram[0]        ; CLOCK_50     ; CLOCK_50    ; 1.000        ; -0.065     ; 6.065      ;
; -5.100 ; registro_clave_teclado:U_REGISTRO|d3[3]               ; comparador_clave_4_digitos:U_GESTOR|d3_ram[1]        ; CLOCK_50     ; CLOCK_50    ; 1.000        ; -0.065     ; 6.030      ;
; -5.100 ; registro_clave_teclado:U_REGISTRO|d3[3]               ; comparador_clave_4_digitos:U_GESTOR|d3_ram[0]        ; CLOCK_50     ; CLOCK_50    ; 1.000        ; -0.065     ; 6.030      ;
; -5.096 ; registro_clave_teclado:U_REGISTRO|d3[1]               ; registro_clave_teclado:U_REGISTRO|d0[2]              ; CLOCK_50     ; CLOCK_50    ; 1.000        ; -0.062     ; 6.029      ;
; -5.096 ; registro_clave_teclado:U_REGISTRO|d3[1]               ; registro_clave_teclado:U_REGISTRO|d0[3]              ; CLOCK_50     ; CLOCK_50    ; 1.000        ; -0.062     ; 6.029      ;
; -5.096 ; registro_clave_teclado:U_REGISTRO|d3[1]               ; registro_clave_teclado:U_REGISTRO|d3[3]              ; CLOCK_50     ; CLOCK_50    ; 1.000        ; -0.062     ; 6.029      ;
; -5.096 ; registro_clave_teclado:U_REGISTRO|d3[1]               ; registro_clave_teclado:U_REGISTRO|d2[3]              ; CLOCK_50     ; CLOCK_50    ; 1.000        ; -0.062     ; 6.029      ;
; -5.096 ; registro_clave_teclado:U_REGISTRO|d3[1]               ; registro_clave_teclado:U_REGISTRO|d2[2]              ; CLOCK_50     ; CLOCK_50    ; 1.000        ; -0.062     ; 6.029      ;
; -5.096 ; registro_clave_teclado:U_REGISTRO|d3[1]               ; registro_clave_teclado:U_REGISTRO|d2[0]              ; CLOCK_50     ; CLOCK_50    ; 1.000        ; -0.062     ; 6.029      ;
; -5.096 ; registro_clave_teclado:U_REGISTRO|d3[1]               ; registro_clave_teclado:U_REGISTRO|d2[1]              ; CLOCK_50     ; CLOCK_50    ; 1.000        ; -0.062     ; 6.029      ;
; -5.090 ; registro_clave_teclado:U_REGISTRO|d3[2]               ; comparador_clave_4_digitos:U_GESTOR|d3_ram[1]        ; CLOCK_50     ; CLOCK_50    ; 1.000        ; -0.066     ; 6.019      ;
; -5.090 ; registro_clave_teclado:U_REGISTRO|d3[2]               ; comparador_clave_4_digitos:U_GESTOR|d3_ram[0]        ; CLOCK_50     ; CLOCK_50    ; 1.000        ; -0.066     ; 6.019      ;
; -5.089 ; gestor_admin:U_ADMIN|addr_i[2]                        ; comparador_clave_4_digitos:U_GESTOR|d2_ram[3]        ; CLOCK_50     ; CLOCK_50    ; 1.000        ; -0.075     ; 6.009      ;
; -5.083 ; registro_clave_teclado:U_REGISTRO|d0[3]               ; comparador_clave_4_digitos:U_GESTOR|d3_ram[1]        ; CLOCK_50     ; CLOCK_50    ; 1.000        ; -0.065     ; 6.013      ;
; -5.083 ; registro_clave_teclado:U_REGISTRO|d0[3]               ; comparador_clave_4_digitos:U_GESTOR|d3_ram[0]        ; CLOCK_50     ; CLOCK_50    ; 1.000        ; -0.065     ; 6.013      ;
; -5.078 ; contador_horario_180s:U_HORARIO|contador[4]           ; comparador_clave_4_digitos:U_GESTOR|d3_ram[1]        ; CLOCK_50     ; CLOCK_50    ; 1.000        ; -0.076     ; 5.997      ;
; -5.078 ; contador_horario_180s:U_HORARIO|contador[4]           ; comparador_clave_4_digitos:U_GESTOR|d3_ram[0]        ; CLOCK_50     ; CLOCK_50    ; 1.000        ; -0.076     ; 5.997      ;
; -5.076 ; teclado_matricial_4x4:U_TECLADO|key_latched[0]        ; comparador_clave_4_digitos:U_GESTOR|d3_ram[1]        ; CLOCK_50     ; CLOCK_50    ; 1.000        ; -0.070     ; 6.001      ;
; -5.076 ; teclado_matricial_4x4:U_TECLADO|key_latched[0]        ; comparador_clave_4_digitos:U_GESTOR|d3_ram[0]        ; CLOCK_50     ; CLOCK_50    ; 1.000        ; -0.070     ; 6.001      ;
; -5.072 ; registro_clave_teclado:U_REGISTRO|d1[0]               ; comparador_clave_4_digitos:U_GESTOR|d3_ram[1]        ; CLOCK_50     ; CLOCK_50    ; 1.000        ; -0.066     ; 6.001      ;
; -5.072 ; registro_clave_teclado:U_REGISTRO|d1[0]               ; comparador_clave_4_digitos:U_GESTOR|d3_ram[0]        ; CLOCK_50     ; CLOCK_50    ; 1.000        ; -0.066     ; 6.001      ;
; -5.069 ; registro_clave_teclado:U_REGISTRO|d1[1]               ; comparador_clave_4_digitos:U_GESTOR|d3_ram[1]        ; CLOCK_50     ; CLOCK_50    ; 1.000        ; -0.066     ; 5.998      ;
; -5.069 ; registro_clave_teclado:U_REGISTRO|d1[1]               ; comparador_clave_4_digitos:U_GESTOR|d3_ram[0]        ; CLOCK_50     ; CLOCK_50    ; 1.000        ; -0.066     ; 5.998      ;
; -5.066 ; teclado_matricial_4x4:U_TECLADO|key_latched[2]        ; comparador_clave_4_digitos:U_GESTOR|d2_ram[3]        ; CLOCK_50     ; CLOCK_50    ; 1.000        ; -0.066     ; 5.995      ;
; -5.066 ; teclado_matricial_4x4:U_TECLADO|key_latched[2]        ; comparador_clave_4_digitos:U_GESTOR|d2_ram[2]        ; CLOCK_50     ; CLOCK_50    ; 1.000        ; -0.066     ; 5.995      ;
; -5.066 ; teclado_matricial_4x4:U_TECLADO|key_latched[2]        ; comparador_clave_4_digitos:U_GESTOR|d2_ram[1]        ; CLOCK_50     ; CLOCK_50    ; 1.000        ; -0.066     ; 5.995      ;
; -5.066 ; teclado_matricial_4x4:U_TECLADO|key_latched[2]        ; comparador_clave_4_digitos:U_GESTOR|d2_ram[0]        ; CLOCK_50     ; CLOCK_50    ; 1.000        ; -0.066     ; 5.995      ;
; -5.064 ; teclado_matricial_4x4:U_TECLADO|key_latched[2]        ; comparador_clave_4_digitos:U_GESTOR|horario_ram[1]   ; CLOCK_50     ; CLOCK_50    ; 1.000        ; -0.070     ; 5.989      ;
; -5.064 ; teclado_matricial_4x4:U_TECLADO|key_latched[2]        ; comparador_clave_4_digitos:U_GESTOR|horario_ram[0]   ; CLOCK_50     ; CLOCK_50    ; 1.000        ; -0.070     ; 5.989      ;
; -5.054 ; comparador_clave_4_digitos:U_GESTOR|d2_ram[0]         ; comparador_clave_4_digitos:U_GESTOR|d3_ram[1]        ; CLOCK_50     ; CLOCK_50    ; 1.000        ; -0.066     ; 5.983      ;
; -5.054 ; comparador_clave_4_digitos:U_GESTOR|d2_ram[0]         ; comparador_clave_4_digitos:U_GESTOR|d3_ram[0]        ; CLOCK_50     ; CLOCK_50    ; 1.000        ; -0.066     ; 5.983      ;
; -5.053 ; registro_clave_teclado:U_REGISTRO|d3[1]               ; comparador_clave_4_digitos:U_GESTOR|horario_ram[1]   ; CLOCK_50     ; CLOCK_50    ; 1.000        ; -0.066     ; 5.982      ;
; -5.053 ; registro_clave_teclado:U_REGISTRO|d3[1]               ; comparador_clave_4_digitos:U_GESTOR|horario_ram[0]   ; CLOCK_50     ; CLOCK_50    ; 1.000        ; -0.066     ; 5.982      ;
; -5.047 ; comparador_clave_4_digitos:U_GESTOR|addr_rd[2]        ; comparador_clave_4_digitos:U_GESTOR|d2_ram[1]        ; CLOCK_50     ; CLOCK_50    ; 1.000        ; -0.065     ; 5.977      ;
; -5.034 ; teclado_matricial_4x4:U_TECLADO|key_latched[2]        ; comparador_clave_4_digitos:U_GESTOR|base_addr_reg[1] ; CLOCK_50     ; CLOCK_50    ; 1.000        ; -0.063     ; 5.966      ;
; -5.034 ; teclado_matricial_4x4:U_TECLADO|key_latched[2]        ; comparador_clave_4_digitos:U_GESTOR|base_addr_reg[2] ; CLOCK_50     ; CLOCK_50    ; 1.000        ; -0.063     ; 5.966      ;
; -5.034 ; teclado_matricial_4x4:U_TECLADO|key_latched[2]        ; comparador_clave_4_digitos:U_GESTOR|base_addr_reg[3] ; CLOCK_50     ; CLOCK_50    ; 1.000        ; -0.063     ; 5.966      ;
; -5.034 ; teclado_matricial_4x4:U_TECLADO|key_latched[2]        ; comparador_clave_4_digitos:U_GESTOR|base_addr_reg[4] ; CLOCK_50     ; CLOCK_50    ; 1.000        ; -0.063     ; 5.966      ;
; -5.023 ; registro_clave_teclado:U_REGISTRO|d2[3]               ; comparador_clave_4_digitos:U_GESTOR|d3_ram[1]        ; CLOCK_50     ; CLOCK_50    ; 1.000        ; -0.065     ; 5.953      ;
; -5.023 ; registro_clave_teclado:U_REGISTRO|d2[3]               ; comparador_clave_4_digitos:U_GESTOR|d3_ram[0]        ; CLOCK_50     ; CLOCK_50    ; 1.000        ; -0.065     ; 5.953      ;
; -5.021 ; registro_clave_teclado:U_REGISTRO|d2[2]               ; comparador_clave_4_digitos:U_GESTOR|d3_ram[1]        ; CLOCK_50     ; CLOCK_50    ; 1.000        ; -0.065     ; 5.951      ;
; -5.021 ; registro_clave_teclado:U_REGISTRO|d2[2]               ; comparador_clave_4_digitos:U_GESTOR|d3_ram[0]        ; CLOCK_50     ; CLOCK_50    ; 1.000        ; -0.065     ; 5.951      ;
; -5.008 ; registro_clave_teclado:U_REGISTRO|d3[1]               ; comparador_clave_4_digitos:U_GESTOR|addr_rd[2]       ; CLOCK_50     ; CLOCK_50    ; 1.000        ; -0.059     ; 5.944      ;
; -5.008 ; registro_clave_teclado:U_REGISTRO|d3[1]               ; comparador_clave_4_digitos:U_GESTOR|addr_rd[3]       ; CLOCK_50     ; CLOCK_50    ; 1.000        ; -0.059     ; 5.944      ;
; -5.008 ; registro_clave_teclado:U_REGISTRO|d3[1]               ; comparador_clave_4_digitos:U_GESTOR|addr_rd[4]       ; CLOCK_50     ; CLOCK_50    ; 1.000        ; -0.059     ; 5.944      ;
; -5.008 ; comparador_clave_4_digitos:U_GESTOR|d3_ram[2]         ; comparador_clave_4_digitos:U_GESTOR|d3_ram[1]        ; CLOCK_50     ; CLOCK_50    ; 1.000        ; -0.066     ; 5.937      ;
; -5.008 ; comparador_clave_4_digitos:U_GESTOR|d3_ram[2]         ; comparador_clave_4_digitos:U_GESTOR|d3_ram[0]        ; CLOCK_50     ; CLOCK_50    ; 1.000        ; -0.066     ; 5.937      ;
; -5.008 ; registro_clave_teclado:U_REGISTRO|d3[1]               ; comparador_clave_4_digitos:U_GESTOR|d2_ram[3]        ; CLOCK_50     ; CLOCK_50    ; 1.000        ; -0.062     ; 5.941      ;
; -5.008 ; registro_clave_teclado:U_REGISTRO|d3[1]               ; comparador_clave_4_digitos:U_GESTOR|d2_ram[2]        ; CLOCK_50     ; CLOCK_50    ; 1.000        ; -0.062     ; 5.941      ;
; -5.008 ; registro_clave_teclado:U_REGISTRO|d3[1]               ; comparador_clave_4_digitos:U_GESTOR|d2_ram[1]        ; CLOCK_50     ; CLOCK_50    ; 1.000        ; -0.062     ; 5.941      ;
; -5.008 ; registro_clave_teclado:U_REGISTRO|d3[1]               ; comparador_clave_4_digitos:U_GESTOR|d2_ram[0]        ; CLOCK_50     ; CLOCK_50    ; 1.000        ; -0.062     ; 5.941      ;
; -5.008 ; contador_horario_180s:U_HORARIO|contador[2]           ; registro_clave_teclado:U_REGISTRO|d0[2]              ; CLOCK_50     ; CLOCK_50    ; 1.000        ; -0.072     ; 5.931      ;
; -5.008 ; contador_horario_180s:U_HORARIO|contador[2]           ; registro_clave_teclado:U_REGISTRO|d0[3]              ; CLOCK_50     ; CLOCK_50    ; 1.000        ; -0.072     ; 5.931      ;
; -5.008 ; contador_horario_180s:U_HORARIO|contador[2]           ; registro_clave_teclado:U_REGISTRO|d3[3]              ; CLOCK_50     ; CLOCK_50    ; 1.000        ; -0.072     ; 5.931      ;
; -5.008 ; contador_horario_180s:U_HORARIO|contador[2]           ; registro_clave_teclado:U_REGISTRO|d2[3]              ; CLOCK_50     ; CLOCK_50    ; 1.000        ; -0.072     ; 5.931      ;
; -5.008 ; contador_horario_180s:U_HORARIO|contador[2]           ; registro_clave_teclado:U_REGISTRO|d2[2]              ; CLOCK_50     ; CLOCK_50    ; 1.000        ; -0.072     ; 5.931      ;
; -5.008 ; contador_horario_180s:U_HORARIO|contador[2]           ; registro_clave_teclado:U_REGISTRO|d2[0]              ; CLOCK_50     ; CLOCK_50    ; 1.000        ; -0.072     ; 5.931      ;
; -5.008 ; contador_horario_180s:U_HORARIO|contador[2]           ; registro_clave_teclado:U_REGISTRO|d2[1]              ; CLOCK_50     ; CLOCK_50    ; 1.000        ; -0.072     ; 5.931      ;
; -5.003 ; comparador_clave_4_digitos:U_GESTOR|id_ram[0]         ; comparador_clave_4_digitos:U_GESTOR|d3_ram[1]        ; CLOCK_50     ; CLOCK_50    ; 1.000        ; -0.436     ; 5.562      ;
; -5.003 ; comparador_clave_4_digitos:U_GESTOR|id_ram[0]         ; comparador_clave_4_digitos:U_GESTOR|d3_ram[0]        ; CLOCK_50     ; CLOCK_50    ; 1.000        ; -0.436     ; 5.562      ;
; -5.003 ; registro_clave_teclado:U_REGISTRO|d0[2]               ; comparador_clave_4_digitos:U_GESTOR|d3_ram[1]        ; CLOCK_50     ; CLOCK_50    ; 1.000        ; -0.065     ; 5.933      ;
; -5.003 ; registro_clave_teclado:U_REGISTRO|d0[2]               ; comparador_clave_4_digitos:U_GESTOR|d3_ram[0]        ; CLOCK_50     ; CLOCK_50    ; 1.000        ; -0.065     ; 5.933      ;
; -5.003 ; registro_clave_teclado:U_REGISTRO|d2[1]               ; comparador_clave_4_digitos:U_GESTOR|d3_ram[1]        ; CLOCK_50     ; CLOCK_50    ; 1.000        ; -0.065     ; 5.933      ;
; -5.003 ; registro_clave_teclado:U_REGISTRO|d2[1]               ; comparador_clave_4_digitos:U_GESTOR|d3_ram[0]        ; CLOCK_50     ; CLOCK_50    ; 1.000        ; -0.065     ; 5.933      ;
; -4.998 ; registro_clave_teclado:U_REGISTRO|d1[3]               ; comparador_clave_4_digitos:U_GESTOR|d3_ram[1]        ; CLOCK_50     ; CLOCK_50    ; 1.000        ; -0.066     ; 5.927      ;
; -4.998 ; registro_clave_teclado:U_REGISTRO|d1[3]               ; comparador_clave_4_digitos:U_GESTOR|d3_ram[0]        ; CLOCK_50     ; CLOCK_50    ; 1.000        ; -0.066     ; 5.927      ;
; -4.998 ; comparador_clave_4_digitos:U_GESTOR|id_ram[1]         ; comparador_clave_4_digitos:U_GESTOR|d3_ram[1]        ; CLOCK_50     ; CLOCK_50    ; 1.000        ; -0.436     ; 5.557      ;
; -4.998 ; comparador_clave_4_digitos:U_GESTOR|id_ram[1]         ; comparador_clave_4_digitos:U_GESTOR|d3_ram[0]        ; CLOCK_50     ; CLOCK_50    ; 1.000        ; -0.436     ; 5.557      ;
; -4.996 ; registro_clave_teclado:U_REGISTRO|d0[0]               ; comparador_clave_4_digitos:U_GESTOR|d3_ram[1]        ; CLOCK_50     ; CLOCK_50    ; 1.000        ; -0.066     ; 5.925      ;
; -4.996 ; registro_clave_teclado:U_REGISTRO|d0[0]               ; comparador_clave_4_digitos:U_GESTOR|d3_ram[0]        ; CLOCK_50     ; CLOCK_50    ; 1.000        ; -0.066     ; 5.925      ;
; -4.994 ; comparador_clave_4_digitos:U_GESTOR|d0_ram[0]         ; comparador_clave_4_digitos:U_GESTOR|d3_ram[1]        ; CLOCK_50     ; CLOCK_50    ; 1.000        ; -0.429     ; 5.560      ;
; -4.994 ; comparador_clave_4_digitos:U_GESTOR|d0_ram[0]         ; comparador_clave_4_digitos:U_GESTOR|d3_ram[0]        ; CLOCK_50     ; CLOCK_50    ; 1.000        ; -0.429     ; 5.560      ;
; -4.991 ; gestor_admin:U_ADMIN|addr_i[2]                        ; comparador_clave_4_digitos:U_GESTOR|d2_ram[1]        ; CLOCK_50     ; CLOCK_50    ; 1.000        ; -0.075     ; 5.911      ;
; -4.990 ; maquina_estados_principal:U_FSM|estado_actual.BLOQUEO ; registro_clave_teclado:U_REGISTRO|d0[2]              ; CLOCK_50     ; CLOCK_50    ; 1.000        ; -0.078     ; 5.907      ;
; -4.990 ; maquina_estados_principal:U_FSM|estado_actual.BLOQUEO ; registro_clave_teclado:U_REGISTRO|d0[3]              ; CLOCK_50     ; CLOCK_50    ; 1.000        ; -0.078     ; 5.907      ;
; -4.990 ; maquina_estados_principal:U_FSM|estado_actual.BLOQUEO ; registro_clave_teclado:U_REGISTRO|d3[3]              ; CLOCK_50     ; CLOCK_50    ; 1.000        ; -0.078     ; 5.907      ;
; -4.990 ; maquina_estados_principal:U_FSM|estado_actual.BLOQUEO ; registro_clave_teclado:U_REGISTRO|d2[3]              ; CLOCK_50     ; CLOCK_50    ; 1.000        ; -0.078     ; 5.907      ;
; -4.990 ; maquina_estados_principal:U_FSM|estado_actual.BLOQUEO ; registro_clave_teclado:U_REGISTRO|d2[2]              ; CLOCK_50     ; CLOCK_50    ; 1.000        ; -0.078     ; 5.907      ;
; -4.990 ; maquina_estados_principal:U_FSM|estado_actual.BLOQUEO ; registro_clave_teclado:U_REGISTRO|d2[0]              ; CLOCK_50     ; CLOCK_50    ; 1.000        ; -0.078     ; 5.907      ;
; -4.990 ; maquina_estados_principal:U_FSM|estado_actual.BLOQUEO ; registro_clave_teclado:U_REGISTRO|d2[1]              ; CLOCK_50     ; CLOCK_50    ; 1.000        ; -0.078     ; 5.907      ;
; -4.980 ; registro_clave_teclado:U_REGISTRO|d3[0]               ; comparador_clave_4_digitos:U_GESTOR|d3_ram[1]        ; CLOCK_50     ; CLOCK_50    ; 1.000        ; -0.066     ; 5.909      ;
; -4.980 ; registro_clave_teclado:U_REGISTRO|d3[0]               ; comparador_clave_4_digitos:U_GESTOR|d3_ram[0]        ; CLOCK_50     ; CLOCK_50    ; 1.000        ; -0.066     ; 5.909      ;
; -4.972 ; comparador_clave_4_digitos:U_GESTOR|addr_rd[1]        ; comparador_clave_4_digitos:U_GESTOR|d2_ram[3]        ; CLOCK_50     ; CLOCK_50    ; 1.000        ; -0.078     ; 5.889      ;
; -4.965 ; contador_horario_180s:U_HORARIO|contador[2]           ; comparador_clave_4_digitos:U_GESTOR|horario_ram[1]   ; CLOCK_50     ; CLOCK_50    ; 1.000        ; -0.076     ; 5.884      ;
; -4.965 ; contador_horario_180s:U_HORARIO|contador[2]           ; comparador_clave_4_digitos:U_GESTOR|horario_ram[0]   ; CLOCK_50     ; CLOCK_50    ; 1.000        ; -0.076     ; 5.884      ;
; -4.952 ; registro_clave_teclado:U_REGISTRO|contador[1]         ; comparador_clave_4_digitos:U_GESTOR|d3_ram[1]        ; CLOCK_50     ; CLOCK_50    ; 1.000        ; -0.066     ; 5.881      ;
+--------+-------------------------------------------------------+------------------------------------------------------+--------------+-------------+--------------+------------+------------+


+---------------------------------------------------------------------------------------------------------------------------------------------------------------------------------------------------------------+
; Slow 1200mV 85C Model Hold: 'CLOCK_50'                                                                                                                                                                        ;
+-------+----------------------------------------------------------------+----------------------------------------------------------------+--------------+-------------+--------------+------------+------------+
; Slack ; From Node                                                      ; To Node                                                        ; Launch Clock ; Latch Clock ; Relationship ; Clock Skew ; Data Delay ;
+-------+----------------------------------------------------------------+----------------------------------------------------------------+--------------+-------------+--------------+------------+------------+
; 0.344 ; comparador_clave_4_digitos:U_GESTOR|addr_rd[5]                 ; comparador_clave_4_digitos:U_GESTOR|addr_rd[5]                 ; CLOCK_50     ; CLOCK_50    ; 0.000        ; 0.076      ; 0.577      ;
; 0.344 ; maquina_estados_principal:U_FSM|intentos[0]                    ; maquina_estados_principal:U_FSM|intentos[0]                    ; CLOCK_50     ; CLOCK_50    ; 0.000        ; 0.076      ; 0.577      ;
; 0.358 ; temporizador_descendente:U_TIMER_OPEN|en_marcha                ; temporizador_descendente:U_TIMER_OPEN|en_marcha                ; CLOCK_50     ; CLOCK_50    ; 0.000        ; 0.062      ; 0.577      ;
; 0.358 ; registro_clave_teclado:U_REGISTRO|contador[1]                  ; registro_clave_teclado:U_REGISTRO|contador[1]                  ; CLOCK_50     ; CLOCK_50    ; 0.000        ; 0.062      ; 0.577      ;
; 0.358 ; comparador_clave_4_digitos:U_GESTOR|estado_rd.ESPERA_SELECCION ; comparador_clave_4_digitos:U_GESTOR|estado_rd.ESPERA_SELECCION ; CLOCK_50     ; CLOCK_50    ; 0.000        ; 0.062      ; 0.577      ;
; 0.358 ; temporizador_descendente:U_TIMER_BLOQUEO|en_marcha             ; temporizador_descendente:U_TIMER_BLOQUEO|en_marcha             ; CLOCK_50     ; CLOCK_50    ; 0.000        ; 0.062      ; 0.577      ;
; 0.358 ; controlador_buzzer:U_BUZZER|beep_i                             ; controlador_buzzer:U_BUZZER|beep_i                             ; CLOCK_50     ; CLOCK_50    ; 0.000        ; 0.062      ; 0.577      ;
; 0.358 ; gestor_admin:U_ADMIN|addr_i[1]                                 ; gestor_admin:U_ADMIN|addr_i[1]                                 ; CLOCK_50     ; CLOCK_50    ; 0.000        ; 0.062      ; 0.577      ;
; 0.358 ; gestor_admin:U_ADMIN|estado.OP_AGREGAR_HOR                     ; gestor_admin:U_ADMIN|estado.OP_AGREGAR_HOR                     ; CLOCK_50     ; CLOCK_50    ; 0.000        ; 0.062      ; 0.577      ;
; 0.358 ; gestor_admin:U_ADMIN|estado.OP_AGREGAR_CLV                     ; gestor_admin:U_ADMIN|estado.OP_AGREGAR_CLV                     ; CLOCK_50     ; CLOCK_50    ; 0.000        ; 0.062      ; 0.577      ;
; 0.358 ; gestor_admin:U_ADMIN|estado.OP_AGREGAR_USR                     ; gestor_admin:U_ADMIN|estado.OP_AGREGAR_USR                     ; CLOCK_50     ; CLOCK_50    ; 0.000        ; 0.062      ; 0.577      ;
; 0.359 ; maquina_estados_principal:U_FSM|intentos[1]                    ; maquina_estados_principal:U_FSM|intentos[1]                    ; CLOCK_50     ; CLOCK_50    ; 0.000        ; 0.061      ; 0.577      ;
; 0.359 ; temporizador_descendente:U_TIMER_ERROR|en_marcha               ; temporizador_descendente:U_TIMER_ERROR|en_marcha               ; CLOCK_50     ; CLOCK_50    ; 0.000        ; 0.061      ; 0.577      ;
; 0.359 ; maquina_estados_principal:U_FSM|estado_actual.INGRESO          ; maquina_estados_principal:U_FSM|estado_actual.INGRESO          ; CLOCK_50     ; CLOCK_50    ; 0.000        ; 0.061      ; 0.577      ;
; 0.359 ; teclado_matricial_4x4:U_TECLADO|col_idx[1]                     ; teclado_matricial_4x4:U_TECLADO|col_idx[1]                     ; CLOCK_50     ; CLOCK_50    ; 0.000        ; 0.061      ; 0.577      ;
; 0.359 ; teclado_matricial_4x4:U_TECLADO|key_armed                      ; teclado_matricial_4x4:U_TECLADO|key_armed                      ; CLOCK_50     ; CLOCK_50    ; 0.000        ; 0.061      ; 0.577      ;
; 0.359 ; comparador_clave_4_digitos:U_GESTOR|estado_rd.LISTO            ; comparador_clave_4_digitos:U_GESTOR|estado_rd.LISTO            ; CLOCK_50     ; CLOCK_50    ; 0.000        ; 0.061      ; 0.577      ;
; 0.359 ; comparador_clave_4_digitos:U_GESTOR|addr_rd[1]                 ; comparador_clave_4_digitos:U_GESTOR|addr_rd[1]                 ; CLOCK_50     ; CLOCK_50    ; 0.000        ; 0.061      ; 0.577      ;
; 0.359 ; registro_clave_teclado:U_REGISTRO|contador[2]                  ; registro_clave_teclado:U_REGISTRO|contador[2]                  ; CLOCK_50     ; CLOCK_50    ; 0.000        ; 0.061      ; 0.577      ;
; 0.359 ; gestor_admin:U_ADMIN|horario_ingresado                         ; gestor_admin:U_ADMIN|horario_ingresado                         ; CLOCK_50     ; CLOCK_50    ; 0.000        ; 0.061      ; 0.577      ;
; 0.359 ; gestor_admin:U_ADMIN|estado.ESCRIBIENDO                        ; gestor_admin:U_ADMIN|estado.ESCRIBIENDO                        ; CLOCK_50     ; CLOCK_50    ; 0.000        ; 0.061      ; 0.577      ;
; 0.359 ; gestor_admin:U_ADMIN|write_step[0]                             ; gestor_admin:U_ADMIN|write_step[0]                             ; CLOCK_50     ; CLOCK_50    ; 0.000        ; 0.061      ; 0.577      ;
; 0.359 ; gestor_admin:U_ADMIN|write_step[2]                             ; gestor_admin:U_ADMIN|write_step[2]                             ; CLOCK_50     ; CLOCK_50    ; 0.000        ; 0.061      ; 0.577      ;
; 0.359 ; gestor_admin:U_ADMIN|write_step[1]                             ; gestor_admin:U_ADMIN|write_step[1]                             ; CLOCK_50     ; CLOCK_50    ; 0.000        ; 0.061      ; 0.577      ;
; 0.359 ; gestor_admin:U_ADMIN|estado.ADMIN_OK                           ; gestor_admin:U_ADMIN|estado.ADMIN_OK                           ; CLOCK_50     ; CLOCK_50    ; 0.000        ; 0.061      ; 0.577      ;
; 0.359 ; gestor_admin:U_ADMIN|estado.CLAVE_ADMIN                        ; gestor_admin:U_ADMIN|estado.CLAVE_ADMIN                        ; CLOCK_50     ; CLOCK_50    ; 0.000        ; 0.061      ; 0.577      ;
; 0.359 ; gestor_admin:U_ADMIN|estado.ESPERA                             ; gestor_admin:U_ADMIN|estado.ESPERA                             ; CLOCK_50     ; CLOCK_50    ; 0.000        ; 0.061      ; 0.577      ;
; 0.359 ; gestor_admin:U_ADMIN|digito_clave[1]                           ; gestor_admin:U_ADMIN|digito_clave[1]                           ; CLOCK_50     ; CLOCK_50    ; 0.000        ; 0.061      ; 0.577      ;
; 0.359 ; gestor_admin:U_ADMIN|digito_clave[0]                           ; gestor_admin:U_ADMIN|digito_clave[0]                           ; CLOCK_50     ; CLOCK_50    ; 0.000        ; 0.061      ; 0.577      ;
; 0.361 ; registro_clave_teclado:U_REGISTRO|contador[0]                  ; registro_clave_teclado:U_REGISTRO|contador[0]                  ; CLOCK_50     ; CLOCK_50    ; 0.000        ; 0.062      ; 0.580      ;
; 0.362 ; teclado_matricial_4x4:U_TECLADO|col_idx[0]                     ; teclado_matricial_4x4:U_TECLADO|col_idx[0]                     ; CLOCK_50     ; CLOCK_50    ; 0.000        ; 0.061      ; 0.580      ;
; 0.362 ; delay_sensor[1]                                                ; delay_sensor[1]                                                ; CLOCK_50     ; CLOCK_50    ; 0.000        ; 0.061      ; 0.580      ;
; 0.362 ; delay_sensor[0]                                                ; delay_sensor[0]                                                ; CLOCK_50     ; CLOCK_50    ; 0.000        ; 0.061      ; 0.580      ;
; 0.362 ; contador_horario_180s:U_HORARIO|contador[7]                    ; contador_horario_180s:U_HORARIO|contador[7]                    ; CLOCK_50     ; CLOCK_50    ; 0.000        ; 0.061      ; 0.580      ;
; 0.362 ; gestor_admin:U_ADMIN|digito_admin[0]                           ; gestor_admin:U_ADMIN|digito_admin[0]                           ; CLOCK_50     ; CLOCK_50    ; 0.000        ; 0.061      ; 0.580      ;
; 0.387 ; teclado_matricial_4x4:U_TECLADO|release_count[4]               ; teclado_matricial_4x4:U_TECLADO|release_count[4]               ; CLOCK_50     ; CLOCK_50    ; 0.000        ; 0.061      ; 0.605      ;
; 0.396 ; temporizador_descendente:U_TIMER_OPEN|contador[5]              ; temporizador_descendente:U_TIMER_OPEN|contador[5]              ; CLOCK_50     ; CLOCK_50    ; 0.000        ; 0.062      ; 0.615      ;
; 0.397 ; temporizador_descendente:U_TIMER_BLOQUEO|contador[5]           ; temporizador_descendente:U_TIMER_BLOQUEO|contador[5]           ; CLOCK_50     ; CLOCK_50    ; 0.000        ; 0.062      ; 0.616      ;
; 0.399 ; controlador_servo:U_SERVO|counter[19]                          ; controlador_servo:U_SERVO|counter[19]                          ; CLOCK_50     ; CLOCK_50    ; 0.000        ; 0.061      ; 0.617      ;
; 0.404 ; teclado_matricial_4x4:U_TECLADO|col_idx[0]                     ; teclado_matricial_4x4:U_TECLADO|col_idx[1]                     ; CLOCK_50     ; CLOCK_50    ; 0.000        ; 0.061      ; 0.622      ;
; 0.406 ; gestor_admin:U_ADMIN|write_step[2]                             ; gestor_admin:U_ADMIN|write_step[1]                             ; CLOCK_50     ; CLOCK_50    ; 0.000        ; 0.061      ; 0.624      ;
; 0.413 ; gestor_admin:U_ADMIN|write_step[0]                             ; gestor_admin:U_ADMIN|write_step[2]                             ; CLOCK_50     ; CLOCK_50    ; 0.000        ; 0.061      ; 0.631      ;
; 0.557 ; controlador_servo:U_SERVO|counter[13]                          ; controlador_servo:U_SERVO|counter[13]                          ; CLOCK_50     ; CLOCK_50    ; 0.000        ; 0.061      ; 0.775      ;
; 0.557 ; generador_tick_1s:U_TICK|contador[3]                           ; generador_tick_1s:U_TICK|contador[3]                           ; CLOCK_50     ; CLOCK_50    ; 0.000        ; 0.061      ; 0.775      ;
; 0.558 ; controlador_servo:U_SERVO|counter[11]                          ; controlador_servo:U_SERVO|counter[11]                          ; CLOCK_50     ; CLOCK_50    ; 0.000        ; 0.061      ; 0.776      ;
; 0.558 ; generador_tick_1s:U_TICK|contador[8]                           ; generador_tick_1s:U_TICK|contador[8]                           ; CLOCK_50     ; CLOCK_50    ; 0.000        ; 0.061      ; 0.776      ;
; 0.559 ; teclado_matricial_4x4:U_TECLADO|release_count[1]               ; teclado_matricial_4x4:U_TECLADO|release_count[1]               ; CLOCK_50     ; CLOCK_50    ; 0.000        ; 0.061      ; 0.777      ;
; 0.559 ; generador_tick_1s:U_TICK|contador[9]                           ; generador_tick_1s:U_TICK|contador[9]                           ; CLOCK_50     ; CLOCK_50    ; 0.000        ; 0.061      ; 0.777      ;
; 0.559 ; generador_tick_1s:U_TICK|contador[2]                           ; generador_tick_1s:U_TICK|contador[2]                           ; CLOCK_50     ; CLOCK_50    ; 0.000        ; 0.061      ; 0.777      ;
; 0.560 ; generador_tick_1s:U_TICK|contador[5]                           ; generador_tick_1s:U_TICK|contador[5]                           ; CLOCK_50     ; CLOCK_50    ; 0.000        ; 0.061      ; 0.778      ;
; 0.560 ; generador_tick_1s:U_TICK|contador[1]                           ; generador_tick_1s:U_TICK|contador[1]                           ; CLOCK_50     ; CLOCK_50    ; 0.000        ; 0.061      ; 0.778      ;
; 0.561 ; controlador_servo:U_SERVO|counter[1]                           ; controlador_servo:U_SERVO|counter[1]                           ; CLOCK_50     ; CLOCK_50    ; 0.000        ; 0.061      ; 0.779      ;
; 0.561 ; controlador_servo:U_SERVO|counter[3]                           ; controlador_servo:U_SERVO|counter[3]                           ; CLOCK_50     ; CLOCK_50    ; 0.000        ; 0.061      ; 0.779      ;
; 0.561 ; controlador_servo:U_SERVO|counter[12]                          ; controlador_servo:U_SERVO|counter[12]                          ; CLOCK_50     ; CLOCK_50    ; 0.000        ; 0.061      ; 0.779      ;
; 0.562 ; teclado_matricial_4x4:U_TECLADO|release_count[3]               ; teclado_matricial_4x4:U_TECLADO|release_count[3]               ; CLOCK_50     ; CLOCK_50    ; 0.000        ; 0.061      ; 0.780      ;
; 0.562 ; controlador_servo:U_SERVO|counter[2]                           ; controlador_servo:U_SERVO|counter[2]                           ; CLOCK_50     ; CLOCK_50    ; 0.000        ; 0.061      ; 0.780      ;
; 0.562 ; generador_tick_1s:U_TICK|contador[6]                           ; generador_tick_1s:U_TICK|contador[6]                           ; CLOCK_50     ; CLOCK_50    ; 0.000        ; 0.061      ; 0.780      ;
; 0.563 ; generador_tick_1s:U_TICK|contador[4]                           ; generador_tick_1s:U_TICK|contador[4]                           ; CLOCK_50     ; CLOCK_50    ; 0.000        ; 0.061      ; 0.781      ;
; 0.564 ; teclado_matricial_4x4:U_TECLADO|release_count[2]               ; teclado_matricial_4x4:U_TECLADO|release_count[2]               ; CLOCK_50     ; CLOCK_50    ; 0.000        ; 0.061      ; 0.782      ;
; 0.566 ; controlador_servo:U_SERVO|counter[5]                           ; controlador_servo:U_SERVO|counter[5]                           ; CLOCK_50     ; CLOCK_50    ; 0.000        ; 0.061      ; 0.784      ;
; 0.568 ; teclado_matricial_4x4:U_TECLADO|scan_div[13]                   ; teclado_matricial_4x4:U_TECLADO|scan_div[13]                   ; CLOCK_50     ; CLOCK_50    ; 0.000        ; 0.062      ; 0.787      ;
; 0.568 ; teclado_matricial_4x4:U_TECLADO|scan_div[3]                    ; teclado_matricial_4x4:U_TECLADO|scan_div[3]                    ; CLOCK_50     ; CLOCK_50    ; 0.000        ; 0.062      ; 0.787      ;
; 0.568 ; controlador_servo:U_SERVO|counter[8]                           ; controlador_servo:U_SERVO|counter[8]                           ; CLOCK_50     ; CLOCK_50    ; 0.000        ; 0.061      ; 0.786      ;
; 0.569 ; controlador_buzzer:U_BUZZER|contador[13]                       ; controlador_buzzer:U_BUZZER|contador[13]                       ; CLOCK_50     ; CLOCK_50    ; 0.000        ; 0.061      ; 0.787      ;
; 0.569 ; controlador_buzzer:U_BUZZER|contador[3]                        ; controlador_buzzer:U_BUZZER|contador[3]                        ; CLOCK_50     ; CLOCK_50    ; 0.000        ; 0.061      ; 0.787      ;
; 0.569 ; teclado_matricial_4x4:U_TECLADO|scan_div[11]                   ; teclado_matricial_4x4:U_TECLADO|scan_div[11]                   ; CLOCK_50     ; CLOCK_50    ; 0.000        ; 0.062      ; 0.788      ;
; 0.569 ; teclado_matricial_4x4:U_TECLADO|scan_div[5]                    ; teclado_matricial_4x4:U_TECLADO|scan_div[5]                    ; CLOCK_50     ; CLOCK_50    ; 0.000        ; 0.062      ; 0.788      ;
; 0.569 ; teclado_matricial_4x4:U_TECLADO|scan_div[1]                    ; teclado_matricial_4x4:U_TECLADO|scan_div[1]                    ; CLOCK_50     ; CLOCK_50    ; 0.000        ; 0.062      ; 0.788      ;
; 0.569 ; controlador_servo:U_SERVO|counter[6]                           ; controlador_servo:U_SERVO|counter[6]                           ; CLOCK_50     ; CLOCK_50    ; 0.000        ; 0.061      ; 0.787      ;
; 0.569 ; generador_tick_1s:U_TICK|contador[10]                          ; generador_tick_1s:U_TICK|contador[10]                          ; CLOCK_50     ; CLOCK_50    ; 0.000        ; 0.061      ; 0.787      ;
; 0.570 ; controlador_buzzer:U_BUZZER|contador[11]                       ; controlador_buzzer:U_BUZZER|contador[11]                       ; CLOCK_50     ; CLOCK_50    ; 0.000        ; 0.061      ; 0.788      ;
; 0.570 ; controlador_buzzer:U_BUZZER|contador[1]                        ; controlador_buzzer:U_BUZZER|contador[1]                        ; CLOCK_50     ; CLOCK_50    ; 0.000        ; 0.061      ; 0.788      ;
; 0.570 ; controlador_servo:U_SERVO|counter[4]                           ; controlador_servo:U_SERVO|counter[4]                           ; CLOCK_50     ; CLOCK_50    ; 0.000        ; 0.061      ; 0.788      ;
; 0.570 ; generador_tick_1s:U_TICK|contador[16]                          ; generador_tick_1s:U_TICK|contador[16]                          ; CLOCK_50     ; CLOCK_50    ; 0.000        ; 0.061      ; 0.788      ;
; 0.571 ; controlador_buzzer:U_BUZZER|contador[6]                        ; controlador_buzzer:U_BUZZER|contador[6]                        ; CLOCK_50     ; CLOCK_50    ; 0.000        ; 0.061      ; 0.789      ;
; 0.571 ; generador_tick_1s:U_TICK|contador[24]                          ; generador_tick_1s:U_TICK|contador[24]                          ; CLOCK_50     ; CLOCK_50    ; 0.000        ; 0.061      ; 0.789      ;
; 0.571 ; generador_tick_1s:U_TICK|contador[18]                          ; generador_tick_1s:U_TICK|contador[18]                          ; CLOCK_50     ; CLOCK_50    ; 0.000        ; 0.061      ; 0.789      ;
; 0.571 ; generador_tick_1s:U_TICK|contador[11]                          ; generador_tick_1s:U_TICK|contador[11]                          ; CLOCK_50     ; CLOCK_50    ; 0.000        ; 0.061      ; 0.789      ;
; 0.571 ; gestor_admin:U_ADMIN|estado.ESPERA                             ; modo_admin_prev_s                                              ; CLOCK_50     ; CLOCK_50    ; 0.000        ; 0.061      ; 0.789      ;
; 0.572 ; controlador_buzzer:U_BUZZER|contador[9]                        ; controlador_buzzer:U_BUZZER|contador[9]                        ; CLOCK_50     ; CLOCK_50    ; 0.000        ; 0.061      ; 0.790      ;
; 0.572 ; registro_clave_teclado:U_REGISTRO|d0[1]                        ; registro_clave_teclado:U_REGISTRO|d1[1]                        ; CLOCK_50     ; CLOCK_50    ; 0.000        ; 0.062      ; 0.791      ;
; 0.572 ; teclado_matricial_4x4:U_TECLADO|scan_div[7]                    ; teclado_matricial_4x4:U_TECLADO|scan_div[7]                    ; CLOCK_50     ; CLOCK_50    ; 0.000        ; 0.062      ; 0.791      ;
; 0.572 ; teclado_matricial_4x4:U_TECLADO|scan_div[2]                    ; teclado_matricial_4x4:U_TECLADO|scan_div[2]                    ; CLOCK_50     ; CLOCK_50    ; 0.000        ; 0.062      ; 0.791      ;
; 0.573 ; controlador_buzzer:U_BUZZER|contador[14]                       ; controlador_buzzer:U_BUZZER|contador[14]                       ; CLOCK_50     ; CLOCK_50    ; 0.000        ; 0.061      ; 0.791      ;
; 0.573 ; controlador_buzzer:U_BUZZER|contador[7]                        ; controlador_buzzer:U_BUZZER|contador[7]                        ; CLOCK_50     ; CLOCK_50    ; 0.000        ; 0.061      ; 0.791      ;
; 0.573 ; teclado_matricial_4x4:U_TECLADO|scan_div[12]                   ; teclado_matricial_4x4:U_TECLADO|scan_div[12]                   ; CLOCK_50     ; CLOCK_50    ; 0.000        ; 0.062      ; 0.792      ;
; 0.573 ; controlador_servo:U_SERVO|counter[7]                           ; controlador_servo:U_SERVO|counter[7]                           ; CLOCK_50     ; CLOCK_50    ; 0.000        ; 0.061      ; 0.791      ;
; 0.574 ; teclado_matricial_4x4:U_TECLADO|scan_div[10]                   ; teclado_matricial_4x4:U_TECLADO|scan_div[10]                   ; CLOCK_50     ; CLOCK_50    ; 0.000        ; 0.062      ; 0.793      ;
; 0.574 ; registro_clave_teclado:U_REGISTRO|contador[0]                  ; registro_clave_teclado:U_REGISTRO|contador[1]                  ; CLOCK_50     ; CLOCK_50    ; 0.000        ; 0.062      ; 0.793      ;
; 0.575 ; controlador_buzzer:U_BUZZER|contador[8]                        ; controlador_buzzer:U_BUZZER|contador[8]                        ; CLOCK_50     ; CLOCK_50    ; 0.000        ; 0.061      ; 0.793      ;
; 0.575 ; temporizador_descendente:U_TIMER_OPEN|contador[3]              ; temporizador_descendente:U_TIMER_OPEN|contador[3]              ; CLOCK_50     ; CLOCK_50    ; 0.000        ; 0.062      ; 0.794      ;
; 0.575 ; generador_tick_1s:U_TICK|contador[0]                           ; generador_tick_1s:U_TICK|contador[0]                           ; CLOCK_50     ; CLOCK_50    ; 0.000        ; 0.061      ; 0.793      ;
; 0.576 ; delay_sensor[0]                                                ; delay_sensor[1]                                                ; CLOCK_50     ; CLOCK_50    ; 0.000        ; 0.061      ; 0.794      ;
; 0.577 ; controlador_servo:U_SERVO|counter[9]                           ; controlador_servo:U_SERVO|counter[9]                           ; CLOCK_50     ; CLOCK_50    ; 0.000        ; 0.061      ; 0.795      ;
; 0.578 ; temporizador_descendente:U_TIMER_OPEN|contador[4]              ; temporizador_descendente:U_TIMER_OPEN|contador[4]              ; CLOCK_50     ; CLOCK_50    ; 0.000        ; 0.062      ; 0.797      ;
; 0.578 ; temporizador_descendente:U_TIMER_BLOQUEO|contador[4]           ; temporizador_descendente:U_TIMER_BLOQUEO|contador[4]           ; CLOCK_50     ; CLOCK_50    ; 0.000        ; 0.062      ; 0.797      ;
; 0.578 ; teclado_matricial_4x4:U_TECLADO|release_count[0]               ; teclado_matricial_4x4:U_TECLADO|release_count[0]               ; CLOCK_50     ; CLOCK_50    ; 0.000        ; 0.061      ; 0.796      ;
; 0.578 ; controlador_servo:U_SERVO|counter[0]                           ; controlador_servo:U_SERVO|counter[0]                           ; CLOCK_50     ; CLOCK_50    ; 0.000        ; 0.061      ; 0.796      ;
; 0.579 ; controlador_servo:U_SERVO|counter[15]                          ; controlador_servo:U_SERVO|counter[15]                          ; CLOCK_50     ; CLOCK_50    ; 0.000        ; 0.061      ; 0.797      ;
; 0.579 ; contador_horario_180s:U_HORARIO|contador[3]                    ; contador_horario_180s:U_HORARIO|contador[3]                    ; CLOCK_50     ; CLOCK_50    ; 0.000        ; 0.062      ; 0.798      ;
+-------+----------------------------------------------------------------+----------------------------------------------------------------+--------------+-------------+--------------+------------+------------+


+---------------------------------------------------------------------------------------------------------------------------------------------------------------------------------+
; Slow 1200mV 85C Model Recovery: 'CLOCK_50'                                                                                                                                      ;
+--------+-------------------------------------------------------+------------------------------------------+--------------+-------------+--------------+------------+------------+
; Slack  ; From Node                                             ; To Node                                  ; Launch Clock ; Latch Clock ; Relationship ; Clock Skew ; Data Delay ;
+--------+-------------------------------------------------------+------------------------------------------+--------------+-------------+--------------+------------+------------+
; -1.135 ; maquina_estados_principal:U_FSM|estado_actual.BLOQUEO ; controlador_buzzer:U_BUZZER|contador[11] ; CLOCK_50     ; CLOCK_50    ; 1.000        ; -0.079     ; 2.051      ;
; -1.135 ; maquina_estados_principal:U_FSM|estado_actual.BLOQUEO ; controlador_buzzer:U_BUZZER|contador[14] ; CLOCK_50     ; CLOCK_50    ; 1.000        ; -0.079     ; 2.051      ;
; -1.135 ; maquina_estados_principal:U_FSM|estado_actual.BLOQUEO ; controlador_buzzer:U_BUZZER|contador[13] ; CLOCK_50     ; CLOCK_50    ; 1.000        ; -0.079     ; 2.051      ;
; -1.135 ; maquina_estados_principal:U_FSM|estado_actual.BLOQUEO ; controlador_buzzer:U_BUZZER|contador[9]  ; CLOCK_50     ; CLOCK_50    ; 1.000        ; -0.079     ; 2.051      ;
; -1.135 ; maquina_estados_principal:U_FSM|estado_actual.BLOQUEO ; controlador_buzzer:U_BUZZER|contador[8]  ; CLOCK_50     ; CLOCK_50    ; 1.000        ; -0.079     ; 2.051      ;
; -1.135 ; maquina_estados_principal:U_FSM|estado_actual.BLOQUEO ; controlador_buzzer:U_BUZZER|contador[7]  ; CLOCK_50     ; CLOCK_50    ; 1.000        ; -0.079     ; 2.051      ;
; -1.135 ; maquina_estados_principal:U_FSM|estado_actual.BLOQUEO ; controlador_buzzer:U_BUZZER|contador[6]  ; CLOCK_50     ; CLOCK_50    ; 1.000        ; -0.079     ; 2.051      ;
; -1.135 ; maquina_estados_principal:U_FSM|estado_actual.BLOQUEO ; controlador_buzzer:U_BUZZER|contador[3]  ; CLOCK_50     ; CLOCK_50    ; 1.000        ; -0.079     ; 2.051      ;
; -1.135 ; maquina_estados_principal:U_FSM|estado_actual.BLOQUEO ; controlador_buzzer:U_BUZZER|contador[1]  ; CLOCK_50     ; CLOCK_50    ; 1.000        ; -0.079     ; 2.051      ;
; -1.099 ; maquina_estados_principal:U_FSM|estado_actual.BLOQUEO ; controlador_buzzer:U_BUZZER|beep_i       ; CLOCK_50     ; CLOCK_50    ; 1.000        ; -0.062     ; 2.032      ;
; -1.099 ; maquina_estados_principal:U_FSM|estado_actual.BLOQUEO ; controlador_buzzer:U_BUZZER|contador[2]  ; CLOCK_50     ; CLOCK_50    ; 1.000        ; -0.062     ; 2.032      ;
; -1.099 ; maquina_estados_principal:U_FSM|estado_actual.BLOQUEO ; controlador_buzzer:U_BUZZER|contador[15] ; CLOCK_50     ; CLOCK_50    ; 1.000        ; -0.062     ; 2.032      ;
; -0.960 ; gestor_admin:U_ADMIN|estado.ESPERA                    ; controlador_buzzer:U_BUZZER|contador[11] ; CLOCK_50     ; CLOCK_50    ; 1.000        ; -0.079     ; 1.876      ;
; -0.960 ; gestor_admin:U_ADMIN|estado.ESPERA                    ; controlador_buzzer:U_BUZZER|contador[14] ; CLOCK_50     ; CLOCK_50    ; 1.000        ; -0.079     ; 1.876      ;
; -0.960 ; gestor_admin:U_ADMIN|estado.ESPERA                    ; controlador_buzzer:U_BUZZER|contador[13] ; CLOCK_50     ; CLOCK_50    ; 1.000        ; -0.079     ; 1.876      ;
; -0.960 ; gestor_admin:U_ADMIN|estado.ESPERA                    ; controlador_buzzer:U_BUZZER|contador[9]  ; CLOCK_50     ; CLOCK_50    ; 1.000        ; -0.079     ; 1.876      ;
; -0.960 ; gestor_admin:U_ADMIN|estado.ESPERA                    ; controlador_buzzer:U_BUZZER|contador[8]  ; CLOCK_50     ; CLOCK_50    ; 1.000        ; -0.079     ; 1.876      ;
; -0.960 ; gestor_admin:U_ADMIN|estado.ESPERA                    ; controlador_buzzer:U_BUZZER|contador[7]  ; CLOCK_50     ; CLOCK_50    ; 1.000        ; -0.079     ; 1.876      ;
; -0.960 ; gestor_admin:U_ADMIN|estado.ESPERA                    ; controlador_buzzer:U_BUZZER|contador[6]  ; CLOCK_50     ; CLOCK_50    ; 1.000        ; -0.079     ; 1.876      ;
; -0.960 ; gestor_admin:U_ADMIN|estado.ESPERA                    ; controlador_buzzer:U_BUZZER|contador[3]  ; CLOCK_50     ; CLOCK_50    ; 1.000        ; -0.079     ; 1.876      ;
; -0.960 ; gestor_admin:U_ADMIN|estado.ESPERA                    ; controlador_buzzer:U_BUZZER|contador[1]  ; CLOCK_50     ; CLOCK_50    ; 1.000        ; -0.079     ; 1.876      ;
; -0.924 ; gestor_admin:U_ADMIN|estado.ESPERA                    ; controlador_buzzer:U_BUZZER|beep_i       ; CLOCK_50     ; CLOCK_50    ; 1.000        ; -0.062     ; 1.857      ;
; -0.924 ; gestor_admin:U_ADMIN|estado.ESPERA                    ; controlador_buzzer:U_BUZZER|contador[2]  ; CLOCK_50     ; CLOCK_50    ; 1.000        ; -0.062     ; 1.857      ;
; -0.924 ; gestor_admin:U_ADMIN|estado.ESPERA                    ; controlador_buzzer:U_BUZZER|contador[15] ; CLOCK_50     ; CLOCK_50    ; 1.000        ; -0.062     ; 1.857      ;
; -0.920 ; maquina_estados_principal:U_FSM|estado_actual.BLOQUEO ; controlador_buzzer:U_BUZZER|contador[0]  ; CLOCK_50     ; CLOCK_50    ; 1.000        ; -0.061     ; 1.854      ;
; -0.920 ; maquina_estados_principal:U_FSM|estado_actual.BLOQUEO ; controlador_buzzer:U_BUZZER|contador[10] ; CLOCK_50     ; CLOCK_50    ; 1.000        ; -0.061     ; 1.854      ;
; -0.920 ; maquina_estados_principal:U_FSM|estado_actual.BLOQUEO ; controlador_buzzer:U_BUZZER|contador[4]  ; CLOCK_50     ; CLOCK_50    ; 1.000        ; -0.061     ; 1.854      ;
; -0.920 ; maquina_estados_principal:U_FSM|estado_actual.BLOQUEO ; controlador_buzzer:U_BUZZER|contador[5]  ; CLOCK_50     ; CLOCK_50    ; 1.000        ; -0.061     ; 1.854      ;
; -0.920 ; maquina_estados_principal:U_FSM|estado_actual.BLOQUEO ; controlador_buzzer:U_BUZZER|contador[12] ; CLOCK_50     ; CLOCK_50    ; 1.000        ; -0.061     ; 1.854      ;
; -0.821 ; modo_admin_prev_s                                     ; controlador_buzzer:U_BUZZER|contador[11] ; CLOCK_50     ; CLOCK_50    ; 1.000        ; -0.079     ; 1.737      ;
; -0.821 ; modo_admin_prev_s                                     ; controlador_buzzer:U_BUZZER|contador[14] ; CLOCK_50     ; CLOCK_50    ; 1.000        ; -0.079     ; 1.737      ;
; -0.821 ; modo_admin_prev_s                                     ; controlador_buzzer:U_BUZZER|contador[13] ; CLOCK_50     ; CLOCK_50    ; 1.000        ; -0.079     ; 1.737      ;
; -0.821 ; modo_admin_prev_s                                     ; controlador_buzzer:U_BUZZER|contador[9]  ; CLOCK_50     ; CLOCK_50    ; 1.000        ; -0.079     ; 1.737      ;
; -0.821 ; modo_admin_prev_s                                     ; controlador_buzzer:U_BUZZER|contador[8]  ; CLOCK_50     ; CLOCK_50    ; 1.000        ; -0.079     ; 1.737      ;
; -0.821 ; modo_admin_prev_s                                     ; controlador_buzzer:U_BUZZER|contador[7]  ; CLOCK_50     ; CLOCK_50    ; 1.000        ; -0.079     ; 1.737      ;
; -0.821 ; modo_admin_prev_s                                     ; controlador_buzzer:U_BUZZER|contador[6]  ; CLOCK_50     ; CLOCK_50    ; 1.000        ; -0.079     ; 1.737      ;
; -0.821 ; modo_admin_prev_s                                     ; controlador_buzzer:U_BUZZER|contador[3]  ; CLOCK_50     ; CLOCK_50    ; 1.000        ; -0.079     ; 1.737      ;
; -0.821 ; modo_admin_prev_s                                     ; controlador_buzzer:U_BUZZER|contador[1]  ; CLOCK_50     ; CLOCK_50    ; 1.000        ; -0.079     ; 1.737      ;
; -0.800 ; modo_admin_prev_s                                     ; controlador_buzzer:U_BUZZER|beep_i       ; CLOCK_50     ; CLOCK_50    ; 1.000        ; -0.062     ; 1.733      ;
; -0.800 ; modo_admin_prev_s                                     ; controlador_buzzer:U_BUZZER|contador[2]  ; CLOCK_50     ; CLOCK_50    ; 1.000        ; -0.062     ; 1.733      ;
; -0.800 ; modo_admin_prev_s                                     ; controlador_buzzer:U_BUZZER|contador[15] ; CLOCK_50     ; CLOCK_50    ; 1.000        ; -0.062     ; 1.733      ;
; -0.745 ; gestor_admin:U_ADMIN|estado.ESPERA                    ; controlador_buzzer:U_BUZZER|contador[0]  ; CLOCK_50     ; CLOCK_50    ; 1.000        ; -0.061     ; 1.679      ;
; -0.745 ; gestor_admin:U_ADMIN|estado.ESPERA                    ; controlador_buzzer:U_BUZZER|contador[10] ; CLOCK_50     ; CLOCK_50    ; 1.000        ; -0.061     ; 1.679      ;
; -0.745 ; gestor_admin:U_ADMIN|estado.ESPERA                    ; controlador_buzzer:U_BUZZER|contador[4]  ; CLOCK_50     ; CLOCK_50    ; 1.000        ; -0.061     ; 1.679      ;
; -0.745 ; gestor_admin:U_ADMIN|estado.ESPERA                    ; controlador_buzzer:U_BUZZER|contador[5]  ; CLOCK_50     ; CLOCK_50    ; 1.000        ; -0.061     ; 1.679      ;
; -0.745 ; gestor_admin:U_ADMIN|estado.ESPERA                    ; controlador_buzzer:U_BUZZER|contador[12] ; CLOCK_50     ; CLOCK_50    ; 1.000        ; -0.061     ; 1.679      ;
; -0.605 ; modo_admin_prev_s                                     ; controlador_buzzer:U_BUZZER|contador[0]  ; CLOCK_50     ; CLOCK_50    ; 1.000        ; -0.061     ; 1.539      ;
; -0.605 ; modo_admin_prev_s                                     ; controlador_buzzer:U_BUZZER|contador[10] ; CLOCK_50     ; CLOCK_50    ; 1.000        ; -0.061     ; 1.539      ;
; -0.605 ; modo_admin_prev_s                                     ; controlador_buzzer:U_BUZZER|contador[4]  ; CLOCK_50     ; CLOCK_50    ; 1.000        ; -0.061     ; 1.539      ;
; -0.605 ; modo_admin_prev_s                                     ; controlador_buzzer:U_BUZZER|contador[5]  ; CLOCK_50     ; CLOCK_50    ; 1.000        ; -0.061     ; 1.539      ;
; -0.605 ; modo_admin_prev_s                                     ; controlador_buzzer:U_BUZZER|contador[12] ; CLOCK_50     ; CLOCK_50    ; 1.000        ; -0.061     ; 1.539      ;
+--------+-------------------------------------------------------+------------------------------------------+--------------+-------------+--------------+------------+------------+


+--------------------------------------------------------------------------------------------------------------------------------------------------------------------------------+
; Slow 1200mV 85C Model Removal: 'CLOCK_50'                                                                                                                                      ;
+-------+-------------------------------------------------------+------------------------------------------+--------------+-------------+--------------+------------+------------+
; Slack ; From Node                                             ; To Node                                  ; Launch Clock ; Latch Clock ; Relationship ; Clock Skew ; Data Delay ;
+-------+-------------------------------------------------------+------------------------------------------+--------------+-------------+--------------+------------+------------+
; 1.187 ; modo_admin_prev_s                                     ; controlador_buzzer:U_BUZZER|contador[0]  ; CLOCK_50     ; CLOCK_50    ; 0.000        ; 0.061      ; 1.405      ;
; 1.187 ; modo_admin_prev_s                                     ; controlador_buzzer:U_BUZZER|contador[10] ; CLOCK_50     ; CLOCK_50    ; 0.000        ; 0.061      ; 1.405      ;
; 1.187 ; modo_admin_prev_s                                     ; controlador_buzzer:U_BUZZER|contador[4]  ; CLOCK_50     ; CLOCK_50    ; 0.000        ; 0.061      ; 1.405      ;
; 1.187 ; modo_admin_prev_s                                     ; controlador_buzzer:U_BUZZER|contador[5]  ; CLOCK_50     ; CLOCK_50    ; 0.000        ; 0.061      ; 1.405      ;
; 1.187 ; modo_admin_prev_s                                     ; controlador_buzzer:U_BUZZER|contador[12] ; CLOCK_50     ; CLOCK_50    ; 0.000        ; 0.061      ; 1.405      ;
; 1.339 ; gestor_admin:U_ADMIN|estado.ESPERA                    ; controlador_buzzer:U_BUZZER|contador[0]  ; CLOCK_50     ; CLOCK_50    ; 0.000        ; 0.061      ; 1.557      ;
; 1.339 ; gestor_admin:U_ADMIN|estado.ESPERA                    ; controlador_buzzer:U_BUZZER|contador[10] ; CLOCK_50     ; CLOCK_50    ; 0.000        ; 0.061      ; 1.557      ;
; 1.339 ; gestor_admin:U_ADMIN|estado.ESPERA                    ; controlador_buzzer:U_BUZZER|contador[4]  ; CLOCK_50     ; CLOCK_50    ; 0.000        ; 0.061      ; 1.557      ;
; 1.339 ; gestor_admin:U_ADMIN|estado.ESPERA                    ; controlador_buzzer:U_BUZZER|contador[5]  ; CLOCK_50     ; CLOCK_50    ; 0.000        ; 0.061      ; 1.557      ;
; 1.339 ; gestor_admin:U_ADMIN|estado.ESPERA                    ; controlador_buzzer:U_BUZZER|contador[12] ; CLOCK_50     ; CLOCK_50    ; 0.000        ; 0.061      ; 1.557      ;
; 1.358 ; modo_admin_prev_s                                     ; controlador_buzzer:U_BUZZER|beep_i       ; CLOCK_50     ; CLOCK_50    ; 0.000        ; 0.061      ; 1.576      ;
; 1.358 ; modo_admin_prev_s                                     ; controlador_buzzer:U_BUZZER|contador[2]  ; CLOCK_50     ; CLOCK_50    ; 0.000        ; 0.061      ; 1.576      ;
; 1.358 ; modo_admin_prev_s                                     ; controlador_buzzer:U_BUZZER|contador[15] ; CLOCK_50     ; CLOCK_50    ; 0.000        ; 0.061      ; 1.576      ;
; 1.364 ; modo_admin_prev_s                                     ; controlador_buzzer:U_BUZZER|contador[11] ; CLOCK_50     ; CLOCK_50    ; 0.000        ; 0.073      ; 1.594      ;
; 1.364 ; modo_admin_prev_s                                     ; controlador_buzzer:U_BUZZER|contador[14] ; CLOCK_50     ; CLOCK_50    ; 0.000        ; 0.073      ; 1.594      ;
; 1.364 ; modo_admin_prev_s                                     ; controlador_buzzer:U_BUZZER|contador[13] ; CLOCK_50     ; CLOCK_50    ; 0.000        ; 0.073      ; 1.594      ;
; 1.364 ; modo_admin_prev_s                                     ; controlador_buzzer:U_BUZZER|contador[9]  ; CLOCK_50     ; CLOCK_50    ; 0.000        ; 0.073      ; 1.594      ;
; 1.364 ; modo_admin_prev_s                                     ; controlador_buzzer:U_BUZZER|contador[8]  ; CLOCK_50     ; CLOCK_50    ; 0.000        ; 0.073      ; 1.594      ;
; 1.364 ; modo_admin_prev_s                                     ; controlador_buzzer:U_BUZZER|contador[7]  ; CLOCK_50     ; CLOCK_50    ; 0.000        ; 0.073      ; 1.594      ;
; 1.364 ; modo_admin_prev_s                                     ; controlador_buzzer:U_BUZZER|contador[6]  ; CLOCK_50     ; CLOCK_50    ; 0.000        ; 0.073      ; 1.594      ;
; 1.364 ; modo_admin_prev_s                                     ; controlador_buzzer:U_BUZZER|contador[3]  ; CLOCK_50     ; CLOCK_50    ; 0.000        ; 0.073      ; 1.594      ;
; 1.364 ; modo_admin_prev_s                                     ; controlador_buzzer:U_BUZZER|contador[1]  ; CLOCK_50     ; CLOCK_50    ; 0.000        ; 0.073      ; 1.594      ;
; 1.432 ; maquina_estados_principal:U_FSM|estado_actual.BLOQUEO ; controlador_buzzer:U_BUZZER|contador[0]  ; CLOCK_50     ; CLOCK_50    ; 0.000        ; 0.061      ; 1.650      ;
; 1.432 ; maquina_estados_principal:U_FSM|estado_actual.BLOQUEO ; controlador_buzzer:U_BUZZER|contador[10] ; CLOCK_50     ; CLOCK_50    ; 0.000        ; 0.061      ; 1.650      ;
; 1.432 ; maquina_estados_principal:U_FSM|estado_actual.BLOQUEO ; controlador_buzzer:U_BUZZER|contador[4]  ; CLOCK_50     ; CLOCK_50    ; 0.000        ; 0.061      ; 1.650      ;
; 1.432 ; maquina_estados_principal:U_FSM|estado_actual.BLOQUEO ; controlador_buzzer:U_BUZZER|contador[5]  ; CLOCK_50     ; CLOCK_50    ; 0.000        ; 0.061      ; 1.650      ;
; 1.432 ; maquina_estados_principal:U_FSM|estado_actual.BLOQUEO ; controlador_buzzer:U_BUZZER|contador[12] ; CLOCK_50     ; CLOCK_50    ; 0.000        ; 0.061      ; 1.650      ;
; 1.517 ; gestor_admin:U_ADMIN|estado.ESPERA                    ; controlador_buzzer:U_BUZZER|contador[11] ; CLOCK_50     ; CLOCK_50    ; 0.000        ; 0.073      ; 1.747      ;
; 1.517 ; gestor_admin:U_ADMIN|estado.ESPERA                    ; controlador_buzzer:U_BUZZER|contador[14] ; CLOCK_50     ; CLOCK_50    ; 0.000        ; 0.073      ; 1.747      ;
; 1.517 ; gestor_admin:U_ADMIN|estado.ESPERA                    ; controlador_buzzer:U_BUZZER|contador[13] ; CLOCK_50     ; CLOCK_50    ; 0.000        ; 0.073      ; 1.747      ;
; 1.517 ; gestor_admin:U_ADMIN|estado.ESPERA                    ; controlador_buzzer:U_BUZZER|contador[9]  ; CLOCK_50     ; CLOCK_50    ; 0.000        ; 0.073      ; 1.747      ;
; 1.517 ; gestor_admin:U_ADMIN|estado.ESPERA                    ; controlador_buzzer:U_BUZZER|contador[8]  ; CLOCK_50     ; CLOCK_50    ; 0.000        ; 0.073      ; 1.747      ;
; 1.517 ; gestor_admin:U_ADMIN|estado.ESPERA                    ; controlador_buzzer:U_BUZZER|contador[7]  ; CLOCK_50     ; CLOCK_50    ; 0.000        ; 0.073      ; 1.747      ;
; 1.517 ; gestor_admin:U_ADMIN|estado.ESPERA                    ; controlador_buzzer:U_BUZZER|contador[6]  ; CLOCK_50     ; CLOCK_50    ; 0.000        ; 0.073      ; 1.747      ;
; 1.517 ; gestor_admin:U_ADMIN|estado.ESPERA                    ; controlador_buzzer:U_BUZZER|contador[3]  ; CLOCK_50     ; CLOCK_50    ; 0.000        ; 0.073      ; 1.747      ;
; 1.517 ; gestor_admin:U_ADMIN|estado.ESPERA                    ; controlador_buzzer:U_BUZZER|contador[1]  ; CLOCK_50     ; CLOCK_50    ; 0.000        ; 0.073      ; 1.747      ;
; 1.526 ; gestor_admin:U_ADMIN|estado.ESPERA                    ; controlador_buzzer:U_BUZZER|beep_i       ; CLOCK_50     ; CLOCK_50    ; 0.000        ; 0.061      ; 1.744      ;
; 1.526 ; gestor_admin:U_ADMIN|estado.ESPERA                    ; controlador_buzzer:U_BUZZER|contador[2]  ; CLOCK_50     ; CLOCK_50    ; 0.000        ; 0.061      ; 1.744      ;
; 1.526 ; gestor_admin:U_ADMIN|estado.ESPERA                    ; controlador_buzzer:U_BUZZER|contador[15] ; CLOCK_50     ; CLOCK_50    ; 0.000        ; 0.061      ; 1.744      ;
; 1.610 ; maquina_estados_principal:U_FSM|estado_actual.BLOQUEO ; controlador_buzzer:U_BUZZER|contador[11] ; CLOCK_50     ; CLOCK_50    ; 0.000        ; 0.073      ; 1.840      ;
; 1.610 ; maquina_estados_principal:U_FSM|estado_actual.BLOQUEO ; controlador_buzzer:U_BUZZER|contador[14] ; CLOCK_50     ; CLOCK_50    ; 0.000        ; 0.073      ; 1.840      ;
; 1.610 ; maquina_estados_principal:U_FSM|estado_actual.BLOQUEO ; controlador_buzzer:U_BUZZER|contador[13] ; CLOCK_50     ; CLOCK_50    ; 0.000        ; 0.073      ; 1.840      ;
; 1.610 ; maquina_estados_principal:U_FSM|estado_actual.BLOQUEO ; controlador_buzzer:U_BUZZER|contador[9]  ; CLOCK_50     ; CLOCK_50    ; 0.000        ; 0.073      ; 1.840      ;
; 1.610 ; maquina_estados_principal:U_FSM|estado_actual.BLOQUEO ; controlador_buzzer:U_BUZZER|contador[8]  ; CLOCK_50     ; CLOCK_50    ; 0.000        ; 0.073      ; 1.840      ;
; 1.610 ; maquina_estados_principal:U_FSM|estado_actual.BLOQUEO ; controlador_buzzer:U_BUZZER|contador[7]  ; CLOCK_50     ; CLOCK_50    ; 0.000        ; 0.073      ; 1.840      ;
; 1.610 ; maquina_estados_principal:U_FSM|estado_actual.BLOQUEO ; controlador_buzzer:U_BUZZER|contador[6]  ; CLOCK_50     ; CLOCK_50    ; 0.000        ; 0.073      ; 1.840      ;
; 1.610 ; maquina_estados_principal:U_FSM|estado_actual.BLOQUEO ; controlador_buzzer:U_BUZZER|contador[3]  ; CLOCK_50     ; CLOCK_50    ; 0.000        ; 0.073      ; 1.840      ;
; 1.610 ; maquina_estados_principal:U_FSM|estado_actual.BLOQUEO ; controlador_buzzer:U_BUZZER|contador[1]  ; CLOCK_50     ; CLOCK_50    ; 0.000        ; 0.073      ; 1.840      ;
; 1.619 ; maquina_estados_principal:U_FSM|estado_actual.BLOQUEO ; controlador_buzzer:U_BUZZER|beep_i       ; CLOCK_50     ; CLOCK_50    ; 0.000        ; 0.061      ; 1.837      ;
; 1.619 ; maquina_estados_principal:U_FSM|estado_actual.BLOQUEO ; controlador_buzzer:U_BUZZER|contador[2]  ; CLOCK_50     ; CLOCK_50    ; 0.000        ; 0.061      ; 1.837      ;
; 1.619 ; maquina_estados_principal:U_FSM|estado_actual.BLOQUEO ; controlador_buzzer:U_BUZZER|contador[15] ; CLOCK_50     ; CLOCK_50    ; 0.000        ; 0.061      ; 1.837      ;
+-------+-------------------------------------------------------+------------------------------------------+--------------+-------------+--------------+------------+------------+


+----------------------------------------------------------------------------------------------------------------------------------------------+
; Slow 1200mV 85C Model Minimum Pulse Width: 'CLOCK_50'                                                                                        ;
+--------+--------------+----------------+------------+----------+------------+----------------------------------------------------------------+
; Slack  ; Actual Width ; Required Width ; Type       ; Clock    ; Clock Edge ; Target                                                         ;
+--------+--------------+----------------+------------+----------+------------+----------------------------------------------------------------+
; -3.000 ; 1.000        ; 4.000          ; Port Rate  ; CLOCK_50 ; Rise       ; CLOCK_50                                                       ;
; -1.000 ; 1.000        ; 2.000          ; Min Period ; CLOCK_50 ; Rise       ; comparador_clave_4_digitos:U_GESTOR|addr_rd[0]                 ;
; -1.000 ; 1.000        ; 2.000          ; Min Period ; CLOCK_50 ; Rise       ; comparador_clave_4_digitos:U_GESTOR|addr_rd[1]                 ;
; -1.000 ; 1.000        ; 2.000          ; Min Period ; CLOCK_50 ; Rise       ; comparador_clave_4_digitos:U_GESTOR|addr_rd[2]                 ;
; -1.000 ; 1.000        ; 2.000          ; Min Period ; CLOCK_50 ; Rise       ; comparador_clave_4_digitos:U_GESTOR|addr_rd[3]                 ;
; -1.000 ; 1.000        ; 2.000          ; Min Period ; CLOCK_50 ; Rise       ; comparador_clave_4_digitos:U_GESTOR|addr_rd[4]                 ;
; -1.000 ; 1.000        ; 2.000          ; Min Period ; CLOCK_50 ; Rise       ; comparador_clave_4_digitos:U_GESTOR|addr_rd[5]                 ;
; -1.000 ; 1.000        ; 2.000          ; Min Period ; CLOCK_50 ; Rise       ; comparador_clave_4_digitos:U_GESTOR|base_addr_reg[1]           ;
; -1.000 ; 1.000        ; 2.000          ; Min Period ; CLOCK_50 ; Rise       ; comparador_clave_4_digitos:U_GESTOR|base_addr_reg[2]           ;
; -1.000 ; 1.000        ; 2.000          ; Min Period ; CLOCK_50 ; Rise       ; comparador_clave_4_digitos:U_GESTOR|base_addr_reg[3]           ;
; -1.000 ; 1.000        ; 2.000          ; Min Period ; CLOCK_50 ; Rise       ; comparador_clave_4_digitos:U_GESTOR|base_addr_reg[4]           ;
; -1.000 ; 1.000        ; 2.000          ; Min Period ; CLOCK_50 ; Rise       ; comparador_clave_4_digitos:U_GESTOR|d0_ram[0]                  ;
; -1.000 ; 1.000        ; 2.000          ; Min Period ; CLOCK_50 ; Rise       ; comparador_clave_4_digitos:U_GESTOR|d0_ram[1]                  ;
; -1.000 ; 1.000        ; 2.000          ; Min Period ; CLOCK_50 ; Rise       ; comparador_clave_4_digitos:U_GESTOR|d0_ram[2]                  ;
; -1.000 ; 1.000        ; 2.000          ; Min Period ; CLOCK_50 ; Rise       ; comparador_clave_4_digitos:U_GESTOR|d0_ram[3]                  ;
; -1.000 ; 1.000        ; 2.000          ; Min Period ; CLOCK_50 ; Rise       ; comparador_clave_4_digitos:U_GESTOR|d1_ram[0]                  ;
; -1.000 ; 1.000        ; 2.000          ; Min Period ; CLOCK_50 ; Rise       ; comparador_clave_4_digitos:U_GESTOR|d1_ram[1]                  ;
; -1.000 ; 1.000        ; 2.000          ; Min Period ; CLOCK_50 ; Rise       ; comparador_clave_4_digitos:U_GESTOR|d1_ram[2]                  ;
; -1.000 ; 1.000        ; 2.000          ; Min Period ; CLOCK_50 ; Rise       ; comparador_clave_4_digitos:U_GESTOR|d1_ram[3]                  ;
; -1.000 ; 1.000        ; 2.000          ; Min Period ; CLOCK_50 ; Rise       ; comparador_clave_4_digitos:U_GESTOR|d2_ram[0]                  ;
; -1.000 ; 1.000        ; 2.000          ; Min Period ; CLOCK_50 ; Rise       ; comparador_clave_4_digitos:U_GESTOR|d2_ram[1]                  ;
; -1.000 ; 1.000        ; 2.000          ; Min Period ; CLOCK_50 ; Rise       ; comparador_clave_4_digitos:U_GESTOR|d2_ram[2]                  ;
; -1.000 ; 1.000        ; 2.000          ; Min Period ; CLOCK_50 ; Rise       ; comparador_clave_4_digitos:U_GESTOR|d2_ram[3]                  ;
; -1.000 ; 1.000        ; 2.000          ; Min Period ; CLOCK_50 ; Rise       ; comparador_clave_4_digitos:U_GESTOR|d3_ram[0]                  ;
; -1.000 ; 1.000        ; 2.000          ; Min Period ; CLOCK_50 ; Rise       ; comparador_clave_4_digitos:U_GESTOR|d3_ram[1]                  ;
; -1.000 ; 1.000        ; 2.000          ; Min Period ; CLOCK_50 ; Rise       ; comparador_clave_4_digitos:U_GESTOR|d3_ram[2]                  ;
; -1.000 ; 1.000        ; 2.000          ; Min Period ; CLOCK_50 ; Rise       ; comparador_clave_4_digitos:U_GESTOR|d3_ram[3]                  ;
; -1.000 ; 1.000        ; 2.000          ; Min Period ; CLOCK_50 ; Rise       ; comparador_clave_4_digitos:U_GESTOR|es_admin                   ;
; -1.000 ; 1.000        ; 2.000          ; Min Period ; CLOCK_50 ; Rise       ; comparador_clave_4_digitos:U_GESTOR|estado_rd.ESPERA_SELECCION ;
; -1.000 ; 1.000        ; 2.000          ; Min Period ; CLOCK_50 ; Rise       ; comparador_clave_4_digitos:U_GESTOR|estado_rd.LEE_D0           ;
; -1.000 ; 1.000        ; 2.000          ; Min Period ; CLOCK_50 ; Rise       ; comparador_clave_4_digitos:U_GESTOR|estado_rd.LEE_D1           ;
; -1.000 ; 1.000        ; 2.000          ; Min Period ; CLOCK_50 ; Rise       ; comparador_clave_4_digitos:U_GESTOR|estado_rd.LEE_D2           ;
; -1.000 ; 1.000        ; 2.000          ; Min Period ; CLOCK_50 ; Rise       ; comparador_clave_4_digitos:U_GESTOR|estado_rd.LEE_D3           ;
; -1.000 ; 1.000        ; 2.000          ; Min Period ; CLOCK_50 ; Rise       ; comparador_clave_4_digitos:U_GESTOR|estado_rd.LEE_HOR          ;
; -1.000 ; 1.000        ; 2.000          ; Min Period ; CLOCK_50 ; Rise       ; comparador_clave_4_digitos:U_GESTOR|estado_rd.LEE_ID           ;
; -1.000 ; 1.000        ; 2.000          ; Min Period ; CLOCK_50 ; Rise       ; comparador_clave_4_digitos:U_GESTOR|estado_rd.LISTO            ;
; -1.000 ; 1.000        ; 2.000          ; Min Period ; CLOCK_50 ; Rise       ; comparador_clave_4_digitos:U_GESTOR|hay_usuario                ;
; -1.000 ; 1.000        ; 2.000          ; Min Period ; CLOCK_50 ; Rise       ; comparador_clave_4_digitos:U_GESTOR|horario_ram[0]             ;
; -1.000 ; 1.000        ; 2.000          ; Min Period ; CLOCK_50 ; Rise       ; comparador_clave_4_digitos:U_GESTOR|horario_ram[1]             ;
; -1.000 ; 1.000        ; 2.000          ; Min Period ; CLOCK_50 ; Rise       ; comparador_clave_4_digitos:U_GESTOR|id_ram[0]                  ;
; -1.000 ; 1.000        ; 2.000          ; Min Period ; CLOCK_50 ; Rise       ; comparador_clave_4_digitos:U_GESTOR|id_ram[1]                  ;
; -1.000 ; 1.000        ; 2.000          ; Min Period ; CLOCK_50 ; Rise       ; comparador_clave_4_digitos:U_GESTOR|id_ram[2]                  ;
; -1.000 ; 1.000        ; 2.000          ; Min Period ; CLOCK_50 ; Rise       ; comparador_clave_4_digitos:U_GESTOR|id_ram[3]                  ;
; -1.000 ; 1.000        ; 2.000          ; Min Period ; CLOCK_50 ; Rise       ; comparador_clave_4_digitos:U_GESTOR|id_ram[4]                  ;
; -1.000 ; 1.000        ; 2.000          ; Min Period ; CLOCK_50 ; Rise       ; comparador_clave_4_digitos:U_GESTOR|id_ram[5]                  ;
; -1.000 ; 1.000        ; 2.000          ; Min Period ; CLOCK_50 ; Rise       ; comparador_clave_4_digitos:U_GESTOR|id_ram[6]                  ;
; -1.000 ; 1.000        ; 2.000          ; Min Period ; CLOCK_50 ; Rise       ; comparador_clave_4_digitos:U_GESTOR|id_ram[7]                  ;
; -1.000 ; 1.000        ; 2.000          ; Min Period ; CLOCK_50 ; Rise       ; contador_horario_180s:U_HORARIO|contador[0]                    ;
; -1.000 ; 1.000        ; 2.000          ; Min Period ; CLOCK_50 ; Rise       ; contador_horario_180s:U_HORARIO|contador[1]                    ;
; -1.000 ; 1.000        ; 2.000          ; Min Period ; CLOCK_50 ; Rise       ; contador_horario_180s:U_HORARIO|contador[2]                    ;
; -1.000 ; 1.000        ; 2.000          ; Min Period ; CLOCK_50 ; Rise       ; contador_horario_180s:U_HORARIO|contador[3]                    ;
; -1.000 ; 1.000        ; 2.000          ; Min Period ; CLOCK_50 ; Rise       ; contador_horario_180s:U_HORARIO|contador[4]                    ;
; -1.000 ; 1.000        ; 2.000          ; Min Period ; CLOCK_50 ; Rise       ; contador_horario_180s:U_HORARIO|contador[5]                    ;
; -1.000 ; 1.000        ; 2.000          ; Min Period ; CLOCK_50 ; Rise       ; contador_horario_180s:U_HORARIO|contador[6]                    ;
; -1.000 ; 1.000        ; 2.000          ; Min Period ; CLOCK_50 ; Rise       ; contador_horario_180s:U_HORARIO|contador[7]                    ;
; -1.000 ; 1.000        ; 2.000          ; Min Period ; CLOCK_50 ; Rise       ; controlador_buzzer:U_BUZZER|beep_i                             ;
; -1.000 ; 1.000        ; 2.000          ; Min Period ; CLOCK_50 ; Rise       ; controlador_buzzer:U_BUZZER|contador[0]                        ;
; -1.000 ; 1.000        ; 2.000          ; Min Period ; CLOCK_50 ; Rise       ; controlador_buzzer:U_BUZZER|contador[10]                       ;
; -1.000 ; 1.000        ; 2.000          ; Min Period ; CLOCK_50 ; Rise       ; controlador_buzzer:U_BUZZER|contador[11]                       ;
; -1.000 ; 1.000        ; 2.000          ; Min Period ; CLOCK_50 ; Rise       ; controlador_buzzer:U_BUZZER|contador[12]                       ;
; -1.000 ; 1.000        ; 2.000          ; Min Period ; CLOCK_50 ; Rise       ; controlador_buzzer:U_BUZZER|contador[13]                       ;
; -1.000 ; 1.000        ; 2.000          ; Min Period ; CLOCK_50 ; Rise       ; controlador_buzzer:U_BUZZER|contador[14]                       ;
; -1.000 ; 1.000        ; 2.000          ; Min Period ; CLOCK_50 ; Rise       ; controlador_buzzer:U_BUZZER|contador[15]                       ;
; -1.000 ; 1.000        ; 2.000          ; Min Period ; CLOCK_50 ; Rise       ; controlador_buzzer:U_BUZZER|contador[1]                        ;
; -1.000 ; 1.000        ; 2.000          ; Min Period ; CLOCK_50 ; Rise       ; controlador_buzzer:U_BUZZER|contador[2]                        ;
; -1.000 ; 1.000        ; 2.000          ; Min Period ; CLOCK_50 ; Rise       ; controlador_buzzer:U_BUZZER|contador[3]                        ;
; -1.000 ; 1.000        ; 2.000          ; Min Period ; CLOCK_50 ; Rise       ; controlador_buzzer:U_BUZZER|contador[4]                        ;
; -1.000 ; 1.000        ; 2.000          ; Min Period ; CLOCK_50 ; Rise       ; controlador_buzzer:U_BUZZER|contador[5]                        ;
; -1.000 ; 1.000        ; 2.000          ; Min Period ; CLOCK_50 ; Rise       ; controlador_buzzer:U_BUZZER|contador[6]                        ;
; -1.000 ; 1.000        ; 2.000          ; Min Period ; CLOCK_50 ; Rise       ; controlador_buzzer:U_BUZZER|contador[7]                        ;
; -1.000 ; 1.000        ; 2.000          ; Min Period ; CLOCK_50 ; Rise       ; controlador_buzzer:U_BUZZER|contador[8]                        ;
; -1.000 ; 1.000        ; 2.000          ; Min Period ; CLOCK_50 ; Rise       ; controlador_buzzer:U_BUZZER|contador[9]                        ;
; -1.000 ; 1.000        ; 2.000          ; Min Period ; CLOCK_50 ; Rise       ; controlador_servo:U_SERVO|counter[0]                           ;
; -1.000 ; 1.000        ; 2.000          ; Min Period ; CLOCK_50 ; Rise       ; controlador_servo:U_SERVO|counter[10]                          ;
; -1.000 ; 1.000        ; 2.000          ; Min Period ; CLOCK_50 ; Rise       ; controlador_servo:U_SERVO|counter[11]                          ;
; -1.000 ; 1.000        ; 2.000          ; Min Period ; CLOCK_50 ; Rise       ; controlador_servo:U_SERVO|counter[12]                          ;
; -1.000 ; 1.000        ; 2.000          ; Min Period ; CLOCK_50 ; Rise       ; controlador_servo:U_SERVO|counter[13]                          ;
; -1.000 ; 1.000        ; 2.000          ; Min Period ; CLOCK_50 ; Rise       ; controlador_servo:U_SERVO|counter[14]                          ;
; -1.000 ; 1.000        ; 2.000          ; Min Period ; CLOCK_50 ; Rise       ; controlador_servo:U_SERVO|counter[15]                          ;
; -1.000 ; 1.000        ; 2.000          ; Min Period ; CLOCK_50 ; Rise       ; controlador_servo:U_SERVO|counter[16]                          ;
; -1.000 ; 1.000        ; 2.000          ; Min Period ; CLOCK_50 ; Rise       ; controlador_servo:U_SERVO|counter[17]                          ;
; -1.000 ; 1.000        ; 2.000          ; Min Period ; CLOCK_50 ; Rise       ; controlador_servo:U_SERVO|counter[18]                          ;
; -1.000 ; 1.000        ; 2.000          ; Min Period ; CLOCK_50 ; Rise       ; controlador_servo:U_SERVO|counter[19]                          ;
; -1.000 ; 1.000        ; 2.000          ; Min Period ; CLOCK_50 ; Rise       ; controlador_servo:U_SERVO|counter[1]                           ;
; -1.000 ; 1.000        ; 2.000          ; Min Period ; CLOCK_50 ; Rise       ; controlador_servo:U_SERVO|counter[2]                           ;
; -1.000 ; 1.000        ; 2.000          ; Min Period ; CLOCK_50 ; Rise       ; controlador_servo:U_SERVO|counter[3]                           ;
; -1.000 ; 1.000        ; 2.000          ; Min Period ; CLOCK_50 ; Rise       ; controlador_servo:U_SERVO|counter[4]                           ;
; -1.000 ; 1.000        ; 2.000          ; Min Period ; CLOCK_50 ; Rise       ; controlador_servo:U_SERVO|counter[5]                           ;
; -1.000 ; 1.000        ; 2.000          ; Min Period ; CLOCK_50 ; Rise       ; controlador_servo:U_SERVO|counter[6]                           ;
; -1.000 ; 1.000        ; 2.000          ; Min Period ; CLOCK_50 ; Rise       ; controlador_servo:U_SERVO|counter[7]                           ;
; -1.000 ; 1.000        ; 2.000          ; Min Period ; CLOCK_50 ; Rise       ; controlador_servo:U_SERVO|counter[8]                           ;
; -1.000 ; 1.000        ; 2.000          ; Min Period ; CLOCK_50 ; Rise       ; controlador_servo:U_SERVO|counter[9]                           ;
; -1.000 ; 1.000        ; 2.000          ; Min Period ; CLOCK_50 ; Rise       ; controlador_servo:U_SERVO|pulse_width[16]                      ;
; -1.000 ; 1.000        ; 2.000          ; Min Period ; CLOCK_50 ; Rise       ; controlador_servo:U_SERVO|servo_pwm                            ;
; -1.000 ; 1.000        ; 2.000          ; Min Period ; CLOCK_50 ; Rise       ; delay_sensor[0]                                                ;
; -1.000 ; 1.000        ; 2.000          ; Min Period ; CLOCK_50 ; Rise       ; delay_sensor[1]                                                ;
; -1.000 ; 1.000        ; 2.000          ; Min Period ; CLOCK_50 ; Rise       ; generador_tick_1s:U_TICK|contador[0]                           ;
; -1.000 ; 1.000        ; 2.000          ; Min Period ; CLOCK_50 ; Rise       ; generador_tick_1s:U_TICK|contador[10]                          ;
; -1.000 ; 1.000        ; 2.000          ; Min Period ; CLOCK_50 ; Rise       ; generador_tick_1s:U_TICK|contador[11]                          ;
; -1.000 ; 1.000        ; 2.000          ; Min Period ; CLOCK_50 ; Rise       ; generador_tick_1s:U_TICK|contador[12]                          ;
+--------+--------------+----------------+------------+----------+------------+----------------------------------------------------------------+


+---------------------------------------------------------------------------+
; Setup Times                                                               ;
+---------------+------------+-------+-------+------------+-----------------+
; Data Port     ; Clock Port ; Rise  ; Fall  ; Clock Edge ; Clock Reference ;
+---------------+------------+-------+-------+------------+-----------------+
; FILA[*]       ; CLOCK_50   ; 4.390 ; 4.945 ; Rise       ; CLOCK_50        ;
;  FILA[0]      ; CLOCK_50   ; 4.202 ; 4.709 ; Rise       ; CLOCK_50        ;
;  FILA[1]      ; CLOCK_50   ; 4.365 ; 4.894 ; Rise       ; CLOCK_50        ;
;  FILA[2]      ; CLOCK_50   ; 4.390 ; 4.945 ; Rise       ; CLOCK_50        ;
;  FILA[3]      ; CLOCK_50   ; 4.296 ; 4.820 ; Rise       ; CLOCK_50        ;
; INTRUSION_SW  ; CLOCK_50   ; 7.328 ; 7.866 ; Rise       ; CLOCK_50        ;
; RESET         ; CLOCK_50   ; 4.639 ; 5.190 ; Rise       ; CLOCK_50        ;
; SALIR_ADMIN   ; CLOCK_50   ; 4.273 ; 4.776 ; Rise       ; CLOCK_50        ;
; SENSOR_PUERTA ; CLOCK_50   ; 7.359 ; 7.848 ; Rise       ; CLOCK_50        ;
+---------------+------------+-------+-------+------------+-----------------+


+-----------------------------------------------------------------------------+
; Hold Times                                                                  ;
+---------------+------------+--------+--------+------------+-----------------+
; Data Port     ; Clock Port ; Rise   ; Fall   ; Clock Edge ; Clock Reference ;
+---------------+------------+--------+--------+------------+-----------------+
; FILA[*]       ; CLOCK_50   ; -2.012 ; -2.559 ; Rise       ; CLOCK_50        ;
;  FILA[0]      ; CLOCK_50   ; -2.012 ; -2.559 ; Rise       ; CLOCK_50        ;
;  FILA[1]      ; CLOCK_50   ; -2.169 ; -2.736 ; Rise       ; CLOCK_50        ;
;  FILA[2]      ; CLOCK_50   ; -2.192 ; -2.785 ; Rise       ; CLOCK_50        ;
;  FILA[3]      ; CLOCK_50   ; -2.101 ; -2.666 ; Rise       ; CLOCK_50        ;
; INTRUSION_SW  ; CLOCK_50   ; -3.095 ; -3.530 ; Rise       ; CLOCK_50        ;
; RESET         ; CLOCK_50   ; -3.300 ; -3.783 ; Rise       ; CLOCK_50        ;
; SALIR_ADMIN   ; CLOCK_50   ; -1.733 ; -2.196 ; Rise       ; CLOCK_50        ;
; SENSOR_PUERTA ; CLOCK_50   ; -3.022 ; -3.568 ; Rise       ; CLOCK_50        ;
+---------------+------------+--------+--------+------------+-----------------+


+---------------------------------------------------------------------------+
; Clock to Output Times                                                     ;
+-------------+------------+--------+--------+------------+-----------------+
; Data Port   ; Clock Port ; Rise   ; Fall   ; Clock Edge ; Clock Reference ;
+-------------+------------+--------+--------+------------+-----------------+
; BUZZER_OUT  ; CLOCK_50   ; 6.055  ; 6.073  ; Rise       ; CLOCK_50        ;
; COLUMNA[*]  ; CLOCK_50   ; 7.326  ; 7.286  ; Rise       ; CLOCK_50        ;
;  COLUMNA[0] ; CLOCK_50   ; 6.997  ; 7.112  ; Rise       ; CLOCK_50        ;
;  COLUMNA[1] ; CLOCK_50   ; 7.203  ; 7.106  ; Rise       ; CLOCK_50        ;
;  COLUMNA[2] ; CLOCK_50   ; 6.482  ; 6.560  ; Rise       ; CLOCK_50        ;
;  COLUMNA[3] ; CLOCK_50   ; 7.326  ; 7.286  ; Rise       ; CLOCK_50        ;
; HEX0[*]     ; CLOCK_50   ; 19.512 ; 19.637 ; Rise       ; CLOCK_50        ;
;  HEX0[0]    ; CLOCK_50   ; 19.093 ; 19.114 ; Rise       ; CLOCK_50        ;
;  HEX0[1]    ; CLOCK_50   ; 16.666 ; 16.799 ; Rise       ; CLOCK_50        ;
;  HEX0[2]    ; CLOCK_50   ; 18.805 ; 18.832 ; Rise       ; CLOCK_50        ;
;  HEX0[3]    ; CLOCK_50   ; 18.781 ; 18.771 ; Rise       ; CLOCK_50        ;
;  HEX0[4]    ; CLOCK_50   ; 17.874 ; 17.993 ; Rise       ; CLOCK_50        ;
;  HEX0[5]    ; CLOCK_50   ; 19.176 ; 19.162 ; Rise       ; CLOCK_50        ;
;  HEX0[6]    ; CLOCK_50   ; 19.512 ; 19.637 ; Rise       ; CLOCK_50        ;
; HEX1[*]     ; CLOCK_50   ; 10.310 ; 10.214 ; Rise       ; CLOCK_50        ;
;  HEX1[0]    ; CLOCK_50   ; 10.310 ; 10.214 ; Rise       ; CLOCK_50        ;
;  HEX1[1]    ; CLOCK_50   ; 9.691  ; 9.598  ; Rise       ; CLOCK_50        ;
;  HEX1[2]    ; CLOCK_50   ; 8.843  ; 8.844  ; Rise       ; CLOCK_50        ;
;  HEX1[3]    ; CLOCK_50   ; 9.246  ; 9.101  ; Rise       ; CLOCK_50        ;
;  HEX1[4]    ; CLOCK_50   ; 9.751  ; 9.635  ; Rise       ; CLOCK_50        ;
;  HEX1[5]    ; CLOCK_50   ; 9.040  ; 9.004  ; Rise       ; CLOCK_50        ;
;  HEX1[6]    ; CLOCK_50   ; 9.785  ; 9.751  ; Rise       ; CLOCK_50        ;
; HEX2[*]     ; CLOCK_50   ; 9.691  ; 9.721  ; Rise       ; CLOCK_50        ;
;  HEX2[0]    ; CLOCK_50   ; 8.514  ; 8.457  ; Rise       ; CLOCK_50        ;
;  HEX2[1]    ; CLOCK_50   ; 8.831  ; 8.773  ; Rise       ; CLOCK_50        ;
;  HEX2[2]    ; CLOCK_50   ; 9.691  ; 9.721  ; Rise       ; CLOCK_50        ;
;  HEX2[3]    ; CLOCK_50   ; 9.304  ; 9.361  ; Rise       ; CLOCK_50        ;
;  HEX2[4]    ; CLOCK_50   ; 8.247  ; 8.172  ; Rise       ; CLOCK_50        ;
;  HEX2[5]    ; CLOCK_50   ; 9.246  ; 9.300  ; Rise       ; CLOCK_50        ;
;  HEX2[6]    ; CLOCK_50   ; 9.135  ; 9.196  ; Rise       ; CLOCK_50        ;
; HEX3[*]     ; CLOCK_50   ; 9.776  ; 9.670  ; Rise       ; CLOCK_50        ;
;  HEX3[0]    ; CLOCK_50   ; 9.441  ; 9.326  ; Rise       ; CLOCK_50        ;
;  HEX3[1]    ; CLOCK_50   ; 9.229  ; 9.307  ; Rise       ; CLOCK_50        ;
;  HEX3[2]    ; CLOCK_50   ; 9.068  ; 9.040  ; Rise       ; CLOCK_50        ;
;  HEX3[3]    ; CLOCK_50   ; 9.548  ; 9.542  ; Rise       ; CLOCK_50        ;
;  HEX3[4]    ; CLOCK_50   ; 9.776  ; 9.670  ; Rise       ; CLOCK_50        ;
;  HEX3[5]    ; CLOCK_50   ; 9.376  ; 9.324  ; Rise       ; CLOCK_50        ;
;  HEX3[6]    ; CLOCK_50   ; 9.156  ; 9.028  ; Rise       ; CLOCK_50        ;
; LED_ABRIR   ; CLOCK_50   ; 9.079  ; 8.973  ; Rise       ; CLOCK_50        ;
; LED_ALARMA  ; CLOCK_50   ; 8.955  ; 8.913  ; Rise       ; CLOCK_50        ;
; LED_BLOQUEO ; CLOCK_50   ; 6.492  ; 6.541  ; Rise       ; CLOCK_50        ;
; LED_FIN     ; CLOCK_50   ; 8.575  ; 8.790  ; Rise       ; CLOCK_50        ;
; LED_MANANA  ; CLOCK_50   ; 8.644  ; 8.546  ; Rise       ; CLOCK_50        ;
; LED_NOCHE   ; CLOCK_50   ; 9.026  ; 8.838  ; Rise       ; CLOCK_50        ;
; LED_TARDE   ; CLOCK_50   ; 8.328  ; 8.510  ; Rise       ; CLOCK_50        ;
; SERVO_PWM   ; CLOCK_50   ; 6.668  ; 6.682  ; Rise       ; CLOCK_50        ;
+-------------+------------+--------+--------+------------+-----------------+


+-------------------------------------------------------------------------+
; Minimum Clock to Output Times                                           ;
+-------------+------------+-------+-------+------------+-----------------+
; Data Port   ; Clock Port ; Rise  ; Fall  ; Clock Edge ; Clock Reference ;
+-------------+------------+-------+-------+------------+-----------------+
; BUZZER_OUT  ; CLOCK_50   ; 5.916 ; 5.932 ; Rise       ; CLOCK_50        ;
; COLUMNA[*]  ; CLOCK_50   ; 6.254 ; 6.173 ; Rise       ; CLOCK_50        ;
;  COLUMNA[0] ; CLOCK_50   ; 6.679 ; 6.765 ; Rise       ; CLOCK_50        ;
;  COLUMNA[1] ; CLOCK_50   ; 6.850 ; 6.851 ; Rise       ; CLOCK_50        ;
;  COLUMNA[2] ; CLOCK_50   ; 6.254 ; 6.173 ; Rise       ; CLOCK_50        ;
;  COLUMNA[3] ; CLOCK_50   ; 6.985 ; 6.969 ; Rise       ; CLOCK_50        ;
; HEX0[*]     ; CLOCK_50   ; 7.164 ; 7.052 ; Rise       ; CLOCK_50        ;
;  HEX0[0]    ; CLOCK_50   ; 7.516 ; 7.562 ; Rise       ; CLOCK_50        ;
;  HEX0[1]    ; CLOCK_50   ; 7.164 ; 7.052 ; Rise       ; CLOCK_50        ;
;  HEX0[2]    ; CLOCK_50   ; 7.584 ; 7.540 ; Rise       ; CLOCK_50        ;
;  HEX0[3]    ; CLOCK_50   ; 7.524 ; 7.531 ; Rise       ; CLOCK_50        ;
;  HEX0[4]    ; CLOCK_50   ; 7.379 ; 7.242 ; Rise       ; CLOCK_50        ;
;  HEX0[5]    ; CLOCK_50   ; 7.560 ; 7.622 ; Rise       ; CLOCK_50        ;
;  HEX0[6]    ; CLOCK_50   ; 7.852 ; 7.917 ; Rise       ; CLOCK_50        ;
; HEX1[*]     ; CLOCK_50   ; 6.801 ; 6.820 ; Rise       ; CLOCK_50        ;
;  HEX1[0]    ; CLOCK_50   ; 6.801 ; 6.820 ; Rise       ; CLOCK_50        ;
;  HEX1[1]    ; CLOCK_50   ; 7.307 ; 7.252 ; Rise       ; CLOCK_50        ;
;  HEX1[2]    ; CLOCK_50   ; 6.950 ; 6.910 ; Rise       ; CLOCK_50        ;
;  HEX1[3]    ; CLOCK_50   ; 7.379 ; 7.327 ; Rise       ; CLOCK_50        ;
;  HEX1[4]    ; CLOCK_50   ; 6.910 ; 6.892 ; Rise       ; CLOCK_50        ;
;  HEX1[5]    ; CLOCK_50   ; 7.604 ; 7.576 ; Rise       ; CLOCK_50        ;
;  HEX1[6]    ; CLOCK_50   ; 7.369 ; 7.308 ; Rise       ; CLOCK_50        ;
; HEX2[*]     ; CLOCK_50   ; 7.115 ; 7.051 ; Rise       ; CLOCK_50        ;
;  HEX2[0]    ; CLOCK_50   ; 7.378 ; 7.393 ; Rise       ; CLOCK_50        ;
;  HEX2[1]    ; CLOCK_50   ; 7.433 ; 7.358 ; Rise       ; CLOCK_50        ;
;  HEX2[2]    ; CLOCK_50   ; 7.145 ; 7.051 ; Rise       ; CLOCK_50        ;
;  HEX2[3]    ; CLOCK_50   ; 7.458 ; 7.392 ; Rise       ; CLOCK_50        ;
;  HEX2[4]    ; CLOCK_50   ; 7.115 ; 7.125 ; Rise       ; CLOCK_50        ;
;  HEX2[5]    ; CLOCK_50   ; 7.208 ; 7.144 ; Rise       ; CLOCK_50        ;
;  HEX2[6]    ; CLOCK_50   ; 7.551 ; 7.479 ; Rise       ; CLOCK_50        ;
; HEX3[*]     ; CLOCK_50   ; 7.046 ; 7.080 ; Rise       ; CLOCK_50        ;
;  HEX3[0]    ; CLOCK_50   ; 7.310 ; 7.276 ; Rise       ; CLOCK_50        ;
;  HEX3[1]    ; CLOCK_50   ; 7.705 ; 7.648 ; Rise       ; CLOCK_50        ;
;  HEX3[2]    ; CLOCK_50   ; 7.583 ; 7.467 ; Rise       ; CLOCK_50        ;
;  HEX3[3]    ; CLOCK_50   ; 7.235 ; 7.200 ; Rise       ; CLOCK_50        ;
;  HEX3[4]    ; CLOCK_50   ; 7.947 ; 7.830 ; Rise       ; CLOCK_50        ;
;  HEX3[5]    ; CLOCK_50   ; 7.046 ; 7.080 ; Rise       ; CLOCK_50        ;
;  HEX3[6]    ; CLOCK_50   ; 7.608 ; 7.543 ; Rise       ; CLOCK_50        ;
; LED_ABRIR   ; CLOCK_50   ; 6.974 ; 7.058 ; Rise       ; CLOCK_50        ;
; LED_ALARMA  ; CLOCK_50   ; 8.512 ; 8.339 ; Rise       ; CLOCK_50        ;
; LED_BLOQUEO ; CLOCK_50   ; 6.343 ; 6.389 ; Rise       ; CLOCK_50        ;
; LED_FIN     ; CLOCK_50   ; 6.895 ; 6.915 ; Rise       ; CLOCK_50        ;
; LED_MANANA  ; CLOCK_50   ; 7.187 ; 7.094 ; Rise       ; CLOCK_50        ;
; LED_NOCHE   ; CLOCK_50   ; 7.419 ; 7.513 ; Rise       ; CLOCK_50        ;
; LED_TARDE   ; CLOCK_50   ; 7.003 ; 6.912 ; Rise       ; CLOCK_50        ;
; SERVO_PWM   ; CLOCK_50   ; 6.506 ; 6.517 ; Rise       ; CLOCK_50        ;
+-------------+------------+-------+-------+------------+-----------------+


----------------------------------------------
; Slow 1200mV 85C Model Metastability Report ;
----------------------------------------------
No synchronizer chains to report.


+--------------------------------------------------+
; Slow 1200mV 0C Model Fmax Summary                ;
+------------+-----------------+------------+------+
; Fmax       ; Restricted Fmax ; Clock Name ; Note ;
+------------+-----------------+------------+------+
; 172.44 MHz ; 172.44 MHz      ; CLOCK_50   ;      ;
+------------+-----------------+------------+------+
This panel reports FMAX for every clock in the design, regardless of the user-specified clock periods.  FMAX is only computed for paths where the source and destination registers or ports are driven by the same clock.  Paths of different clocks, including generated clocks, are ignored.  For paths between a clock and its inversion, FMAX is computed as if the rising and falling edges are scaled along with FMAX, such that the duty cycle (in terms of a percentage) is maintained. Altera recommends that you always use clock constraints and other slack reports for sign-off analysis.


+------------------------------------+
; Slow 1200mV 0C Model Setup Summary ;
+----------+--------+----------------+
; Clock    ; Slack  ; End Point TNS  ;
+----------+--------+----------------+
; CLOCK_50 ; -4.799 ; -1551.589      ;
+----------+--------+----------------+


+-----------------------------------+
; Slow 1200mV 0C Model Hold Summary ;
+----------+-------+----------------+
; Clock    ; Slack ; End Point TNS  ;
+----------+-------+----------------+
; CLOCK_50 ; 0.299 ; 0.000          ;
+----------+-------+----------------+


+---------------------------------------+
; Slow 1200mV 0C Model Recovery Summary ;
+----------+--------+-------------------+
; Clock    ; Slack  ; End Point TNS     ;
+----------+--------+-------------------+
; CLOCK_50 ; -0.916 ; -14.485           ;
+----------+--------+-------------------+


+--------------------------------------+
; Slow 1200mV 0C Model Removal Summary ;
+----------+-------+-------------------+
; Clock    ; Slack ; End Point TNS     ;
+----------+-------+-------------------+
; CLOCK_50 ; 1.065 ; 0.000             ;
+----------+-------+-------------------+


+--------------------------------------------------+
; Slow 1200mV 0C Model Minimum Pulse Width Summary ;
+----------+--------+------------------------------+
; Clock    ; Slack  ; End Point TNS                ;
+----------+--------+------------------------------+
; CLOCK_50 ; -3.000 ; -517.000                     ;
+----------+--------+------------------------------+


+---------------------------------------------------------------------------------------------------------------------------------------------------------------------------------------------+
; Slow 1200mV 0C Model Setup: 'CLOCK_50'                                                                                                                                                      ;
+--------+-------------------------------------------------------+------------------------------------------------------+--------------+-------------+--------------+------------+------------+
; Slack  ; From Node                                             ; To Node                                              ; Launch Clock ; Latch Clock ; Relationship ; Clock Skew ; Data Delay ;
+--------+-------------------------------------------------------+------------------------------------------------------+--------------+-------------+--------------+------------+------------+
; -4.799 ; teclado_matricial_4x4:U_TECLADO|key_latched[2]        ; comparador_clave_4_digitos:U_GESTOR|d3_ram[1]        ; CLOCK_50     ; CLOCK_50    ; 1.000        ; -0.064     ; 5.730      ;
; -4.799 ; teclado_matricial_4x4:U_TECLADO|key_latched[2]        ; comparador_clave_4_digitos:U_GESTOR|d3_ram[0]        ; CLOCK_50     ; CLOCK_50    ; 1.000        ; -0.064     ; 5.730      ;
; -4.686 ; teclado_matricial_4x4:U_TECLADO|key_latched[3]        ; comparador_clave_4_digitos:U_GESTOR|d3_ram[1]        ; CLOCK_50     ; CLOCK_50    ; 1.000        ; -0.064     ; 5.617      ;
; -4.686 ; teclado_matricial_4x4:U_TECLADO|key_latched[3]        ; comparador_clave_4_digitos:U_GESTOR|d3_ram[0]        ; CLOCK_50     ; CLOCK_50    ; 1.000        ; -0.064     ; 5.617      ;
; -4.676 ; registro_clave_teclado:U_REGISTRO|d3[1]               ; comparador_clave_4_digitos:U_GESTOR|d3_ram[1]        ; CLOCK_50     ; CLOCK_50    ; 1.000        ; -0.058     ; 5.613      ;
; -4.676 ; registro_clave_teclado:U_REGISTRO|d3[1]               ; comparador_clave_4_digitos:U_GESTOR|d3_ram[0]        ; CLOCK_50     ; CLOCK_50    ; 1.000        ; -0.058     ; 5.613      ;
; -4.628 ; contador_horario_180s:U_HORARIO|contador[2]           ; comparador_clave_4_digitos:U_GESTOR|d3_ram[1]        ; CLOCK_50     ; CLOCK_50    ; 1.000        ; -0.068     ; 5.555      ;
; -4.628 ; contador_horario_180s:U_HORARIO|contador[2]           ; comparador_clave_4_digitos:U_GESTOR|d3_ram[0]        ; CLOCK_50     ; CLOCK_50    ; 1.000        ; -0.068     ; 5.555      ;
; -4.604 ; maquina_estados_principal:U_FSM|estado_actual.BLOQUEO ; comparador_clave_4_digitos:U_GESTOR|d3_ram[1]        ; CLOCK_50     ; CLOCK_50    ; 1.000        ; -0.073     ; 5.526      ;
; -4.604 ; maquina_estados_principal:U_FSM|estado_actual.BLOQUEO ; comparador_clave_4_digitos:U_GESTOR|d3_ram[0]        ; CLOCK_50     ; CLOCK_50    ; 1.000        ; -0.073     ; 5.526      ;
; -4.592 ; temporizador_descendente:U_TIMER_ERROR|fin            ; comparador_clave_4_digitos:U_GESTOR|d3_ram[1]        ; CLOCK_50     ; CLOCK_50    ; 1.000        ; -0.059     ; 5.528      ;
; -4.592 ; temporizador_descendente:U_TIMER_ERROR|fin            ; comparador_clave_4_digitos:U_GESTOR|d3_ram[0]        ; CLOCK_50     ; CLOCK_50    ; 1.000        ; -0.059     ; 5.528      ;
; -4.537 ; comparador_clave_4_digitos:U_GESTOR|es_admin          ; comparador_clave_4_digitos:U_GESTOR|d3_ram[1]        ; CLOCK_50     ; CLOCK_50    ; 1.000        ; -0.396     ; 5.136      ;
; -4.537 ; comparador_clave_4_digitos:U_GESTOR|es_admin          ; comparador_clave_4_digitos:U_GESTOR|d3_ram[0]        ; CLOCK_50     ; CLOCK_50    ; 1.000        ; -0.396     ; 5.136      ;
; -4.528 ; registro_clave_teclado:U_REGISTRO|d3[3]               ; comparador_clave_4_digitos:U_GESTOR|d3_ram[1]        ; CLOCK_50     ; CLOCK_50    ; 1.000        ; -0.058     ; 5.465      ;
; -4.528 ; registro_clave_teclado:U_REGISTRO|d3[3]               ; comparador_clave_4_digitos:U_GESTOR|d3_ram[0]        ; CLOCK_50     ; CLOCK_50    ; 1.000        ; -0.058     ; 5.465      ;
; -4.526 ; registro_clave_teclado:U_REGISTRO|d1[1]               ; comparador_clave_4_digitos:U_GESTOR|d3_ram[1]        ; CLOCK_50     ; CLOCK_50    ; 1.000        ; -0.058     ; 5.463      ;
; -4.526 ; registro_clave_teclado:U_REGISTRO|d1[1]               ; comparador_clave_4_digitos:U_GESTOR|d3_ram[0]        ; CLOCK_50     ; CLOCK_50    ; 1.000        ; -0.058     ; 5.463      ;
; -4.521 ; teclado_matricial_4x4:U_TECLADO|key_latched[2]        ; comparador_clave_4_digitos:U_GESTOR|d2_ram[3]        ; CLOCK_50     ; CLOCK_50    ; 1.000        ; -0.061     ; 5.455      ;
; -4.521 ; teclado_matricial_4x4:U_TECLADO|key_latched[2]        ; comparador_clave_4_digitos:U_GESTOR|d2_ram[2]        ; CLOCK_50     ; CLOCK_50    ; 1.000        ; -0.061     ; 5.455      ;
; -4.521 ; teclado_matricial_4x4:U_TECLADO|key_latched[2]        ; comparador_clave_4_digitos:U_GESTOR|d2_ram[1]        ; CLOCK_50     ; CLOCK_50    ; 1.000        ; -0.061     ; 5.455      ;
; -4.521 ; teclado_matricial_4x4:U_TECLADO|key_latched[2]        ; comparador_clave_4_digitos:U_GESTOR|d2_ram[0]        ; CLOCK_50     ; CLOCK_50    ; 1.000        ; -0.061     ; 5.455      ;
; -4.519 ; comparador_clave_4_digitos:U_GESTOR|addr_rd[2]        ; comparador_clave_4_digitos:U_GESTOR|d2_ram[3]        ; CLOCK_50     ; CLOCK_50    ; 1.000        ; -0.057     ; 5.457      ;
; -4.513 ; teclado_matricial_4x4:U_TECLADO|key_latched[2]        ; comparador_clave_4_digitos:U_GESTOR|horario_ram[1]   ; CLOCK_50     ; CLOCK_50    ; 1.000        ; -0.064     ; 5.444      ;
; -4.513 ; teclado_matricial_4x4:U_TECLADO|key_latched[2]        ; comparador_clave_4_digitos:U_GESTOR|horario_ram[0]   ; CLOCK_50     ; CLOCK_50    ; 1.000        ; -0.064     ; 5.444      ;
; -4.507 ; registro_clave_teclado:U_REGISTRO|d1[0]               ; comparador_clave_4_digitos:U_GESTOR|d3_ram[1]        ; CLOCK_50     ; CLOCK_50    ; 1.000        ; -0.058     ; 5.444      ;
; -4.507 ; registro_clave_teclado:U_REGISTRO|d1[0]               ; comparador_clave_4_digitos:U_GESTOR|d3_ram[0]        ; CLOCK_50     ; CLOCK_50    ; 1.000        ; -0.058     ; 5.444      ;
; -4.505 ; contador_horario_180s:U_HORARIO|contador[4]           ; comparador_clave_4_digitos:U_GESTOR|d3_ram[1]        ; CLOCK_50     ; CLOCK_50    ; 1.000        ; -0.068     ; 5.432      ;
; -4.505 ; contador_horario_180s:U_HORARIO|contador[4]           ; comparador_clave_4_digitos:U_GESTOR|d3_ram[0]        ; CLOCK_50     ; CLOCK_50    ; 1.000        ; -0.068     ; 5.432      ;
; -4.491 ; registro_clave_teclado:U_REGISTRO|d3[2]               ; comparador_clave_4_digitos:U_GESTOR|d3_ram[1]        ; CLOCK_50     ; CLOCK_50    ; 1.000        ; -0.058     ; 5.428      ;
; -4.491 ; registro_clave_teclado:U_REGISTRO|d3[2]               ; comparador_clave_4_digitos:U_GESTOR|d3_ram[0]        ; CLOCK_50     ; CLOCK_50    ; 1.000        ; -0.058     ; 5.428      ;
; -4.482 ; registro_clave_teclado:U_REGISTRO|d2[3]               ; comparador_clave_4_digitos:U_GESTOR|d3_ram[1]        ; CLOCK_50     ; CLOCK_50    ; 1.000        ; -0.058     ; 5.419      ;
; -4.482 ; registro_clave_teclado:U_REGISTRO|d2[3]               ; comparador_clave_4_digitos:U_GESTOR|d3_ram[0]        ; CLOCK_50     ; CLOCK_50    ; 1.000        ; -0.058     ; 5.419      ;
; -4.481 ; registro_clave_teclado:U_REGISTRO|d0[3]               ; comparador_clave_4_digitos:U_GESTOR|d3_ram[1]        ; CLOCK_50     ; CLOCK_50    ; 1.000        ; -0.058     ; 5.418      ;
; -4.481 ; registro_clave_teclado:U_REGISTRO|d0[3]               ; comparador_clave_4_digitos:U_GESTOR|d3_ram[0]        ; CLOCK_50     ; CLOCK_50    ; 1.000        ; -0.058     ; 5.418      ;
; -4.478 ; teclado_matricial_4x4:U_TECLADO|key_latched[0]        ; comparador_clave_4_digitos:U_GESTOR|d3_ram[1]        ; CLOCK_50     ; CLOCK_50    ; 1.000        ; -0.064     ; 5.409      ;
; -4.478 ; teclado_matricial_4x4:U_TECLADO|key_latched[0]        ; comparador_clave_4_digitos:U_GESTOR|d3_ram[0]        ; CLOCK_50     ; CLOCK_50    ; 1.000        ; -0.064     ; 5.409      ;
; -4.473 ; teclado_matricial_4x4:U_TECLADO|key_latched[2]        ; comparador_clave_4_digitos:U_GESTOR|base_addr_reg[1] ; CLOCK_50     ; CLOCK_50    ; 1.000        ; -0.059     ; 5.409      ;
; -4.473 ; teclado_matricial_4x4:U_TECLADO|key_latched[2]        ; comparador_clave_4_digitos:U_GESTOR|base_addr_reg[2] ; CLOCK_50     ; CLOCK_50    ; 1.000        ; -0.059     ; 5.409      ;
; -4.473 ; teclado_matricial_4x4:U_TECLADO|key_latched[2]        ; comparador_clave_4_digitos:U_GESTOR|base_addr_reg[3] ; CLOCK_50     ; CLOCK_50    ; 1.000        ; -0.059     ; 5.409      ;
; -4.473 ; teclado_matricial_4x4:U_TECLADO|key_latched[2]        ; comparador_clave_4_digitos:U_GESTOR|base_addr_reg[4] ; CLOCK_50     ; CLOCK_50    ; 1.000        ; -0.059     ; 5.409      ;
; -4.470 ; registro_clave_teclado:U_REGISTRO|d3[1]               ; registro_clave_teclado:U_REGISTRO|d0[2]              ; CLOCK_50     ; CLOCK_50    ; 1.000        ; -0.055     ; 5.410      ;
; -4.470 ; registro_clave_teclado:U_REGISTRO|d3[1]               ; registro_clave_teclado:U_REGISTRO|d0[3]              ; CLOCK_50     ; CLOCK_50    ; 1.000        ; -0.055     ; 5.410      ;
; -4.470 ; registro_clave_teclado:U_REGISTRO|d3[1]               ; registro_clave_teclado:U_REGISTRO|d3[3]              ; CLOCK_50     ; CLOCK_50    ; 1.000        ; -0.055     ; 5.410      ;
; -4.470 ; registro_clave_teclado:U_REGISTRO|d3[1]               ; registro_clave_teclado:U_REGISTRO|d2[3]              ; CLOCK_50     ; CLOCK_50    ; 1.000        ; -0.055     ; 5.410      ;
; -4.470 ; registro_clave_teclado:U_REGISTRO|d3[1]               ; registro_clave_teclado:U_REGISTRO|d2[2]              ; CLOCK_50     ; CLOCK_50    ; 1.000        ; -0.055     ; 5.410      ;
; -4.470 ; registro_clave_teclado:U_REGISTRO|d3[1]               ; registro_clave_teclado:U_REGISTRO|d2[0]              ; CLOCK_50     ; CLOCK_50    ; 1.000        ; -0.055     ; 5.410      ;
; -4.470 ; registro_clave_teclado:U_REGISTRO|d3[1]               ; registro_clave_teclado:U_REGISTRO|d2[1]              ; CLOCK_50     ; CLOCK_50    ; 1.000        ; -0.055     ; 5.410      ;
; -4.469 ; registro_clave_teclado:U_REGISTRO|d0[2]               ; comparador_clave_4_digitos:U_GESTOR|d3_ram[1]        ; CLOCK_50     ; CLOCK_50    ; 1.000        ; -0.058     ; 5.406      ;
; -4.469 ; registro_clave_teclado:U_REGISTRO|d0[2]               ; comparador_clave_4_digitos:U_GESTOR|d3_ram[0]        ; CLOCK_50     ; CLOCK_50    ; 1.000        ; -0.058     ; 5.406      ;
; -4.466 ; gestor_admin:U_ADMIN|addr_i[2]                        ; comparador_clave_4_digitos:U_GESTOR|d2_ram[3]        ; CLOCK_50     ; CLOCK_50    ; 1.000        ; -0.066     ; 5.395      ;
; -4.465 ; registro_clave_teclado:U_REGISTRO|d1[3]               ; comparador_clave_4_digitos:U_GESTOR|d3_ram[1]        ; CLOCK_50     ; CLOCK_50    ; 1.000        ; -0.058     ; 5.402      ;
; -4.465 ; registro_clave_teclado:U_REGISTRO|d1[3]               ; comparador_clave_4_digitos:U_GESTOR|d3_ram[0]        ; CLOCK_50     ; CLOCK_50    ; 1.000        ; -0.058     ; 5.402      ;
; -4.464 ; registro_clave_teclado:U_REGISTRO|d2[2]               ; comparador_clave_4_digitos:U_GESTOR|d3_ram[1]        ; CLOCK_50     ; CLOCK_50    ; 1.000        ; -0.058     ; 5.401      ;
; -4.464 ; registro_clave_teclado:U_REGISTRO|d2[2]               ; comparador_clave_4_digitos:U_GESTOR|d3_ram[0]        ; CLOCK_50     ; CLOCK_50    ; 1.000        ; -0.058     ; 5.401      ;
; -4.463 ; comparador_clave_4_digitos:U_GESTOR|addr_rd[2]        ; comparador_clave_4_digitos:U_GESTOR|d2_ram[1]        ; CLOCK_50     ; CLOCK_50    ; 1.000        ; -0.057     ; 5.401      ;
; -4.458 ; comparador_clave_4_digitos:U_GESTOR|d2_ram[0]         ; comparador_clave_4_digitos:U_GESTOR|d3_ram[1]        ; CLOCK_50     ; CLOCK_50    ; 1.000        ; -0.058     ; 5.395      ;
; -4.458 ; comparador_clave_4_digitos:U_GESTOR|d2_ram[0]         ; comparador_clave_4_digitos:U_GESTOR|d3_ram[0]        ; CLOCK_50     ; CLOCK_50    ; 1.000        ; -0.058     ; 5.395      ;
; -4.451 ; registro_clave_teclado:U_REGISTRO|d0[0]               ; comparador_clave_4_digitos:U_GESTOR|d3_ram[1]        ; CLOCK_50     ; CLOCK_50    ; 1.000        ; -0.058     ; 5.388      ;
; -4.451 ; registro_clave_teclado:U_REGISTRO|d0[0]               ; comparador_clave_4_digitos:U_GESTOR|d3_ram[0]        ; CLOCK_50     ; CLOCK_50    ; 1.000        ; -0.058     ; 5.388      ;
; -4.446 ; comparador_clave_4_digitos:U_GESTOR|d3_ram[2]         ; comparador_clave_4_digitos:U_GESTOR|d3_ram[1]        ; CLOCK_50     ; CLOCK_50    ; 1.000        ; -0.058     ; 5.383      ;
; -4.446 ; comparador_clave_4_digitos:U_GESTOR|d3_ram[2]         ; comparador_clave_4_digitos:U_GESTOR|d3_ram[0]        ; CLOCK_50     ; CLOCK_50    ; 1.000        ; -0.058     ; 5.383      ;
; -4.422 ; comparador_clave_4_digitos:U_GESTOR|d0_ram[0]         ; comparador_clave_4_digitos:U_GESTOR|d3_ram[1]        ; CLOCK_50     ; CLOCK_50    ; 1.000        ; -0.383     ; 5.034      ;
; -4.422 ; comparador_clave_4_digitos:U_GESTOR|d0_ram[0]         ; comparador_clave_4_digitos:U_GESTOR|d3_ram[0]        ; CLOCK_50     ; CLOCK_50    ; 1.000        ; -0.383     ; 5.034      ;
; -4.422 ; contador_horario_180s:U_HORARIO|contador[2]           ; registro_clave_teclado:U_REGISTRO|d0[2]              ; CLOCK_50     ; CLOCK_50    ; 1.000        ; -0.065     ; 5.352      ;
; -4.422 ; contador_horario_180s:U_HORARIO|contador[2]           ; registro_clave_teclado:U_REGISTRO|d0[3]              ; CLOCK_50     ; CLOCK_50    ; 1.000        ; -0.065     ; 5.352      ;
; -4.422 ; contador_horario_180s:U_HORARIO|contador[2]           ; registro_clave_teclado:U_REGISTRO|d3[3]              ; CLOCK_50     ; CLOCK_50    ; 1.000        ; -0.065     ; 5.352      ;
; -4.422 ; contador_horario_180s:U_HORARIO|contador[2]           ; registro_clave_teclado:U_REGISTRO|d2[3]              ; CLOCK_50     ; CLOCK_50    ; 1.000        ; -0.065     ; 5.352      ;
; -4.422 ; contador_horario_180s:U_HORARIO|contador[2]           ; registro_clave_teclado:U_REGISTRO|d2[2]              ; CLOCK_50     ; CLOCK_50    ; 1.000        ; -0.065     ; 5.352      ;
; -4.422 ; contador_horario_180s:U_HORARIO|contador[2]           ; registro_clave_teclado:U_REGISTRO|d2[0]              ; CLOCK_50     ; CLOCK_50    ; 1.000        ; -0.065     ; 5.352      ;
; -4.422 ; contador_horario_180s:U_HORARIO|contador[2]           ; registro_clave_teclado:U_REGISTRO|d2[1]              ; CLOCK_50     ; CLOCK_50    ; 1.000        ; -0.065     ; 5.352      ;
; -4.420 ; registro_clave_teclado:U_REGISTRO|d3[1]               ; comparador_clave_4_digitos:U_GESTOR|horario_ram[1]   ; CLOCK_50     ; CLOCK_50    ; 1.000        ; -0.058     ; 5.357      ;
; -4.420 ; registro_clave_teclado:U_REGISTRO|d3[1]               ; comparador_clave_4_digitos:U_GESTOR|horario_ram[0]   ; CLOCK_50     ; CLOCK_50    ; 1.000        ; -0.058     ; 5.357      ;
; -4.419 ; comparador_clave_4_digitos:U_GESTOR|id_ram[0]         ; comparador_clave_4_digitos:U_GESTOR|d3_ram[1]        ; CLOCK_50     ; CLOCK_50    ; 1.000        ; -0.388     ; 5.026      ;
; -4.419 ; comparador_clave_4_digitos:U_GESTOR|id_ram[0]         ; comparador_clave_4_digitos:U_GESTOR|d3_ram[0]        ; CLOCK_50     ; CLOCK_50    ; 1.000        ; -0.388     ; 5.026      ;
; -4.415 ; comparador_clave_4_digitos:U_GESTOR|id_ram[1]         ; comparador_clave_4_digitos:U_GESTOR|d3_ram[1]        ; CLOCK_50     ; CLOCK_50    ; 1.000        ; -0.388     ; 5.022      ;
; -4.415 ; comparador_clave_4_digitos:U_GESTOR|id_ram[1]         ; comparador_clave_4_digitos:U_GESTOR|d3_ram[0]        ; CLOCK_50     ; CLOCK_50    ; 1.000        ; -0.388     ; 5.022      ;
; -4.411 ; teclado_matricial_4x4:U_TECLADO|key_latched[2]        ; comparador_clave_4_digitos:U_GESTOR|es_admin         ; CLOCK_50     ; CLOCK_50    ; 1.000        ; 0.238      ; 5.644      ;
; -4.410 ; registro_clave_teclado:U_REGISTRO|contador[1]         ; comparador_clave_4_digitos:U_GESTOR|d3_ram[1]        ; CLOCK_50     ; CLOCK_50    ; 1.000        ; -0.058     ; 5.347      ;
; -4.410 ; registro_clave_teclado:U_REGISTRO|contador[1]         ; comparador_clave_4_digitos:U_GESTOR|d3_ram[0]        ; CLOCK_50     ; CLOCK_50    ; 1.000        ; -0.058     ; 5.347      ;
; -4.410 ; gestor_admin:U_ADMIN|addr_i[2]                        ; comparador_clave_4_digitos:U_GESTOR|d2_ram[1]        ; CLOCK_50     ; CLOCK_50    ; 1.000        ; -0.066     ; 5.339      ;
; -4.409 ; registro_clave_teclado:U_REGISTRO|d2[1]               ; comparador_clave_4_digitos:U_GESTOR|d3_ram[1]        ; CLOCK_50     ; CLOCK_50    ; 1.000        ; -0.058     ; 5.346      ;
; -4.409 ; registro_clave_teclado:U_REGISTRO|d2[1]               ; comparador_clave_4_digitos:U_GESTOR|d3_ram[0]        ; CLOCK_50     ; CLOCK_50    ; 1.000        ; -0.058     ; 5.346      ;
; -4.408 ; registro_clave_teclado:U_REGISTRO|d3[0]               ; comparador_clave_4_digitos:U_GESTOR|d3_ram[1]        ; CLOCK_50     ; CLOCK_50    ; 1.000        ; -0.058     ; 5.345      ;
; -4.408 ; registro_clave_teclado:U_REGISTRO|d3[0]               ; comparador_clave_4_digitos:U_GESTOR|d3_ram[0]        ; CLOCK_50     ; CLOCK_50    ; 1.000        ; -0.058     ; 5.345      ;
; -4.408 ; teclado_matricial_4x4:U_TECLADO|key_latched[3]        ; comparador_clave_4_digitos:U_GESTOR|d2_ram[3]        ; CLOCK_50     ; CLOCK_50    ; 1.000        ; -0.061     ; 5.342      ;
; -4.408 ; teclado_matricial_4x4:U_TECLADO|key_latched[3]        ; comparador_clave_4_digitos:U_GESTOR|d2_ram[2]        ; CLOCK_50     ; CLOCK_50    ; 1.000        ; -0.061     ; 5.342      ;
; -4.408 ; teclado_matricial_4x4:U_TECLADO|key_latched[3]        ; comparador_clave_4_digitos:U_GESTOR|d2_ram[1]        ; CLOCK_50     ; CLOCK_50    ; 1.000        ; -0.061     ; 5.342      ;
; -4.408 ; teclado_matricial_4x4:U_TECLADO|key_latched[3]        ; comparador_clave_4_digitos:U_GESTOR|d2_ram[0]        ; CLOCK_50     ; CLOCK_50    ; 1.000        ; -0.061     ; 5.342      ;
; -4.400 ; registro_clave_teclado:U_REGISTRO|d3[1]               ; comparador_clave_4_digitos:U_GESTOR|d2_ram[3]        ; CLOCK_50     ; CLOCK_50    ; 1.000        ; -0.055     ; 5.340      ;
; -4.400 ; registro_clave_teclado:U_REGISTRO|d3[1]               ; comparador_clave_4_digitos:U_GESTOR|d2_ram[2]        ; CLOCK_50     ; CLOCK_50    ; 1.000        ; -0.055     ; 5.340      ;
; -4.400 ; registro_clave_teclado:U_REGISTRO|d3[1]               ; comparador_clave_4_digitos:U_GESTOR|d2_ram[1]        ; CLOCK_50     ; CLOCK_50    ; 1.000        ; -0.055     ; 5.340      ;
; -4.400 ; registro_clave_teclado:U_REGISTRO|d3[1]               ; comparador_clave_4_digitos:U_GESTOR|d2_ram[0]        ; CLOCK_50     ; CLOCK_50    ; 1.000        ; -0.055     ; 5.340      ;
; -4.400 ; teclado_matricial_4x4:U_TECLADO|key_latched[3]        ; comparador_clave_4_digitos:U_GESTOR|horario_ram[1]   ; CLOCK_50     ; CLOCK_50    ; 1.000        ; -0.064     ; 5.331      ;
; -4.400 ; teclado_matricial_4x4:U_TECLADO|key_latched[3]        ; comparador_clave_4_digitos:U_GESTOR|horario_ram[0]   ; CLOCK_50     ; CLOCK_50    ; 1.000        ; -0.064     ; 5.331      ;
; -4.398 ; maquina_estados_principal:U_FSM|estado_actual.BLOQUEO ; registro_clave_teclado:U_REGISTRO|d0[2]              ; CLOCK_50     ; CLOCK_50    ; 1.000        ; -0.070     ; 5.323      ;
; -4.398 ; maquina_estados_principal:U_FSM|estado_actual.BLOQUEO ; registro_clave_teclado:U_REGISTRO|d0[3]              ; CLOCK_50     ; CLOCK_50    ; 1.000        ; -0.070     ; 5.323      ;
; -4.398 ; maquina_estados_principal:U_FSM|estado_actual.BLOQUEO ; registro_clave_teclado:U_REGISTRO|d3[3]              ; CLOCK_50     ; CLOCK_50    ; 1.000        ; -0.070     ; 5.323      ;
; -4.398 ; maquina_estados_principal:U_FSM|estado_actual.BLOQUEO ; registro_clave_teclado:U_REGISTRO|d2[3]              ; CLOCK_50     ; CLOCK_50    ; 1.000        ; -0.070     ; 5.323      ;
; -4.398 ; maquina_estados_principal:U_FSM|estado_actual.BLOQUEO ; registro_clave_teclado:U_REGISTRO|d2[2]              ; CLOCK_50     ; CLOCK_50    ; 1.000        ; -0.070     ; 5.323      ;
+--------+-------------------------------------------------------+------------------------------------------------------+--------------+-------------+--------------+------------+------------+


+---------------------------------------------------------------------------------------------------------------------------------------------------------------------------------------------------------------+
; Slow 1200mV 0C Model Hold: 'CLOCK_50'                                                                                                                                                                         ;
+-------+----------------------------------------------------------------+----------------------------------------------------------------+--------------+-------------+--------------+------------+------------+
; Slack ; From Node                                                      ; To Node                                                        ; Launch Clock ; Latch Clock ; Relationship ; Clock Skew ; Data Delay ;
+-------+----------------------------------------------------------------+----------------------------------------------------------------+--------------+-------------+--------------+------------+------------+
; 0.299 ; comparador_clave_4_digitos:U_GESTOR|addr_rd[5]                 ; comparador_clave_4_digitos:U_GESTOR|addr_rd[5]                 ; CLOCK_50     ; CLOCK_50    ; 0.000        ; 0.068      ; 0.511      ;
; 0.299 ; maquina_estados_principal:U_FSM|intentos[0]                    ; maquina_estados_principal:U_FSM|intentos[0]                    ; CLOCK_50     ; CLOCK_50    ; 0.000        ; 0.068      ; 0.511      ;
; 0.312 ; temporizador_descendente:U_TIMER_OPEN|en_marcha                ; temporizador_descendente:U_TIMER_OPEN|en_marcha                ; CLOCK_50     ; CLOCK_50    ; 0.000        ; 0.055      ; 0.511      ;
; 0.312 ; registro_clave_teclado:U_REGISTRO|contador[1]                  ; registro_clave_teclado:U_REGISTRO|contador[1]                  ; CLOCK_50     ; CLOCK_50    ; 0.000        ; 0.055      ; 0.511      ;
; 0.312 ; comparador_clave_4_digitos:U_GESTOR|estado_rd.ESPERA_SELECCION ; comparador_clave_4_digitos:U_GESTOR|estado_rd.ESPERA_SELECCION ; CLOCK_50     ; CLOCK_50    ; 0.000        ; 0.055      ; 0.511      ;
; 0.312 ; temporizador_descendente:U_TIMER_BLOQUEO|en_marcha             ; temporizador_descendente:U_TIMER_BLOQUEO|en_marcha             ; CLOCK_50     ; CLOCK_50    ; 0.000        ; 0.055      ; 0.511      ;
; 0.312 ; maquina_estados_principal:U_FSM|intentos[1]                    ; maquina_estados_principal:U_FSM|intentos[1]                    ; CLOCK_50     ; CLOCK_50    ; 0.000        ; 0.055      ; 0.511      ;
; 0.312 ; temporizador_descendente:U_TIMER_ERROR|en_marcha               ; temporizador_descendente:U_TIMER_ERROR|en_marcha               ; CLOCK_50     ; CLOCK_50    ; 0.000        ; 0.055      ; 0.511      ;
; 0.312 ; maquina_estados_principal:U_FSM|estado_actual.INGRESO          ; maquina_estados_principal:U_FSM|estado_actual.INGRESO          ; CLOCK_50     ; CLOCK_50    ; 0.000        ; 0.055      ; 0.511      ;
; 0.312 ; teclado_matricial_4x4:U_TECLADO|col_idx[1]                     ; teclado_matricial_4x4:U_TECLADO|col_idx[1]                     ; CLOCK_50     ; CLOCK_50    ; 0.000        ; 0.055      ; 0.511      ;
; 0.312 ; teclado_matricial_4x4:U_TECLADO|key_armed                      ; teclado_matricial_4x4:U_TECLADO|key_armed                      ; CLOCK_50     ; CLOCK_50    ; 0.000        ; 0.055      ; 0.511      ;
; 0.312 ; controlador_buzzer:U_BUZZER|beep_i                             ; controlador_buzzer:U_BUZZER|beep_i                             ; CLOCK_50     ; CLOCK_50    ; 0.000        ; 0.055      ; 0.511      ;
; 0.312 ; comparador_clave_4_digitos:U_GESTOR|estado_rd.LISTO            ; comparador_clave_4_digitos:U_GESTOR|estado_rd.LISTO            ; CLOCK_50     ; CLOCK_50    ; 0.000        ; 0.055      ; 0.511      ;
; 0.312 ; comparador_clave_4_digitos:U_GESTOR|addr_rd[1]                 ; comparador_clave_4_digitos:U_GESTOR|addr_rd[1]                 ; CLOCK_50     ; CLOCK_50    ; 0.000        ; 0.055      ; 0.511      ;
; 0.312 ; registro_clave_teclado:U_REGISTRO|contador[2]                  ; registro_clave_teclado:U_REGISTRO|contador[2]                  ; CLOCK_50     ; CLOCK_50    ; 0.000        ; 0.055      ; 0.511      ;
; 0.312 ; gestor_admin:U_ADMIN|addr_i[1]                                 ; gestor_admin:U_ADMIN|addr_i[1]                                 ; CLOCK_50     ; CLOCK_50    ; 0.000        ; 0.055      ; 0.511      ;
; 0.312 ; gestor_admin:U_ADMIN|estado.OP_AGREGAR_HOR                     ; gestor_admin:U_ADMIN|estado.OP_AGREGAR_HOR                     ; CLOCK_50     ; CLOCK_50    ; 0.000        ; 0.055      ; 0.511      ;
; 0.312 ; gestor_admin:U_ADMIN|estado.OP_AGREGAR_CLV                     ; gestor_admin:U_ADMIN|estado.OP_AGREGAR_CLV                     ; CLOCK_50     ; CLOCK_50    ; 0.000        ; 0.055      ; 0.511      ;
; 0.312 ; gestor_admin:U_ADMIN|estado.OP_AGREGAR_USR                     ; gestor_admin:U_ADMIN|estado.OP_AGREGAR_USR                     ; CLOCK_50     ; CLOCK_50    ; 0.000        ; 0.055      ; 0.511      ;
; 0.312 ; gestor_admin:U_ADMIN|estado.ESPERA                             ; gestor_admin:U_ADMIN|estado.ESPERA                             ; CLOCK_50     ; CLOCK_50    ; 0.000        ; 0.055      ; 0.511      ;
; 0.313 ; gestor_admin:U_ADMIN|horario_ingresado                         ; gestor_admin:U_ADMIN|horario_ingresado                         ; CLOCK_50     ; CLOCK_50    ; 0.000        ; 0.054      ; 0.511      ;
; 0.313 ; gestor_admin:U_ADMIN|estado.ESCRIBIENDO                        ; gestor_admin:U_ADMIN|estado.ESCRIBIENDO                        ; CLOCK_50     ; CLOCK_50    ; 0.000        ; 0.054      ; 0.511      ;
; 0.313 ; gestor_admin:U_ADMIN|write_step[0]                             ; gestor_admin:U_ADMIN|write_step[0]                             ; CLOCK_50     ; CLOCK_50    ; 0.000        ; 0.054      ; 0.511      ;
; 0.313 ; gestor_admin:U_ADMIN|write_step[2]                             ; gestor_admin:U_ADMIN|write_step[2]                             ; CLOCK_50     ; CLOCK_50    ; 0.000        ; 0.054      ; 0.511      ;
; 0.313 ; gestor_admin:U_ADMIN|write_step[1]                             ; gestor_admin:U_ADMIN|write_step[1]                             ; CLOCK_50     ; CLOCK_50    ; 0.000        ; 0.054      ; 0.511      ;
; 0.313 ; gestor_admin:U_ADMIN|estado.ADMIN_OK                           ; gestor_admin:U_ADMIN|estado.ADMIN_OK                           ; CLOCK_50     ; CLOCK_50    ; 0.000        ; 0.054      ; 0.511      ;
; 0.313 ; gestor_admin:U_ADMIN|estado.CLAVE_ADMIN                        ; gestor_admin:U_ADMIN|estado.CLAVE_ADMIN                        ; CLOCK_50     ; CLOCK_50    ; 0.000        ; 0.054      ; 0.511      ;
; 0.313 ; gestor_admin:U_ADMIN|digito_clave[1]                           ; gestor_admin:U_ADMIN|digito_clave[1]                           ; CLOCK_50     ; CLOCK_50    ; 0.000        ; 0.054      ; 0.511      ;
; 0.313 ; gestor_admin:U_ADMIN|digito_clave[0]                           ; gestor_admin:U_ADMIN|digito_clave[0]                           ; CLOCK_50     ; CLOCK_50    ; 0.000        ; 0.054      ; 0.511      ;
; 0.320 ; registro_clave_teclado:U_REGISTRO|contador[0]                  ; registro_clave_teclado:U_REGISTRO|contador[0]                  ; CLOCK_50     ; CLOCK_50    ; 0.000        ; 0.055      ; 0.519      ;
; 0.320 ; teclado_matricial_4x4:U_TECLADO|col_idx[0]                     ; teclado_matricial_4x4:U_TECLADO|col_idx[0]                     ; CLOCK_50     ; CLOCK_50    ; 0.000        ; 0.055      ; 0.519      ;
; 0.320 ; gestor_admin:U_ADMIN|digito_admin[0]                           ; gestor_admin:U_ADMIN|digito_admin[0]                           ; CLOCK_50     ; CLOCK_50    ; 0.000        ; 0.055      ; 0.519      ;
; 0.321 ; delay_sensor[1]                                                ; delay_sensor[1]                                                ; CLOCK_50     ; CLOCK_50    ; 0.000        ; 0.054      ; 0.519      ;
; 0.321 ; delay_sensor[0]                                                ; delay_sensor[0]                                                ; CLOCK_50     ; CLOCK_50    ; 0.000        ; 0.054      ; 0.519      ;
; 0.321 ; contador_horario_180s:U_HORARIO|contador[7]                    ; contador_horario_180s:U_HORARIO|contador[7]                    ; CLOCK_50     ; CLOCK_50    ; 0.000        ; 0.054      ; 0.519      ;
; 0.343 ; teclado_matricial_4x4:U_TECLADO|release_count[4]               ; teclado_matricial_4x4:U_TECLADO|release_count[4]               ; CLOCK_50     ; CLOCK_50    ; 0.000        ; 0.055      ; 0.542      ;
; 0.352 ; temporizador_descendente:U_TIMER_BLOQUEO|contador[5]           ; temporizador_descendente:U_TIMER_BLOQUEO|contador[5]           ; CLOCK_50     ; CLOCK_50    ; 0.000        ; 0.055      ; 0.551      ;
; 0.353 ; temporizador_descendente:U_TIMER_OPEN|contador[5]              ; temporizador_descendente:U_TIMER_OPEN|contador[5]              ; CLOCK_50     ; CLOCK_50    ; 0.000        ; 0.055      ; 0.552      ;
; 0.355 ; controlador_servo:U_SERVO|counter[19]                          ; controlador_servo:U_SERVO|counter[19]                          ; CLOCK_50     ; CLOCK_50    ; 0.000        ; 0.054      ; 0.553      ;
; 0.356 ; teclado_matricial_4x4:U_TECLADO|col_idx[0]                     ; teclado_matricial_4x4:U_TECLADO|col_idx[1]                     ; CLOCK_50     ; CLOCK_50    ; 0.000        ; 0.055      ; 0.555      ;
; 0.362 ; gestor_admin:U_ADMIN|write_step[2]                             ; gestor_admin:U_ADMIN|write_step[1]                             ; CLOCK_50     ; CLOCK_50    ; 0.000        ; 0.054      ; 0.560      ;
; 0.366 ; gestor_admin:U_ADMIN|write_step[0]                             ; gestor_admin:U_ADMIN|write_step[2]                             ; CLOCK_50     ; CLOCK_50    ; 0.000        ; 0.054      ; 0.564      ;
; 0.500 ; generador_tick_1s:U_TICK|contador[8]                           ; generador_tick_1s:U_TICK|contador[8]                           ; CLOCK_50     ; CLOCK_50    ; 0.000        ; 0.055      ; 0.699      ;
; 0.500 ; generador_tick_1s:U_TICK|contador[3]                           ; generador_tick_1s:U_TICK|contador[3]                           ; CLOCK_50     ; CLOCK_50    ; 0.000        ; 0.055      ; 0.699      ;
; 0.501 ; controlador_servo:U_SERVO|counter[13]                          ; controlador_servo:U_SERVO|counter[13]                          ; CLOCK_50     ; CLOCK_50    ; 0.000        ; 0.054      ; 0.699      ;
; 0.501 ; generador_tick_1s:U_TICK|contador[9]                           ; generador_tick_1s:U_TICK|contador[9]                           ; CLOCK_50     ; CLOCK_50    ; 0.000        ; 0.055      ; 0.700      ;
; 0.502 ; teclado_matricial_4x4:U_TECLADO|release_count[1]               ; teclado_matricial_4x4:U_TECLADO|release_count[1]               ; CLOCK_50     ; CLOCK_50    ; 0.000        ; 0.055      ; 0.701      ;
; 0.502 ; controlador_servo:U_SERVO|counter[1]                           ; controlador_servo:U_SERVO|counter[1]                           ; CLOCK_50     ; CLOCK_50    ; 0.000        ; 0.055      ; 0.701      ;
; 0.502 ; controlador_servo:U_SERVO|counter[3]                           ; controlador_servo:U_SERVO|counter[3]                           ; CLOCK_50     ; CLOCK_50    ; 0.000        ; 0.055      ; 0.701      ;
; 0.502 ; controlador_servo:U_SERVO|counter[11]                          ; controlador_servo:U_SERVO|counter[11]                          ; CLOCK_50     ; CLOCK_50    ; 0.000        ; 0.054      ; 0.700      ;
; 0.502 ; generador_tick_1s:U_TICK|contador[5]                           ; generador_tick_1s:U_TICK|contador[5]                           ; CLOCK_50     ; CLOCK_50    ; 0.000        ; 0.055      ; 0.701      ;
; 0.502 ; generador_tick_1s:U_TICK|contador[2]                           ; generador_tick_1s:U_TICK|contador[2]                           ; CLOCK_50     ; CLOCK_50    ; 0.000        ; 0.055      ; 0.701      ;
; 0.502 ; generador_tick_1s:U_TICK|contador[1]                           ; generador_tick_1s:U_TICK|contador[1]                           ; CLOCK_50     ; CLOCK_50    ; 0.000        ; 0.055      ; 0.701      ;
; 0.504 ; teclado_matricial_4x4:U_TECLADO|release_count[3]               ; teclado_matricial_4x4:U_TECLADO|release_count[3]               ; CLOCK_50     ; CLOCK_50    ; 0.000        ; 0.055      ; 0.703      ;
; 0.504 ; controlador_servo:U_SERVO|counter[12]                          ; controlador_servo:U_SERVO|counter[12]                          ; CLOCK_50     ; CLOCK_50    ; 0.000        ; 0.054      ; 0.702      ;
; 0.505 ; controlador_servo:U_SERVO|counter[2]                           ; controlador_servo:U_SERVO|counter[2]                           ; CLOCK_50     ; CLOCK_50    ; 0.000        ; 0.055      ; 0.704      ;
; 0.505 ; controlador_servo:U_SERVO|counter[5]                           ; controlador_servo:U_SERVO|counter[5]                           ; CLOCK_50     ; CLOCK_50    ; 0.000        ; 0.055      ; 0.704      ;
; 0.505 ; generador_tick_1s:U_TICK|contador[6]                           ; generador_tick_1s:U_TICK|contador[6]                           ; CLOCK_50     ; CLOCK_50    ; 0.000        ; 0.055      ; 0.704      ;
; 0.505 ; generador_tick_1s:U_TICK|contador[4]                           ; generador_tick_1s:U_TICK|contador[4]                           ; CLOCK_50     ; CLOCK_50    ; 0.000        ; 0.055      ; 0.704      ;
; 0.506 ; teclado_matricial_4x4:U_TECLADO|release_count[2]               ; teclado_matricial_4x4:U_TECLADO|release_count[2]               ; CLOCK_50     ; CLOCK_50    ; 0.000        ; 0.055      ; 0.705      ;
; 0.508 ; controlador_servo:U_SERVO|counter[6]                           ; controlador_servo:U_SERVO|counter[6]                           ; CLOCK_50     ; CLOCK_50    ; 0.000        ; 0.055      ; 0.707      ;
; 0.510 ; teclado_matricial_4x4:U_TECLADO|scan_div[13]                   ; teclado_matricial_4x4:U_TECLADO|scan_div[13]                   ; CLOCK_50     ; CLOCK_50    ; 0.000        ; 0.055      ; 0.709      ;
; 0.510 ; teclado_matricial_4x4:U_TECLADO|scan_div[3]                    ; teclado_matricial_4x4:U_TECLADO|scan_div[3]                    ; CLOCK_50     ; CLOCK_50    ; 0.000        ; 0.055      ; 0.709      ;
; 0.510 ; controlador_servo:U_SERVO|counter[8]                           ; controlador_servo:U_SERVO|counter[8]                           ; CLOCK_50     ; CLOCK_50    ; 0.000        ; 0.055      ; 0.709      ;
; 0.511 ; controlador_buzzer:U_BUZZER|contador[13]                       ; controlador_buzzer:U_BUZZER|contador[13]                       ; CLOCK_50     ; CLOCK_50    ; 0.000        ; 0.054      ; 0.709      ;
; 0.511 ; controlador_buzzer:U_BUZZER|contador[3]                        ; controlador_buzzer:U_BUZZER|contador[3]                        ; CLOCK_50     ; CLOCK_50    ; 0.000        ; 0.054      ; 0.709      ;
; 0.511 ; teclado_matricial_4x4:U_TECLADO|scan_div[11]                   ; teclado_matricial_4x4:U_TECLADO|scan_div[11]                   ; CLOCK_50     ; CLOCK_50    ; 0.000        ; 0.055      ; 0.710      ;
; 0.511 ; teclado_matricial_4x4:U_TECLADO|scan_div[5]                    ; teclado_matricial_4x4:U_TECLADO|scan_div[5]                    ; CLOCK_50     ; CLOCK_50    ; 0.000        ; 0.055      ; 0.710      ;
; 0.511 ; generador_tick_1s:U_TICK|contador[10]                          ; generador_tick_1s:U_TICK|contador[10]                          ; CLOCK_50     ; CLOCK_50    ; 0.000        ; 0.055      ; 0.710      ;
; 0.512 ; controlador_buzzer:U_BUZZER|contador[11]                       ; controlador_buzzer:U_BUZZER|contador[11]                       ; CLOCK_50     ; CLOCK_50    ; 0.000        ; 0.054      ; 0.710      ;
; 0.512 ; teclado_matricial_4x4:U_TECLADO|scan_div[1]                    ; teclado_matricial_4x4:U_TECLADO|scan_div[1]                    ; CLOCK_50     ; CLOCK_50    ; 0.000        ; 0.055      ; 0.711      ;
; 0.512 ; controlador_servo:U_SERVO|counter[4]                           ; controlador_servo:U_SERVO|counter[4]                           ; CLOCK_50     ; CLOCK_50    ; 0.000        ; 0.055      ; 0.711      ;
; 0.512 ; generador_tick_1s:U_TICK|contador[16]                          ; generador_tick_1s:U_TICK|contador[16]                          ; CLOCK_50     ; CLOCK_50    ; 0.000        ; 0.054      ; 0.710      ;
; 0.512 ; generador_tick_1s:U_TICK|contador[11]                          ; generador_tick_1s:U_TICK|contador[11]                          ; CLOCK_50     ; CLOCK_50    ; 0.000        ; 0.055      ; 0.711      ;
; 0.513 ; controlador_buzzer:U_BUZZER|contador[6]                        ; controlador_buzzer:U_BUZZER|contador[6]                        ; CLOCK_50     ; CLOCK_50    ; 0.000        ; 0.054      ; 0.711      ;
; 0.513 ; controlador_buzzer:U_BUZZER|contador[1]                        ; controlador_buzzer:U_BUZZER|contador[1]                        ; CLOCK_50     ; CLOCK_50    ; 0.000        ; 0.054      ; 0.711      ;
; 0.513 ; registro_clave_teclado:U_REGISTRO|d0[1]                        ; registro_clave_teclado:U_REGISTRO|d1[1]                        ; CLOCK_50     ; CLOCK_50    ; 0.000        ; 0.055      ; 0.712      ;
; 0.513 ; controlador_servo:U_SERVO|counter[7]                           ; controlador_servo:U_SERVO|counter[7]                           ; CLOCK_50     ; CLOCK_50    ; 0.000        ; 0.055      ; 0.712      ;
; 0.513 ; generador_tick_1s:U_TICK|contador[24]                          ; generador_tick_1s:U_TICK|contador[24]                          ; CLOCK_50     ; CLOCK_50    ; 0.000        ; 0.054      ; 0.711      ;
; 0.513 ; generador_tick_1s:U_TICK|contador[18]                          ; generador_tick_1s:U_TICK|contador[18]                          ; CLOCK_50     ; CLOCK_50    ; 0.000        ; 0.054      ; 0.711      ;
; 0.514 ; teclado_matricial_4x4:U_TECLADO|scan_div[7]                    ; teclado_matricial_4x4:U_TECLADO|scan_div[7]                    ; CLOCK_50     ; CLOCK_50    ; 0.000        ; 0.055      ; 0.713      ;
; 0.514 ; teclado_matricial_4x4:U_TECLADO|scan_div[2]                    ; teclado_matricial_4x4:U_TECLADO|scan_div[2]                    ; CLOCK_50     ; CLOCK_50    ; 0.000        ; 0.055      ; 0.713      ;
; 0.514 ; gestor_admin:U_ADMIN|estado.ESPERA                             ; modo_admin_prev_s                                              ; CLOCK_50     ; CLOCK_50    ; 0.000        ; 0.055      ; 0.713      ;
; 0.515 ; controlador_buzzer:U_BUZZER|contador[9]                        ; controlador_buzzer:U_BUZZER|contador[9]                        ; CLOCK_50     ; CLOCK_50    ; 0.000        ; 0.054      ; 0.713      ;
; 0.515 ; controlador_buzzer:U_BUZZER|contador[7]                        ; controlador_buzzer:U_BUZZER|contador[7]                        ; CLOCK_50     ; CLOCK_50    ; 0.000        ; 0.054      ; 0.713      ;
; 0.515 ; teclado_matricial_4x4:U_TECLADO|scan_div[12]                   ; teclado_matricial_4x4:U_TECLADO|scan_div[12]                   ; CLOCK_50     ; CLOCK_50    ; 0.000        ; 0.055      ; 0.714      ;
; 0.515 ; generador_tick_1s:U_TICK|contador[0]                           ; generador_tick_1s:U_TICK|contador[0]                           ; CLOCK_50     ; CLOCK_50    ; 0.000        ; 0.055      ; 0.714      ;
; 0.516 ; controlador_buzzer:U_BUZZER|contador[14]                       ; controlador_buzzer:U_BUZZER|contador[14]                       ; CLOCK_50     ; CLOCK_50    ; 0.000        ; 0.054      ; 0.714      ;
; 0.516 ; teclado_matricial_4x4:U_TECLADO|scan_div[10]                   ; teclado_matricial_4x4:U_TECLADO|scan_div[10]                   ; CLOCK_50     ; CLOCK_50    ; 0.000        ; 0.055      ; 0.715      ;
; 0.516 ; registro_clave_teclado:U_REGISTRO|contador[0]                  ; registro_clave_teclado:U_REGISTRO|contador[1]                  ; CLOCK_50     ; CLOCK_50    ; 0.000        ; 0.055      ; 0.715      ;
; 0.516 ; delay_sensor[0]                                                ; delay_sensor[1]                                                ; CLOCK_50     ; CLOCK_50    ; 0.000        ; 0.054      ; 0.714      ;
; 0.517 ; controlador_buzzer:U_BUZZER|contador[8]                        ; controlador_buzzer:U_BUZZER|contador[8]                        ; CLOCK_50     ; CLOCK_50    ; 0.000        ; 0.054      ; 0.715      ;
; 0.517 ; temporizador_descendente:U_TIMER_OPEN|contador[3]              ; temporizador_descendente:U_TIMER_OPEN|contador[3]              ; CLOCK_50     ; CLOCK_50    ; 0.000        ; 0.055      ; 0.716      ;
; 0.517 ; teclado_matricial_4x4:U_TECLADO|release_count[0]               ; teclado_matricial_4x4:U_TECLADO|release_count[0]               ; CLOCK_50     ; CLOCK_50    ; 0.000        ; 0.055      ; 0.716      ;
; 0.517 ; controlador_servo:U_SERVO|counter[0]                           ; controlador_servo:U_SERVO|counter[0]                           ; CLOCK_50     ; CLOCK_50    ; 0.000        ; 0.055      ; 0.716      ;
; 0.517 ; controlador_servo:U_SERVO|counter[9]                           ; controlador_servo:U_SERVO|counter[9]                           ; CLOCK_50     ; CLOCK_50    ; 0.000        ; 0.055      ; 0.716      ;
; 0.518 ; temporizador_descendente:U_TIMER_OPEN|contador[4]              ; temporizador_descendente:U_TIMER_OPEN|contador[4]              ; CLOCK_50     ; CLOCK_50    ; 0.000        ; 0.055      ; 0.717      ;
; 0.518 ; temporizador_descendente:U_TIMER_BLOQUEO|contador[4]           ; temporizador_descendente:U_TIMER_BLOQUEO|contador[4]           ; CLOCK_50     ; CLOCK_50    ; 0.000        ; 0.055      ; 0.717      ;
; 0.520 ; registro_clave_teclado:U_REGISTRO|d2[3]                        ; registro_clave_teclado:U_REGISTRO|d3[3]                        ; CLOCK_50     ; CLOCK_50    ; 0.000        ; 0.055      ; 0.719      ;
; 0.520 ; controlador_servo:U_SERVO|counter[15]                          ; controlador_servo:U_SERVO|counter[15]                          ; CLOCK_50     ; CLOCK_50    ; 0.000        ; 0.054      ; 0.718      ;
+-------+----------------------------------------------------------------+----------------------------------------------------------------+--------------+-------------+--------------+------------+------------+


+---------------------------------------------------------------------------------------------------------------------------------------------------------------------------------+
; Slow 1200mV 0C Model Recovery: 'CLOCK_50'                                                                                                                                       ;
+--------+-------------------------------------------------------+------------------------------------------+--------------+-------------+--------------+------------+------------+
; Slack  ; From Node                                             ; To Node                                  ; Launch Clock ; Latch Clock ; Relationship ; Clock Skew ; Data Delay ;
+--------+-------------------------------------------------------+------------------------------------------+--------------+-------------+--------------+------------+------------+
; -0.916 ; maquina_estados_principal:U_FSM|estado_actual.BLOQUEO ; controlador_buzzer:U_BUZZER|contador[11] ; CLOCK_50     ; CLOCK_50    ; 1.000        ; -0.071     ; 1.840      ;
; -0.916 ; maquina_estados_principal:U_FSM|estado_actual.BLOQUEO ; controlador_buzzer:U_BUZZER|contador[14] ; CLOCK_50     ; CLOCK_50    ; 1.000        ; -0.071     ; 1.840      ;
; -0.916 ; maquina_estados_principal:U_FSM|estado_actual.BLOQUEO ; controlador_buzzer:U_BUZZER|contador[13] ; CLOCK_50     ; CLOCK_50    ; 1.000        ; -0.071     ; 1.840      ;
; -0.916 ; maquina_estados_principal:U_FSM|estado_actual.BLOQUEO ; controlador_buzzer:U_BUZZER|contador[9]  ; CLOCK_50     ; CLOCK_50    ; 1.000        ; -0.071     ; 1.840      ;
; -0.916 ; maquina_estados_principal:U_FSM|estado_actual.BLOQUEO ; controlador_buzzer:U_BUZZER|contador[8]  ; CLOCK_50     ; CLOCK_50    ; 1.000        ; -0.071     ; 1.840      ;
; -0.916 ; maquina_estados_principal:U_FSM|estado_actual.BLOQUEO ; controlador_buzzer:U_BUZZER|contador[7]  ; CLOCK_50     ; CLOCK_50    ; 1.000        ; -0.071     ; 1.840      ;
; -0.916 ; maquina_estados_principal:U_FSM|estado_actual.BLOQUEO ; controlador_buzzer:U_BUZZER|contador[6]  ; CLOCK_50     ; CLOCK_50    ; 1.000        ; -0.071     ; 1.840      ;
; -0.916 ; maquina_estados_principal:U_FSM|estado_actual.BLOQUEO ; controlador_buzzer:U_BUZZER|contador[3]  ; CLOCK_50     ; CLOCK_50    ; 1.000        ; -0.071     ; 1.840      ;
; -0.916 ; maquina_estados_principal:U_FSM|estado_actual.BLOQUEO ; controlador_buzzer:U_BUZZER|contador[1]  ; CLOCK_50     ; CLOCK_50    ; 1.000        ; -0.071     ; 1.840      ;
; -0.887 ; maquina_estados_principal:U_FSM|estado_actual.BLOQUEO ; controlador_buzzer:U_BUZZER|beep_i       ; CLOCK_50     ; CLOCK_50    ; 1.000        ; -0.055     ; 1.827      ;
; -0.887 ; maquina_estados_principal:U_FSM|estado_actual.BLOQUEO ; controlador_buzzer:U_BUZZER|contador[2]  ; CLOCK_50     ; CLOCK_50    ; 1.000        ; -0.055     ; 1.827      ;
; -0.887 ; maquina_estados_principal:U_FSM|estado_actual.BLOQUEO ; controlador_buzzer:U_BUZZER|contador[15] ; CLOCK_50     ; CLOCK_50    ; 1.000        ; -0.055     ; 1.827      ;
; -0.770 ; gestor_admin:U_ADMIN|estado.ESPERA                    ; controlador_buzzer:U_BUZZER|contador[11] ; CLOCK_50     ; CLOCK_50    ; 1.000        ; -0.071     ; 1.694      ;
; -0.770 ; gestor_admin:U_ADMIN|estado.ESPERA                    ; controlador_buzzer:U_BUZZER|contador[14] ; CLOCK_50     ; CLOCK_50    ; 1.000        ; -0.071     ; 1.694      ;
; -0.770 ; gestor_admin:U_ADMIN|estado.ESPERA                    ; controlador_buzzer:U_BUZZER|contador[13] ; CLOCK_50     ; CLOCK_50    ; 1.000        ; -0.071     ; 1.694      ;
; -0.770 ; gestor_admin:U_ADMIN|estado.ESPERA                    ; controlador_buzzer:U_BUZZER|contador[9]  ; CLOCK_50     ; CLOCK_50    ; 1.000        ; -0.071     ; 1.694      ;
; -0.770 ; gestor_admin:U_ADMIN|estado.ESPERA                    ; controlador_buzzer:U_BUZZER|contador[8]  ; CLOCK_50     ; CLOCK_50    ; 1.000        ; -0.071     ; 1.694      ;
; -0.770 ; gestor_admin:U_ADMIN|estado.ESPERA                    ; controlador_buzzer:U_BUZZER|contador[7]  ; CLOCK_50     ; CLOCK_50    ; 1.000        ; -0.071     ; 1.694      ;
; -0.770 ; gestor_admin:U_ADMIN|estado.ESPERA                    ; controlador_buzzer:U_BUZZER|contador[6]  ; CLOCK_50     ; CLOCK_50    ; 1.000        ; -0.071     ; 1.694      ;
; -0.770 ; gestor_admin:U_ADMIN|estado.ESPERA                    ; controlador_buzzer:U_BUZZER|contador[3]  ; CLOCK_50     ; CLOCK_50    ; 1.000        ; -0.071     ; 1.694      ;
; -0.770 ; gestor_admin:U_ADMIN|estado.ESPERA                    ; controlador_buzzer:U_BUZZER|contador[1]  ; CLOCK_50     ; CLOCK_50    ; 1.000        ; -0.071     ; 1.694      ;
; -0.741 ; gestor_admin:U_ADMIN|estado.ESPERA                    ; controlador_buzzer:U_BUZZER|beep_i       ; CLOCK_50     ; CLOCK_50    ; 1.000        ; -0.055     ; 1.681      ;
; -0.741 ; gestor_admin:U_ADMIN|estado.ESPERA                    ; controlador_buzzer:U_BUZZER|contador[2]  ; CLOCK_50     ; CLOCK_50    ; 1.000        ; -0.055     ; 1.681      ;
; -0.741 ; gestor_admin:U_ADMIN|estado.ESPERA                    ; controlador_buzzer:U_BUZZER|contador[15] ; CLOCK_50     ; CLOCK_50    ; 1.000        ; -0.055     ; 1.681      ;
; -0.716 ; maquina_estados_principal:U_FSM|estado_actual.BLOQUEO ; controlador_buzzer:U_BUZZER|contador[0]  ; CLOCK_50     ; CLOCK_50    ; 1.000        ; -0.055     ; 1.656      ;
; -0.716 ; maquina_estados_principal:U_FSM|estado_actual.BLOQUEO ; controlador_buzzer:U_BUZZER|contador[10] ; CLOCK_50     ; CLOCK_50    ; 1.000        ; -0.055     ; 1.656      ;
; -0.716 ; maquina_estados_principal:U_FSM|estado_actual.BLOQUEO ; controlador_buzzer:U_BUZZER|contador[4]  ; CLOCK_50     ; CLOCK_50    ; 1.000        ; -0.055     ; 1.656      ;
; -0.716 ; maquina_estados_principal:U_FSM|estado_actual.BLOQUEO ; controlador_buzzer:U_BUZZER|contador[5]  ; CLOCK_50     ; CLOCK_50    ; 1.000        ; -0.055     ; 1.656      ;
; -0.716 ; maquina_estados_principal:U_FSM|estado_actual.BLOQUEO ; controlador_buzzer:U_BUZZER|contador[12] ; CLOCK_50     ; CLOCK_50    ; 1.000        ; -0.055     ; 1.656      ;
; -0.637 ; modo_admin_prev_s                                     ; controlador_buzzer:U_BUZZER|contador[11] ; CLOCK_50     ; CLOCK_50    ; 1.000        ; -0.071     ; 1.561      ;
; -0.637 ; modo_admin_prev_s                                     ; controlador_buzzer:U_BUZZER|contador[14] ; CLOCK_50     ; CLOCK_50    ; 1.000        ; -0.071     ; 1.561      ;
; -0.637 ; modo_admin_prev_s                                     ; controlador_buzzer:U_BUZZER|contador[13] ; CLOCK_50     ; CLOCK_50    ; 1.000        ; -0.071     ; 1.561      ;
; -0.637 ; modo_admin_prev_s                                     ; controlador_buzzer:U_BUZZER|contador[9]  ; CLOCK_50     ; CLOCK_50    ; 1.000        ; -0.071     ; 1.561      ;
; -0.637 ; modo_admin_prev_s                                     ; controlador_buzzer:U_BUZZER|contador[8]  ; CLOCK_50     ; CLOCK_50    ; 1.000        ; -0.071     ; 1.561      ;
; -0.637 ; modo_admin_prev_s                                     ; controlador_buzzer:U_BUZZER|contador[7]  ; CLOCK_50     ; CLOCK_50    ; 1.000        ; -0.071     ; 1.561      ;
; -0.637 ; modo_admin_prev_s                                     ; controlador_buzzer:U_BUZZER|contador[6]  ; CLOCK_50     ; CLOCK_50    ; 1.000        ; -0.071     ; 1.561      ;
; -0.637 ; modo_admin_prev_s                                     ; controlador_buzzer:U_BUZZER|contador[3]  ; CLOCK_50     ; CLOCK_50    ; 1.000        ; -0.071     ; 1.561      ;
; -0.637 ; modo_admin_prev_s                                     ; controlador_buzzer:U_BUZZER|contador[1]  ; CLOCK_50     ; CLOCK_50    ; 1.000        ; -0.071     ; 1.561      ;
; -0.607 ; modo_admin_prev_s                                     ; controlador_buzzer:U_BUZZER|beep_i       ; CLOCK_50     ; CLOCK_50    ; 1.000        ; -0.055     ; 1.547      ;
; -0.607 ; modo_admin_prev_s                                     ; controlador_buzzer:U_BUZZER|contador[2]  ; CLOCK_50     ; CLOCK_50    ; 1.000        ; -0.055     ; 1.547      ;
; -0.607 ; modo_admin_prev_s                                     ; controlador_buzzer:U_BUZZER|contador[15] ; CLOCK_50     ; CLOCK_50    ; 1.000        ; -0.055     ; 1.547      ;
; -0.570 ; gestor_admin:U_ADMIN|estado.ESPERA                    ; controlador_buzzer:U_BUZZER|contador[0]  ; CLOCK_50     ; CLOCK_50    ; 1.000        ; -0.055     ; 1.510      ;
; -0.570 ; gestor_admin:U_ADMIN|estado.ESPERA                    ; controlador_buzzer:U_BUZZER|contador[10] ; CLOCK_50     ; CLOCK_50    ; 1.000        ; -0.055     ; 1.510      ;
; -0.570 ; gestor_admin:U_ADMIN|estado.ESPERA                    ; controlador_buzzer:U_BUZZER|contador[4]  ; CLOCK_50     ; CLOCK_50    ; 1.000        ; -0.055     ; 1.510      ;
; -0.570 ; gestor_admin:U_ADMIN|estado.ESPERA                    ; controlador_buzzer:U_BUZZER|contador[5]  ; CLOCK_50     ; CLOCK_50    ; 1.000        ; -0.055     ; 1.510      ;
; -0.570 ; gestor_admin:U_ADMIN|estado.ESPERA                    ; controlador_buzzer:U_BUZZER|contador[12] ; CLOCK_50     ; CLOCK_50    ; 1.000        ; -0.055     ; 1.510      ;
; -0.441 ; modo_admin_prev_s                                     ; controlador_buzzer:U_BUZZER|contador[0]  ; CLOCK_50     ; CLOCK_50    ; 1.000        ; -0.055     ; 1.381      ;
; -0.441 ; modo_admin_prev_s                                     ; controlador_buzzer:U_BUZZER|contador[10] ; CLOCK_50     ; CLOCK_50    ; 1.000        ; -0.055     ; 1.381      ;
; -0.441 ; modo_admin_prev_s                                     ; controlador_buzzer:U_BUZZER|contador[4]  ; CLOCK_50     ; CLOCK_50    ; 1.000        ; -0.055     ; 1.381      ;
; -0.441 ; modo_admin_prev_s                                     ; controlador_buzzer:U_BUZZER|contador[5]  ; CLOCK_50     ; CLOCK_50    ; 1.000        ; -0.055     ; 1.381      ;
; -0.441 ; modo_admin_prev_s                                     ; controlador_buzzer:U_BUZZER|contador[12] ; CLOCK_50     ; CLOCK_50    ; 1.000        ; -0.055     ; 1.381      ;
+--------+-------------------------------------------------------+------------------------------------------+--------------+-------------+--------------+------------+------------+


+--------------------------------------------------------------------------------------------------------------------------------------------------------------------------------+
; Slow 1200mV 0C Model Removal: 'CLOCK_50'                                                                                                                                       ;
+-------+-------------------------------------------------------+------------------------------------------+--------------+-------------+--------------+------------+------------+
; Slack ; From Node                                             ; To Node                                  ; Launch Clock ; Latch Clock ; Relationship ; Clock Skew ; Data Delay ;
+-------+-------------------------------------------------------+------------------------------------------+--------------+-------------+--------------+------------+------------+
; 1.065 ; modo_admin_prev_s                                     ; controlador_buzzer:U_BUZZER|contador[0]  ; CLOCK_50     ; CLOCK_50    ; 0.000        ; 0.055      ; 1.264      ;
; 1.065 ; modo_admin_prev_s                                     ; controlador_buzzer:U_BUZZER|contador[10] ; CLOCK_50     ; CLOCK_50    ; 0.000        ; 0.055      ; 1.264      ;
; 1.065 ; modo_admin_prev_s                                     ; controlador_buzzer:U_BUZZER|contador[4]  ; CLOCK_50     ; CLOCK_50    ; 0.000        ; 0.055      ; 1.264      ;
; 1.065 ; modo_admin_prev_s                                     ; controlador_buzzer:U_BUZZER|contador[5]  ; CLOCK_50     ; CLOCK_50    ; 0.000        ; 0.055      ; 1.264      ;
; 1.065 ; modo_admin_prev_s                                     ; controlador_buzzer:U_BUZZER|contador[12] ; CLOCK_50     ; CLOCK_50    ; 0.000        ; 0.055      ; 1.264      ;
; 1.199 ; gestor_admin:U_ADMIN|estado.ESPERA                    ; controlador_buzzer:U_BUZZER|contador[0]  ; CLOCK_50     ; CLOCK_50    ; 0.000        ; 0.055      ; 1.398      ;
; 1.199 ; gestor_admin:U_ADMIN|estado.ESPERA                    ; controlador_buzzer:U_BUZZER|contador[10] ; CLOCK_50     ; CLOCK_50    ; 0.000        ; 0.055      ; 1.398      ;
; 1.199 ; gestor_admin:U_ADMIN|estado.ESPERA                    ; controlador_buzzer:U_BUZZER|contador[4]  ; CLOCK_50     ; CLOCK_50    ; 0.000        ; 0.055      ; 1.398      ;
; 1.199 ; gestor_admin:U_ADMIN|estado.ESPERA                    ; controlador_buzzer:U_BUZZER|contador[5]  ; CLOCK_50     ; CLOCK_50    ; 0.000        ; 0.055      ; 1.398      ;
; 1.199 ; gestor_admin:U_ADMIN|estado.ESPERA                    ; controlador_buzzer:U_BUZZER|contador[12] ; CLOCK_50     ; CLOCK_50    ; 0.000        ; 0.055      ; 1.398      ;
; 1.230 ; modo_admin_prev_s                                     ; controlador_buzzer:U_BUZZER|beep_i       ; CLOCK_50     ; CLOCK_50    ; 0.000        ; 0.055      ; 1.429      ;
; 1.230 ; modo_admin_prev_s                                     ; controlador_buzzer:U_BUZZER|contador[2]  ; CLOCK_50     ; CLOCK_50    ; 0.000        ; 0.055      ; 1.429      ;
; 1.230 ; modo_admin_prev_s                                     ; controlador_buzzer:U_BUZZER|contador[15] ; CLOCK_50     ; CLOCK_50    ; 0.000        ; 0.055      ; 1.429      ;
; 1.232 ; modo_admin_prev_s                                     ; controlador_buzzer:U_BUZZER|contador[11] ; CLOCK_50     ; CLOCK_50    ; 0.000        ; 0.064      ; 1.440      ;
; 1.232 ; modo_admin_prev_s                                     ; controlador_buzzer:U_BUZZER|contador[14] ; CLOCK_50     ; CLOCK_50    ; 0.000        ; 0.064      ; 1.440      ;
; 1.232 ; modo_admin_prev_s                                     ; controlador_buzzer:U_BUZZER|contador[13] ; CLOCK_50     ; CLOCK_50    ; 0.000        ; 0.064      ; 1.440      ;
; 1.232 ; modo_admin_prev_s                                     ; controlador_buzzer:U_BUZZER|contador[9]  ; CLOCK_50     ; CLOCK_50    ; 0.000        ; 0.064      ; 1.440      ;
; 1.232 ; modo_admin_prev_s                                     ; controlador_buzzer:U_BUZZER|contador[8]  ; CLOCK_50     ; CLOCK_50    ; 0.000        ; 0.064      ; 1.440      ;
; 1.232 ; modo_admin_prev_s                                     ; controlador_buzzer:U_BUZZER|contador[7]  ; CLOCK_50     ; CLOCK_50    ; 0.000        ; 0.064      ; 1.440      ;
; 1.232 ; modo_admin_prev_s                                     ; controlador_buzzer:U_BUZZER|contador[6]  ; CLOCK_50     ; CLOCK_50    ; 0.000        ; 0.064      ; 1.440      ;
; 1.232 ; modo_admin_prev_s                                     ; controlador_buzzer:U_BUZZER|contador[3]  ; CLOCK_50     ; CLOCK_50    ; 0.000        ; 0.064      ; 1.440      ;
; 1.232 ; modo_admin_prev_s                                     ; controlador_buzzer:U_BUZZER|contador[1]  ; CLOCK_50     ; CLOCK_50    ; 0.000        ; 0.064      ; 1.440      ;
; 1.286 ; maquina_estados_principal:U_FSM|estado_actual.BLOQUEO ; controlador_buzzer:U_BUZZER|contador[0]  ; CLOCK_50     ; CLOCK_50    ; 0.000        ; 0.055      ; 1.485      ;
; 1.286 ; maquina_estados_principal:U_FSM|estado_actual.BLOQUEO ; controlador_buzzer:U_BUZZER|contador[10] ; CLOCK_50     ; CLOCK_50    ; 0.000        ; 0.055      ; 1.485      ;
; 1.286 ; maquina_estados_principal:U_FSM|estado_actual.BLOQUEO ; controlador_buzzer:U_BUZZER|contador[4]  ; CLOCK_50     ; CLOCK_50    ; 0.000        ; 0.055      ; 1.485      ;
; 1.286 ; maquina_estados_principal:U_FSM|estado_actual.BLOQUEO ; controlador_buzzer:U_BUZZER|contador[5]  ; CLOCK_50     ; CLOCK_50    ; 0.000        ; 0.055      ; 1.485      ;
; 1.286 ; maquina_estados_principal:U_FSM|estado_actual.BLOQUEO ; controlador_buzzer:U_BUZZER|contador[12] ; CLOCK_50     ; CLOCK_50    ; 0.000        ; 0.055      ; 1.485      ;
; 1.358 ; gestor_admin:U_ADMIN|estado.ESPERA                    ; controlador_buzzer:U_BUZZER|beep_i       ; CLOCK_50     ; CLOCK_50    ; 0.000        ; 0.055      ; 1.557      ;
; 1.358 ; gestor_admin:U_ADMIN|estado.ESPERA                    ; controlador_buzzer:U_BUZZER|contador[2]  ; CLOCK_50     ; CLOCK_50    ; 0.000        ; 0.055      ; 1.557      ;
; 1.358 ; gestor_admin:U_ADMIN|estado.ESPERA                    ; controlador_buzzer:U_BUZZER|contador[15] ; CLOCK_50     ; CLOCK_50    ; 0.000        ; 0.055      ; 1.557      ;
; 1.363 ; gestor_admin:U_ADMIN|estado.ESPERA                    ; controlador_buzzer:U_BUZZER|contador[11] ; CLOCK_50     ; CLOCK_50    ; 0.000        ; 0.064      ; 1.571      ;
; 1.363 ; gestor_admin:U_ADMIN|estado.ESPERA                    ; controlador_buzzer:U_BUZZER|contador[14] ; CLOCK_50     ; CLOCK_50    ; 0.000        ; 0.064      ; 1.571      ;
; 1.363 ; gestor_admin:U_ADMIN|estado.ESPERA                    ; controlador_buzzer:U_BUZZER|contador[13] ; CLOCK_50     ; CLOCK_50    ; 0.000        ; 0.064      ; 1.571      ;
; 1.363 ; gestor_admin:U_ADMIN|estado.ESPERA                    ; controlador_buzzer:U_BUZZER|contador[9]  ; CLOCK_50     ; CLOCK_50    ; 0.000        ; 0.064      ; 1.571      ;
; 1.363 ; gestor_admin:U_ADMIN|estado.ESPERA                    ; controlador_buzzer:U_BUZZER|contador[8]  ; CLOCK_50     ; CLOCK_50    ; 0.000        ; 0.064      ; 1.571      ;
; 1.363 ; gestor_admin:U_ADMIN|estado.ESPERA                    ; controlador_buzzer:U_BUZZER|contador[7]  ; CLOCK_50     ; CLOCK_50    ; 0.000        ; 0.064      ; 1.571      ;
; 1.363 ; gestor_admin:U_ADMIN|estado.ESPERA                    ; controlador_buzzer:U_BUZZER|contador[6]  ; CLOCK_50     ; CLOCK_50    ; 0.000        ; 0.064      ; 1.571      ;
; 1.363 ; gestor_admin:U_ADMIN|estado.ESPERA                    ; controlador_buzzer:U_BUZZER|contador[3]  ; CLOCK_50     ; CLOCK_50    ; 0.000        ; 0.064      ; 1.571      ;
; 1.363 ; gestor_admin:U_ADMIN|estado.ESPERA                    ; controlador_buzzer:U_BUZZER|contador[1]  ; CLOCK_50     ; CLOCK_50    ; 0.000        ; 0.064      ; 1.571      ;
; 1.445 ; maquina_estados_principal:U_FSM|estado_actual.BLOQUEO ; controlador_buzzer:U_BUZZER|beep_i       ; CLOCK_50     ; CLOCK_50    ; 0.000        ; 0.055      ; 1.644      ;
; 1.445 ; maquina_estados_principal:U_FSM|estado_actual.BLOQUEO ; controlador_buzzer:U_BUZZER|contador[2]  ; CLOCK_50     ; CLOCK_50    ; 0.000        ; 0.055      ; 1.644      ;
; 1.445 ; maquina_estados_principal:U_FSM|estado_actual.BLOQUEO ; controlador_buzzer:U_BUZZER|contador[15] ; CLOCK_50     ; CLOCK_50    ; 0.000        ; 0.055      ; 1.644      ;
; 1.450 ; maquina_estados_principal:U_FSM|estado_actual.BLOQUEO ; controlador_buzzer:U_BUZZER|contador[11] ; CLOCK_50     ; CLOCK_50    ; 0.000        ; 0.064      ; 1.658      ;
; 1.450 ; maquina_estados_principal:U_FSM|estado_actual.BLOQUEO ; controlador_buzzer:U_BUZZER|contador[14] ; CLOCK_50     ; CLOCK_50    ; 0.000        ; 0.064      ; 1.658      ;
; 1.450 ; maquina_estados_principal:U_FSM|estado_actual.BLOQUEO ; controlador_buzzer:U_BUZZER|contador[13] ; CLOCK_50     ; CLOCK_50    ; 0.000        ; 0.064      ; 1.658      ;
; 1.450 ; maquina_estados_principal:U_FSM|estado_actual.BLOQUEO ; controlador_buzzer:U_BUZZER|contador[9]  ; CLOCK_50     ; CLOCK_50    ; 0.000        ; 0.064      ; 1.658      ;
; 1.450 ; maquina_estados_principal:U_FSM|estado_actual.BLOQUEO ; controlador_buzzer:U_BUZZER|contador[8]  ; CLOCK_50     ; CLOCK_50    ; 0.000        ; 0.064      ; 1.658      ;
; 1.450 ; maquina_estados_principal:U_FSM|estado_actual.BLOQUEO ; controlador_buzzer:U_BUZZER|contador[7]  ; CLOCK_50     ; CLOCK_50    ; 0.000        ; 0.064      ; 1.658      ;
; 1.450 ; maquina_estados_principal:U_FSM|estado_actual.BLOQUEO ; controlador_buzzer:U_BUZZER|contador[6]  ; CLOCK_50     ; CLOCK_50    ; 0.000        ; 0.064      ; 1.658      ;
; 1.450 ; maquina_estados_principal:U_FSM|estado_actual.BLOQUEO ; controlador_buzzer:U_BUZZER|contador[3]  ; CLOCK_50     ; CLOCK_50    ; 0.000        ; 0.064      ; 1.658      ;
; 1.450 ; maquina_estados_principal:U_FSM|estado_actual.BLOQUEO ; controlador_buzzer:U_BUZZER|contador[1]  ; CLOCK_50     ; CLOCK_50    ; 0.000        ; 0.064      ; 1.658      ;
+-------+-------------------------------------------------------+------------------------------------------+--------------+-------------+--------------+------------+------------+


+----------------------------------------------------------------------------------------------------------------------------------------------+
; Slow 1200mV 0C Model Minimum Pulse Width: 'CLOCK_50'                                                                                         ;
+--------+--------------+----------------+------------+----------+------------+----------------------------------------------------------------+
; Slack  ; Actual Width ; Required Width ; Type       ; Clock    ; Clock Edge ; Target                                                         ;
+--------+--------------+----------------+------------+----------+------------+----------------------------------------------------------------+
; -3.000 ; 1.000        ; 4.000          ; Port Rate  ; CLOCK_50 ; Rise       ; CLOCK_50                                                       ;
; -1.000 ; 1.000        ; 2.000          ; Min Period ; CLOCK_50 ; Rise       ; comparador_clave_4_digitos:U_GESTOR|addr_rd[0]                 ;
; -1.000 ; 1.000        ; 2.000          ; Min Period ; CLOCK_50 ; Rise       ; comparador_clave_4_digitos:U_GESTOR|addr_rd[1]                 ;
; -1.000 ; 1.000        ; 2.000          ; Min Period ; CLOCK_50 ; Rise       ; comparador_clave_4_digitos:U_GESTOR|addr_rd[2]                 ;
; -1.000 ; 1.000        ; 2.000          ; Min Period ; CLOCK_50 ; Rise       ; comparador_clave_4_digitos:U_GESTOR|addr_rd[3]                 ;
; -1.000 ; 1.000        ; 2.000          ; Min Period ; CLOCK_50 ; Rise       ; comparador_clave_4_digitos:U_GESTOR|addr_rd[4]                 ;
; -1.000 ; 1.000        ; 2.000          ; Min Period ; CLOCK_50 ; Rise       ; comparador_clave_4_digitos:U_GESTOR|addr_rd[5]                 ;
; -1.000 ; 1.000        ; 2.000          ; Min Period ; CLOCK_50 ; Rise       ; comparador_clave_4_digitos:U_GESTOR|base_addr_reg[1]           ;
; -1.000 ; 1.000        ; 2.000          ; Min Period ; CLOCK_50 ; Rise       ; comparador_clave_4_digitos:U_GESTOR|base_addr_reg[2]           ;
; -1.000 ; 1.000        ; 2.000          ; Min Period ; CLOCK_50 ; Rise       ; comparador_clave_4_digitos:U_GESTOR|base_addr_reg[3]           ;
; -1.000 ; 1.000        ; 2.000          ; Min Period ; CLOCK_50 ; Rise       ; comparador_clave_4_digitos:U_GESTOR|base_addr_reg[4]           ;
; -1.000 ; 1.000        ; 2.000          ; Min Period ; CLOCK_50 ; Rise       ; comparador_clave_4_digitos:U_GESTOR|d0_ram[0]                  ;
; -1.000 ; 1.000        ; 2.000          ; Min Period ; CLOCK_50 ; Rise       ; comparador_clave_4_digitos:U_GESTOR|d0_ram[1]                  ;
; -1.000 ; 1.000        ; 2.000          ; Min Period ; CLOCK_50 ; Rise       ; comparador_clave_4_digitos:U_GESTOR|d0_ram[2]                  ;
; -1.000 ; 1.000        ; 2.000          ; Min Period ; CLOCK_50 ; Rise       ; comparador_clave_4_digitos:U_GESTOR|d0_ram[3]                  ;
; -1.000 ; 1.000        ; 2.000          ; Min Period ; CLOCK_50 ; Rise       ; comparador_clave_4_digitos:U_GESTOR|d1_ram[0]                  ;
; -1.000 ; 1.000        ; 2.000          ; Min Period ; CLOCK_50 ; Rise       ; comparador_clave_4_digitos:U_GESTOR|d1_ram[1]                  ;
; -1.000 ; 1.000        ; 2.000          ; Min Period ; CLOCK_50 ; Rise       ; comparador_clave_4_digitos:U_GESTOR|d1_ram[2]                  ;
; -1.000 ; 1.000        ; 2.000          ; Min Period ; CLOCK_50 ; Rise       ; comparador_clave_4_digitos:U_GESTOR|d1_ram[3]                  ;
; -1.000 ; 1.000        ; 2.000          ; Min Period ; CLOCK_50 ; Rise       ; comparador_clave_4_digitos:U_GESTOR|d2_ram[0]                  ;
; -1.000 ; 1.000        ; 2.000          ; Min Period ; CLOCK_50 ; Rise       ; comparador_clave_4_digitos:U_GESTOR|d2_ram[1]                  ;
; -1.000 ; 1.000        ; 2.000          ; Min Period ; CLOCK_50 ; Rise       ; comparador_clave_4_digitos:U_GESTOR|d2_ram[2]                  ;
; -1.000 ; 1.000        ; 2.000          ; Min Period ; CLOCK_50 ; Rise       ; comparador_clave_4_digitos:U_GESTOR|d2_ram[3]                  ;
; -1.000 ; 1.000        ; 2.000          ; Min Period ; CLOCK_50 ; Rise       ; comparador_clave_4_digitos:U_GESTOR|d3_ram[0]                  ;
; -1.000 ; 1.000        ; 2.000          ; Min Period ; CLOCK_50 ; Rise       ; comparador_clave_4_digitos:U_GESTOR|d3_ram[1]                  ;
; -1.000 ; 1.000        ; 2.000          ; Min Period ; CLOCK_50 ; Rise       ; comparador_clave_4_digitos:U_GESTOR|d3_ram[2]                  ;
; -1.000 ; 1.000        ; 2.000          ; Min Period ; CLOCK_50 ; Rise       ; comparador_clave_4_digitos:U_GESTOR|d3_ram[3]                  ;
; -1.000 ; 1.000        ; 2.000          ; Min Period ; CLOCK_50 ; Rise       ; comparador_clave_4_digitos:U_GESTOR|es_admin                   ;
; -1.000 ; 1.000        ; 2.000          ; Min Period ; CLOCK_50 ; Rise       ; comparador_clave_4_digitos:U_GESTOR|estado_rd.ESPERA_SELECCION ;
; -1.000 ; 1.000        ; 2.000          ; Min Period ; CLOCK_50 ; Rise       ; comparador_clave_4_digitos:U_GESTOR|estado_rd.LEE_D0           ;
; -1.000 ; 1.000        ; 2.000          ; Min Period ; CLOCK_50 ; Rise       ; comparador_clave_4_digitos:U_GESTOR|estado_rd.LEE_D1           ;
; -1.000 ; 1.000        ; 2.000          ; Min Period ; CLOCK_50 ; Rise       ; comparador_clave_4_digitos:U_GESTOR|estado_rd.LEE_D2           ;
; -1.000 ; 1.000        ; 2.000          ; Min Period ; CLOCK_50 ; Rise       ; comparador_clave_4_digitos:U_GESTOR|estado_rd.LEE_D3           ;
; -1.000 ; 1.000        ; 2.000          ; Min Period ; CLOCK_50 ; Rise       ; comparador_clave_4_digitos:U_GESTOR|estado_rd.LEE_HOR          ;
; -1.000 ; 1.000        ; 2.000          ; Min Period ; CLOCK_50 ; Rise       ; comparador_clave_4_digitos:U_GESTOR|estado_rd.LEE_ID           ;
; -1.000 ; 1.000        ; 2.000          ; Min Period ; CLOCK_50 ; Rise       ; comparador_clave_4_digitos:U_GESTOR|estado_rd.LISTO            ;
; -1.000 ; 1.000        ; 2.000          ; Min Period ; CLOCK_50 ; Rise       ; comparador_clave_4_digitos:U_GESTOR|hay_usuario                ;
; -1.000 ; 1.000        ; 2.000          ; Min Period ; CLOCK_50 ; Rise       ; comparador_clave_4_digitos:U_GESTOR|horario_ram[0]             ;
; -1.000 ; 1.000        ; 2.000          ; Min Period ; CLOCK_50 ; Rise       ; comparador_clave_4_digitos:U_GESTOR|horario_ram[1]             ;
; -1.000 ; 1.000        ; 2.000          ; Min Period ; CLOCK_50 ; Rise       ; comparador_clave_4_digitos:U_GESTOR|id_ram[0]                  ;
; -1.000 ; 1.000        ; 2.000          ; Min Period ; CLOCK_50 ; Rise       ; comparador_clave_4_digitos:U_GESTOR|id_ram[1]                  ;
; -1.000 ; 1.000        ; 2.000          ; Min Period ; CLOCK_50 ; Rise       ; comparador_clave_4_digitos:U_GESTOR|id_ram[2]                  ;
; -1.000 ; 1.000        ; 2.000          ; Min Period ; CLOCK_50 ; Rise       ; comparador_clave_4_digitos:U_GESTOR|id_ram[3]                  ;
; -1.000 ; 1.000        ; 2.000          ; Min Period ; CLOCK_50 ; Rise       ; comparador_clave_4_digitos:U_GESTOR|id_ram[4]                  ;
; -1.000 ; 1.000        ; 2.000          ; Min Period ; CLOCK_50 ; Rise       ; comparador_clave_4_digitos:U_GESTOR|id_ram[5]                  ;
; -1.000 ; 1.000        ; 2.000          ; Min Period ; CLOCK_50 ; Rise       ; comparador_clave_4_digitos:U_GESTOR|id_ram[6]                  ;
; -1.000 ; 1.000        ; 2.000          ; Min Period ; CLOCK_50 ; Rise       ; comparador_clave_4_digitos:U_GESTOR|id_ram[7]                  ;
; -1.000 ; 1.000        ; 2.000          ; Min Period ; CLOCK_50 ; Rise       ; contador_horario_180s:U_HORARIO|contador[0]                    ;
; -1.000 ; 1.000        ; 2.000          ; Min Period ; CLOCK_50 ; Rise       ; contador_horario_180s:U_HORARIO|contador[1]                    ;
; -1.000 ; 1.000        ; 2.000          ; Min Period ; CLOCK_50 ; Rise       ; contador_horario_180s:U_HORARIO|contador[2]                    ;
; -1.000 ; 1.000        ; 2.000          ; Min Period ; CLOCK_50 ; Rise       ; contador_horario_180s:U_HORARIO|contador[3]                    ;
; -1.000 ; 1.000        ; 2.000          ; Min Period ; CLOCK_50 ; Rise       ; contador_horario_180s:U_HORARIO|contador[4]                    ;
; -1.000 ; 1.000        ; 2.000          ; Min Period ; CLOCK_50 ; Rise       ; contador_horario_180s:U_HORARIO|contador[5]                    ;
; -1.000 ; 1.000        ; 2.000          ; Min Period ; CLOCK_50 ; Rise       ; contador_horario_180s:U_HORARIO|contador[6]                    ;
; -1.000 ; 1.000        ; 2.000          ; Min Period ; CLOCK_50 ; Rise       ; contador_horario_180s:U_HORARIO|contador[7]                    ;
; -1.000 ; 1.000        ; 2.000          ; Min Period ; CLOCK_50 ; Rise       ; controlador_buzzer:U_BUZZER|beep_i                             ;
; -1.000 ; 1.000        ; 2.000          ; Min Period ; CLOCK_50 ; Rise       ; controlador_buzzer:U_BUZZER|contador[0]                        ;
; -1.000 ; 1.000        ; 2.000          ; Min Period ; CLOCK_50 ; Rise       ; controlador_buzzer:U_BUZZER|contador[10]                       ;
; -1.000 ; 1.000        ; 2.000          ; Min Period ; CLOCK_50 ; Rise       ; controlador_buzzer:U_BUZZER|contador[11]                       ;
; -1.000 ; 1.000        ; 2.000          ; Min Period ; CLOCK_50 ; Rise       ; controlador_buzzer:U_BUZZER|contador[12]                       ;
; -1.000 ; 1.000        ; 2.000          ; Min Period ; CLOCK_50 ; Rise       ; controlador_buzzer:U_BUZZER|contador[13]                       ;
; -1.000 ; 1.000        ; 2.000          ; Min Period ; CLOCK_50 ; Rise       ; controlador_buzzer:U_BUZZER|contador[14]                       ;
; -1.000 ; 1.000        ; 2.000          ; Min Period ; CLOCK_50 ; Rise       ; controlador_buzzer:U_BUZZER|contador[15]                       ;
; -1.000 ; 1.000        ; 2.000          ; Min Period ; CLOCK_50 ; Rise       ; controlador_buzzer:U_BUZZER|contador[1]                        ;
; -1.000 ; 1.000        ; 2.000          ; Min Period ; CLOCK_50 ; Rise       ; controlador_buzzer:U_BUZZER|contador[2]                        ;
; -1.000 ; 1.000        ; 2.000          ; Min Period ; CLOCK_50 ; Rise       ; controlador_buzzer:U_BUZZER|contador[3]                        ;
; -1.000 ; 1.000        ; 2.000          ; Min Period ; CLOCK_50 ; Rise       ; controlador_buzzer:U_BUZZER|contador[4]                        ;
; -1.000 ; 1.000        ; 2.000          ; Min Period ; CLOCK_50 ; Rise       ; controlador_buzzer:U_BUZZER|contador[5]                        ;
; -1.000 ; 1.000        ; 2.000          ; Min Period ; CLOCK_50 ; Rise       ; controlador_buzzer:U_BUZZER|contador[6]                        ;
; -1.000 ; 1.000        ; 2.000          ; Min Period ; CLOCK_50 ; Rise       ; controlador_buzzer:U_BUZZER|contador[7]                        ;
; -1.000 ; 1.000        ; 2.000          ; Min Period ; CLOCK_50 ; Rise       ; controlador_buzzer:U_BUZZER|contador[8]                        ;
; -1.000 ; 1.000        ; 2.000          ; Min Period ; CLOCK_50 ; Rise       ; controlador_buzzer:U_BUZZER|contador[9]                        ;
; -1.000 ; 1.000        ; 2.000          ; Min Period ; CLOCK_50 ; Rise       ; controlador_servo:U_SERVO|counter[0]                           ;
; -1.000 ; 1.000        ; 2.000          ; Min Period ; CLOCK_50 ; Rise       ; controlador_servo:U_SERVO|counter[10]                          ;
; -1.000 ; 1.000        ; 2.000          ; Min Period ; CLOCK_50 ; Rise       ; controlador_servo:U_SERVO|counter[11]                          ;
; -1.000 ; 1.000        ; 2.000          ; Min Period ; CLOCK_50 ; Rise       ; controlador_servo:U_SERVO|counter[12]                          ;
; -1.000 ; 1.000        ; 2.000          ; Min Period ; CLOCK_50 ; Rise       ; controlador_servo:U_SERVO|counter[13]                          ;
; -1.000 ; 1.000        ; 2.000          ; Min Period ; CLOCK_50 ; Rise       ; controlador_servo:U_SERVO|counter[14]                          ;
; -1.000 ; 1.000        ; 2.000          ; Min Period ; CLOCK_50 ; Rise       ; controlador_servo:U_SERVO|counter[15]                          ;
; -1.000 ; 1.000        ; 2.000          ; Min Period ; CLOCK_50 ; Rise       ; controlador_servo:U_SERVO|counter[16]                          ;
; -1.000 ; 1.000        ; 2.000          ; Min Period ; CLOCK_50 ; Rise       ; controlador_servo:U_SERVO|counter[17]                          ;
; -1.000 ; 1.000        ; 2.000          ; Min Period ; CLOCK_50 ; Rise       ; controlador_servo:U_SERVO|counter[18]                          ;
; -1.000 ; 1.000        ; 2.000          ; Min Period ; CLOCK_50 ; Rise       ; controlador_servo:U_SERVO|counter[19]                          ;
; -1.000 ; 1.000        ; 2.000          ; Min Period ; CLOCK_50 ; Rise       ; controlador_servo:U_SERVO|counter[1]                           ;
; -1.000 ; 1.000        ; 2.000          ; Min Period ; CLOCK_50 ; Rise       ; controlador_servo:U_SERVO|counter[2]                           ;
; -1.000 ; 1.000        ; 2.000          ; Min Period ; CLOCK_50 ; Rise       ; controlador_servo:U_SERVO|counter[3]                           ;
; -1.000 ; 1.000        ; 2.000          ; Min Period ; CLOCK_50 ; Rise       ; controlador_servo:U_SERVO|counter[4]                           ;
; -1.000 ; 1.000        ; 2.000          ; Min Period ; CLOCK_50 ; Rise       ; controlador_servo:U_SERVO|counter[5]                           ;
; -1.000 ; 1.000        ; 2.000          ; Min Period ; CLOCK_50 ; Rise       ; controlador_servo:U_SERVO|counter[6]                           ;
; -1.000 ; 1.000        ; 2.000          ; Min Period ; CLOCK_50 ; Rise       ; controlador_servo:U_SERVO|counter[7]                           ;
; -1.000 ; 1.000        ; 2.000          ; Min Period ; CLOCK_50 ; Rise       ; controlador_servo:U_SERVO|counter[8]                           ;
; -1.000 ; 1.000        ; 2.000          ; Min Period ; CLOCK_50 ; Rise       ; controlador_servo:U_SERVO|counter[9]                           ;
; -1.000 ; 1.000        ; 2.000          ; Min Period ; CLOCK_50 ; Rise       ; controlador_servo:U_SERVO|pulse_width[16]                      ;
; -1.000 ; 1.000        ; 2.000          ; Min Period ; CLOCK_50 ; Rise       ; controlador_servo:U_SERVO|servo_pwm                            ;
; -1.000 ; 1.000        ; 2.000          ; Min Period ; CLOCK_50 ; Rise       ; delay_sensor[0]                                                ;
; -1.000 ; 1.000        ; 2.000          ; Min Period ; CLOCK_50 ; Rise       ; delay_sensor[1]                                                ;
; -1.000 ; 1.000        ; 2.000          ; Min Period ; CLOCK_50 ; Rise       ; generador_tick_1s:U_TICK|contador[0]                           ;
; -1.000 ; 1.000        ; 2.000          ; Min Period ; CLOCK_50 ; Rise       ; generador_tick_1s:U_TICK|contador[10]                          ;
; -1.000 ; 1.000        ; 2.000          ; Min Period ; CLOCK_50 ; Rise       ; generador_tick_1s:U_TICK|contador[11]                          ;
; -1.000 ; 1.000        ; 2.000          ; Min Period ; CLOCK_50 ; Rise       ; generador_tick_1s:U_TICK|contador[12]                          ;
+--------+--------------+----------------+------------+----------+------------+----------------------------------------------------------------+


+---------------------------------------------------------------------------+
; Setup Times                                                               ;
+---------------+------------+-------+-------+------------+-----------------+
; Data Port     ; Clock Port ; Rise  ; Fall  ; Clock Edge ; Clock Reference ;
+---------------+------------+-------+-------+------------+-----------------+
; FILA[*]       ; CLOCK_50   ; 3.910 ; 4.339 ; Rise       ; CLOCK_50        ;
;  FILA[0]      ; CLOCK_50   ; 3.744 ; 4.129 ; Rise       ; CLOCK_50        ;
;  FILA[1]      ; CLOCK_50   ; 3.885 ; 4.287 ; Rise       ; CLOCK_50        ;
;  FILA[2]      ; CLOCK_50   ; 3.910 ; 4.339 ; Rise       ; CLOCK_50        ;
;  FILA[3]      ; CLOCK_50   ; 3.832 ; 4.246 ; Rise       ; CLOCK_50        ;
; INTRUSION_SW  ; CLOCK_50   ; 6.567 ; 7.013 ; Rise       ; CLOCK_50        ;
; RESET         ; CLOCK_50   ; 4.119 ; 4.549 ; Rise       ; CLOCK_50        ;
; SALIR_ADMIN   ; CLOCK_50   ; 3.772 ; 4.207 ; Rise       ; CLOCK_50        ;
; SENSOR_PUERTA ; CLOCK_50   ; 6.582 ; 6.968 ; Rise       ; CLOCK_50        ;
+---------------+------------+-------+-------+------------+-----------------+


+-----------------------------------------------------------------------------+
; Hold Times                                                                  ;
+---------------+------------+--------+--------+------------+-----------------+
; Data Port     ; Clock Port ; Rise   ; Fall   ; Clock Edge ; Clock Reference ;
+---------------+------------+--------+--------+------------+-----------------+
; FILA[*]       ; CLOCK_50   ; -1.743 ; -2.190 ; Rise       ; CLOCK_50        ;
;  FILA[0]      ; CLOCK_50   ; -1.743 ; -2.190 ; Rise       ; CLOCK_50        ;
;  FILA[1]      ; CLOCK_50   ; -1.879 ; -2.341 ; Rise       ; CLOCK_50        ;
;  FILA[2]      ; CLOCK_50   ; -1.902 ; -2.389 ; Rise       ; CLOCK_50        ;
;  FILA[3]      ; CLOCK_50   ; -1.826 ; -2.300 ; Rise       ; CLOCK_50        ;
; INTRUSION_SW  ; CLOCK_50   ; -2.742 ; -3.074 ; Rise       ; CLOCK_50        ;
; RESET         ; CLOCK_50   ; -2.929 ; -3.299 ; Rise       ; CLOCK_50        ;
; SALIR_ADMIN   ; CLOCK_50   ; -1.482 ; -1.863 ; Rise       ; CLOCK_50        ;
; SENSOR_PUERTA ; CLOCK_50   ; -2.643 ; -3.103 ; Rise       ; CLOCK_50        ;
+---------------+------------+--------+--------+------------+-----------------+


+---------------------------------------------------------------------------+
; Clock to Output Times                                                     ;
+-------------+------------+--------+--------+------------+-----------------+
; Data Port   ; Clock Port ; Rise   ; Fall   ; Clock Edge ; Clock Reference ;
+-------------+------------+--------+--------+------------+-----------------+
; BUZZER_OUT  ; CLOCK_50   ; 5.752  ; 5.702  ; Rise       ; CLOCK_50        ;
; COLUMNA[*]  ; CLOCK_50   ; 6.848  ; 6.863  ; Rise       ; CLOCK_50        ;
;  COLUMNA[0] ; CLOCK_50   ; 6.594  ; 6.622  ; Rise       ; CLOCK_50        ;
;  COLUMNA[1] ; CLOCK_50   ; 6.785  ; 6.665  ; Rise       ; CLOCK_50        ;
;  COLUMNA[2] ; CLOCK_50   ; 6.129  ; 6.151  ; Rise       ; CLOCK_50        ;
;  COLUMNA[3] ; CLOCK_50   ; 6.848  ; 6.863  ; Rise       ; CLOCK_50        ;
; HEX0[*]     ; CLOCK_50   ; 17.876 ; 17.877 ; Rise       ; CLOCK_50        ;
;  HEX0[0]    ; CLOCK_50   ; 17.495 ; 17.448 ; Rise       ; CLOCK_50        ;
;  HEX0[1]    ; CLOCK_50   ; 15.340 ; 15.338 ; Rise       ; CLOCK_50        ;
;  HEX0[2]    ; CLOCK_50   ; 17.257 ; 17.180 ; Rise       ; CLOCK_50        ;
;  HEX0[3]    ; CLOCK_50   ; 17.249 ; 17.104 ; Rise       ; CLOCK_50        ;
;  HEX0[4]    ; CLOCK_50   ; 16.446 ; 16.443 ; Rise       ; CLOCK_50        ;
;  HEX0[5]    ; CLOCK_50   ; 17.608 ; 17.444 ; Rise       ; CLOCK_50        ;
;  HEX0[6]    ; CLOCK_50   ; 17.876 ; 17.877 ; Rise       ; CLOCK_50        ;
; HEX1[*]     ; CLOCK_50   ; 9.560  ; 9.480  ; Rise       ; CLOCK_50        ;
;  HEX1[0]    ; CLOCK_50   ; 9.560  ; 9.480  ; Rise       ; CLOCK_50        ;
;  HEX1[1]    ; CLOCK_50   ; 9.046  ; 8.892  ; Rise       ; CLOCK_50        ;
;  HEX1[2]    ; CLOCK_50   ; 8.242  ; 8.192  ; Rise       ; CLOCK_50        ;
;  HEX1[3]    ; CLOCK_50   ; 8.565  ; 8.490  ; Rise       ; CLOCK_50        ;
;  HEX1[4]    ; CLOCK_50   ; 9.103  ; 8.925  ; Rise       ; CLOCK_50        ;
;  HEX1[5]    ; CLOCK_50   ; 8.422  ; 8.340  ; Rise       ; CLOCK_50        ;
;  HEX1[6]    ; CLOCK_50   ; 9.089  ; 9.074  ; Rise       ; CLOCK_50        ;
; HEX2[*]     ; CLOCK_50   ; 9.028  ; 8.971  ; Rise       ; CLOCK_50        ;
;  HEX2[0]    ; CLOCK_50   ; 7.959  ; 7.884  ; Rise       ; CLOCK_50        ;
;  HEX2[1]    ; CLOCK_50   ; 8.272  ; 8.160  ; Rise       ; CLOCK_50        ;
;  HEX2[2]    ; CLOCK_50   ; 9.028  ; 8.971  ; Rise       ; CLOCK_50        ;
;  HEX2[3]    ; CLOCK_50   ; 8.716  ; 8.648  ; Rise       ; CLOCK_50        ;
;  HEX2[4]    ; CLOCK_50   ; 7.720  ; 7.604  ; Rise       ; CLOCK_50        ;
;  HEX2[5]    ; CLOCK_50   ; 8.659  ; 8.605  ; Rise       ; CLOCK_50        ;
;  HEX2[6]    ; CLOCK_50   ; 8.528  ; 8.489  ; Rise       ; CLOCK_50        ;
; HEX3[*]     ; CLOCK_50   ; 9.105  ; 8.997  ; Rise       ; CLOCK_50        ;
;  HEX3[0]    ; CLOCK_50   ; 8.806  ; 8.680  ; Rise       ; CLOCK_50        ;
;  HEX3[1]    ; CLOCK_50   ; 8.616  ; 8.604  ; Rise       ; CLOCK_50        ;
;  HEX3[2]    ; CLOCK_50   ; 8.473  ; 8.372  ; Rise       ; CLOCK_50        ;
;  HEX3[3]    ; CLOCK_50   ; 8.932  ; 8.847  ; Rise       ; CLOCK_50        ;
;  HEX3[4]    ; CLOCK_50   ; 9.105  ; 8.997  ; Rise       ; CLOCK_50        ;
;  HEX3[5]    ; CLOCK_50   ; 8.736  ; 8.661  ; Rise       ; CLOCK_50        ;
;  HEX3[6]    ; CLOCK_50   ; 8.535  ; 8.378  ; Rise       ; CLOCK_50        ;
; LED_ABRIR   ; CLOCK_50   ; 8.500  ; 8.378  ; Rise       ; CLOCK_50        ;
; LED_ALARMA  ; CLOCK_50   ; 8.450  ; 8.473  ; Rise       ; CLOCK_50        ;
; LED_BLOQUEO ; CLOCK_50   ; 6.169  ; 6.157  ; Rise       ; CLOCK_50        ;
; LED_FIN     ; CLOCK_50   ; 8.048  ; 8.148  ; Rise       ; CLOCK_50        ;
; LED_MANANA  ; CLOCK_50   ; 8.038  ; 8.048  ; Rise       ; CLOCK_50        ;
; LED_NOCHE   ; CLOCK_50   ; 8.452  ; 8.194  ; Rise       ; CLOCK_50        ;
; LED_TARDE   ; CLOCK_50   ; 7.844  ; 7.895  ; Rise       ; CLOCK_50        ;
; SERVO_PWM   ; CLOCK_50   ; 6.313  ; 6.275  ; Rise       ; CLOCK_50        ;
+-------------+------------+--------+--------+------------+-----------------+


+-------------------------------------------------------------------------+
; Minimum Clock to Output Times                                           ;
+-------------+------------+-------+-------+------------+-----------------+
; Data Port   ; Clock Port ; Rise  ; Fall  ; Clock Edge ; Clock Reference ;
+-------------+------------+-------+-------+------------+-----------------+
; BUZZER_OUT  ; CLOCK_50   ; 5.627 ; 5.577 ; Rise       ; CLOCK_50        ;
; COLUMNA[*]  ; CLOCK_50   ; 5.922 ; 5.812 ; Rise       ; CLOCK_50        ;
;  COLUMNA[0] ; CLOCK_50   ; 6.306 ; 6.318 ; Rise       ; CLOCK_50        ;
;  COLUMNA[1] ; CLOCK_50   ; 6.495 ; 6.426 ; Rise       ; CLOCK_50        ;
;  COLUMNA[2] ; CLOCK_50   ; 5.922 ; 5.812 ; Rise       ; CLOCK_50        ;
;  COLUMNA[3] ; CLOCK_50   ; 6.546 ; 6.599 ; Rise       ; CLOCK_50        ;
; HEX0[*]     ; CLOCK_50   ; 6.726 ; 6.609 ; Rise       ; CLOCK_50        ;
;  HEX0[0]    ; CLOCK_50   ; 7.077 ; 7.078 ; Rise       ; CLOCK_50        ;
;  HEX0[1]    ; CLOCK_50   ; 6.726 ; 6.609 ; Rise       ; CLOCK_50        ;
;  HEX0[2]    ; CLOCK_50   ; 7.148 ; 7.079 ; Rise       ; CLOCK_50        ;
;  HEX0[3]    ; CLOCK_50   ; 7.092 ; 7.012 ; Rise       ; CLOCK_50        ;
;  HEX0[4]    ; CLOCK_50   ; 6.926 ; 6.810 ; Rise       ; CLOCK_50        ;
;  HEX0[5]    ; CLOCK_50   ; 7.122 ; 7.103 ; Rise       ; CLOCK_50        ;
;  HEX0[6]    ; CLOCK_50   ; 7.378 ; 7.386 ; Rise       ; CLOCK_50        ;
; HEX1[*]     ; CLOCK_50   ; 6.412 ; 6.377 ; Rise       ; CLOCK_50        ;
;  HEX1[0]    ; CLOCK_50   ; 6.412 ; 6.377 ; Rise       ; CLOCK_50        ;
;  HEX1[1]    ; CLOCK_50   ; 6.864 ; 6.784 ; Rise       ; CLOCK_50        ;
;  HEX1[2]    ; CLOCK_50   ; 6.550 ; 6.476 ; Rise       ; CLOCK_50        ;
;  HEX1[3]    ; CLOCK_50   ; 6.955 ; 6.875 ; Rise       ; CLOCK_50        ;
;  HEX1[4]    ; CLOCK_50   ; 6.525 ; 6.454 ; Rise       ; CLOCK_50        ;
;  HEX1[5]    ; CLOCK_50   ; 7.167 ; 7.089 ; Rise       ; CLOCK_50        ;
;  HEX1[6]    ; CLOCK_50   ; 6.930 ; 6.865 ; Rise       ; CLOCK_50        ;
; HEX2[*]     ; CLOCK_50   ; 6.719 ; 6.600 ; Rise       ; CLOCK_50        ;
;  HEX2[0]    ; CLOCK_50   ; 6.961 ; 6.890 ; Rise       ; CLOCK_50        ;
;  HEX2[1]    ; CLOCK_50   ; 7.019 ; 6.913 ; Rise       ; CLOCK_50        ;
;  HEX2[2]    ; CLOCK_50   ; 6.719 ; 6.600 ; Rise       ; CLOCK_50        ;
;  HEX2[3]    ; CLOCK_50   ; 7.005 ; 6.897 ; Rise       ; CLOCK_50        ;
;  HEX2[4]    ; CLOCK_50   ; 6.733 ; 6.627 ; Rise       ; CLOCK_50        ;
;  HEX2[5]    ; CLOCK_50   ; 6.794 ; 6.695 ; Rise       ; CLOCK_50        ;
;  HEX2[6]    ; CLOCK_50   ; 7.113 ; 6.970 ; Rise       ; CLOCK_50        ;
; HEX3[*]     ; CLOCK_50   ; 6.658 ; 6.608 ; Rise       ; CLOCK_50        ;
;  HEX3[0]    ; CLOCK_50   ; 6.900 ; 6.802 ; Rise       ; CLOCK_50        ;
;  HEX3[1]    ; CLOCK_50   ; 7.213 ; 7.130 ; Rise       ; CLOCK_50        ;
;  HEX3[2]    ; CLOCK_50   ; 7.101 ; 6.977 ; Rise       ; CLOCK_50        ;
;  HEX3[3]    ; CLOCK_50   ; 6.832 ; 6.751 ; Rise       ; CLOCK_50        ;
;  HEX3[4]    ; CLOCK_50   ; 7.430 ; 7.317 ; Rise       ; CLOCK_50        ;
;  HEX3[5]    ; CLOCK_50   ; 6.658 ; 6.608 ; Rise       ; CLOCK_50        ;
;  HEX3[6]    ; CLOCK_50   ; 7.152 ; 7.043 ; Rise       ; CLOCK_50        ;
; LED_ABRIR   ; CLOCK_50   ; 6.603 ; 6.601 ; Rise       ; CLOCK_50        ;
; LED_ALARMA  ; CLOCK_50   ; 8.053 ; 7.968 ; Rise       ; CLOCK_50        ;
; LED_BLOQUEO ; CLOCK_50   ; 6.034 ; 6.022 ; Rise       ; CLOCK_50        ;
; LED_FIN     ; CLOCK_50   ; 6.528 ; 6.467 ; Rise       ; CLOCK_50        ;
; LED_MANANA  ; CLOCK_50   ; 6.758 ; 6.720 ; Rise       ; CLOCK_50        ;
; LED_NOCHE   ; CLOCK_50   ; 7.010 ; 6.996 ; Rise       ; CLOCK_50        ;
; LED_TARDE   ; CLOCK_50   ; 6.638 ; 6.467 ; Rise       ; CLOCK_50        ;
; SERVO_PWM   ; CLOCK_50   ; 6.166 ; 6.128 ; Rise       ; CLOCK_50        ;
+-------------+------------+-------+-------+------------+-----------------+


---------------------------------------------
; Slow 1200mV 0C Model Metastability Report ;
---------------------------------------------
No synchronizer chains to report.


+------------------------------------+
; Fast 1200mV 0C Model Setup Summary ;
+----------+--------+----------------+
; Clock    ; Slack  ; End Point TNS  ;
+----------+--------+----------------+
; CLOCK_50 ; -2.615 ; -817.991       ;
+----------+--------+----------------+


+-----------------------------------+
; Fast 1200mV 0C Model Hold Summary ;
+----------+-------+----------------+
; Clock    ; Slack ; End Point TNS  ;
+----------+-------+----------------+
; CLOCK_50 ; 0.180 ; 0.000          ;
+----------+-------+----------------+


+---------------------------------------+
; Fast 1200mV 0C Model Recovery Summary ;
+----------+--------+-------------------+
; Clock    ; Slack  ; End Point TNS     ;
+----------+--------+-------------------+
; CLOCK_50 ; -0.206 ; -2.839            ;
+----------+--------+-------------------+


+--------------------------------------+
; Fast 1200mV 0C Model Removal Summary ;
+----------+-------+-------------------+
; Clock    ; Slack ; End Point TNS     ;
+----------+-------+-------------------+
; CLOCK_50 ; 0.655 ; 0.000             ;
+----------+-------+-------------------+


+--------------------------------------------------+
; Fast 1200mV 0C Model Minimum Pulse Width Summary ;
+----------+--------+------------------------------+
; Clock    ; Slack  ; End Point TNS                ;
+----------+--------+------------------------------+
; CLOCK_50 ; -3.000 ; -546.599                     ;
+----------+--------+------------------------------+


+---------------------------------------------------------------------------------------------------------------------------------------------------------------------------------------------+
; Fast 1200mV 0C Model Setup: 'CLOCK_50'                                                                                                                                                      ;
+--------+-------------------------------------------------------+------------------------------------------------------+--------------+-------------+--------------+------------+------------+
; Slack  ; From Node                                             ; To Node                                              ; Launch Clock ; Latch Clock ; Relationship ; Clock Skew ; Data Delay ;
+--------+-------------------------------------------------------+------------------------------------------------------+--------------+-------------+--------------+------------+------------+
; -2.615 ; comparador_clave_4_digitos:U_GESTOR|addr_rd[2]        ; comparador_clave_4_digitos:U_GESTOR|d2_ram[3]        ; CLOCK_50     ; CLOCK_50    ; 1.000        ; -0.038     ; 3.564      ;
; -2.608 ; registro_clave_teclado:U_REGISTRO|d3[1]               ; comparador_clave_4_digitos:U_GESTOR|d3_ram[1]        ; CLOCK_50     ; CLOCK_50    ; 1.000        ; -0.041     ; 3.554      ;
; -2.608 ; registro_clave_teclado:U_REGISTRO|d3[1]               ; comparador_clave_4_digitos:U_GESTOR|d3_ram[0]        ; CLOCK_50     ; CLOCK_50    ; 1.000        ; -0.041     ; 3.554      ;
; -2.593 ; teclado_matricial_4x4:U_TECLADO|key_latched[2]        ; comparador_clave_4_digitos:U_GESTOR|d3_ram[1]        ; CLOCK_50     ; CLOCK_50    ; 1.000        ; -0.045     ; 3.535      ;
; -2.593 ; teclado_matricial_4x4:U_TECLADO|key_latched[2]        ; comparador_clave_4_digitos:U_GESTOR|d3_ram[0]        ; CLOCK_50     ; CLOCK_50    ; 1.000        ; -0.045     ; 3.535      ;
; -2.593 ; comparador_clave_4_digitos:U_GESTOR|addr_rd[2]        ; comparador_clave_4_digitos:U_GESTOR|d2_ram[1]        ; CLOCK_50     ; CLOCK_50    ; 1.000        ; -0.038     ; 3.542      ;
; -2.563 ; teclado_matricial_4x4:U_TECLADO|key_latched[0]        ; comparador_clave_4_digitos:U_GESTOR|d3_ram[1]        ; CLOCK_50     ; CLOCK_50    ; 1.000        ; -0.045     ; 3.505      ;
; -2.563 ; teclado_matricial_4x4:U_TECLADO|key_latched[0]        ; comparador_clave_4_digitos:U_GESTOR|d3_ram[0]        ; CLOCK_50     ; CLOCK_50    ; 1.000        ; -0.045     ; 3.505      ;
; -2.543 ; gestor_admin:U_ADMIN|addr_i[2]                        ; comparador_clave_4_digitos:U_GESTOR|d2_ram[3]        ; CLOCK_50     ; CLOCK_50    ; 1.000        ; -0.043     ; 3.487      ;
; -2.531 ; comparador_clave_4_digitos:U_GESTOR|es_admin          ; comparador_clave_4_digitos:U_GESTOR|d3_ram[1]        ; CLOCK_50     ; CLOCK_50    ; 1.000        ; -0.243     ; 3.275      ;
; -2.531 ; comparador_clave_4_digitos:U_GESTOR|es_admin          ; comparador_clave_4_digitos:U_GESTOR|d3_ram[0]        ; CLOCK_50     ; CLOCK_50    ; 1.000        ; -0.243     ; 3.275      ;
; -2.528 ; teclado_matricial_4x4:U_TECLADO|key_latched[3]        ; comparador_clave_4_digitos:U_GESTOR|d3_ram[1]        ; CLOCK_50     ; CLOCK_50    ; 1.000        ; -0.045     ; 3.470      ;
; -2.528 ; teclado_matricial_4x4:U_TECLADO|key_latched[3]        ; comparador_clave_4_digitos:U_GESTOR|d3_ram[0]        ; CLOCK_50     ; CLOCK_50    ; 1.000        ; -0.045     ; 3.470      ;
; -2.522 ; temporizador_descendente:U_TIMER_ERROR|fin            ; comparador_clave_4_digitos:U_GESTOR|d3_ram[1]        ; CLOCK_50     ; CLOCK_50    ; 1.000        ; -0.040     ; 3.469      ;
; -2.522 ; temporizador_descendente:U_TIMER_ERROR|fin            ; comparador_clave_4_digitos:U_GESTOR|d3_ram[0]        ; CLOCK_50     ; CLOCK_50    ; 1.000        ; -0.040     ; 3.469      ;
; -2.521 ; gestor_admin:U_ADMIN|addr_i[2]                        ; comparador_clave_4_digitos:U_GESTOR|d2_ram[1]        ; CLOCK_50     ; CLOCK_50    ; 1.000        ; -0.043     ; 3.465      ;
; -2.495 ; comparador_clave_4_digitos:U_GESTOR|addr_rd[2]        ; comparador_clave_4_digitos:U_GESTOR|d0_ram[3]        ; CLOCK_50     ; CLOCK_50    ; 1.000        ; 0.147      ; 3.629      ;
; -2.495 ; registro_clave_teclado:U_REGISTRO|d3[1]               ; registro_clave_teclado:U_REGISTRO|d0[2]              ; CLOCK_50     ; CLOCK_50    ; 1.000        ; -0.036     ; 3.446      ;
; -2.495 ; registro_clave_teclado:U_REGISTRO|d3[1]               ; registro_clave_teclado:U_REGISTRO|d0[3]              ; CLOCK_50     ; CLOCK_50    ; 1.000        ; -0.036     ; 3.446      ;
; -2.495 ; registro_clave_teclado:U_REGISTRO|d3[1]               ; registro_clave_teclado:U_REGISTRO|d3[3]              ; CLOCK_50     ; CLOCK_50    ; 1.000        ; -0.036     ; 3.446      ;
; -2.495 ; registro_clave_teclado:U_REGISTRO|d3[1]               ; registro_clave_teclado:U_REGISTRO|d2[3]              ; CLOCK_50     ; CLOCK_50    ; 1.000        ; -0.036     ; 3.446      ;
; -2.495 ; registro_clave_teclado:U_REGISTRO|d3[1]               ; registro_clave_teclado:U_REGISTRO|d2[2]              ; CLOCK_50     ; CLOCK_50    ; 1.000        ; -0.036     ; 3.446      ;
; -2.495 ; registro_clave_teclado:U_REGISTRO|d3[1]               ; registro_clave_teclado:U_REGISTRO|d2[0]              ; CLOCK_50     ; CLOCK_50    ; 1.000        ; -0.036     ; 3.446      ;
; -2.495 ; registro_clave_teclado:U_REGISTRO|d3[1]               ; registro_clave_teclado:U_REGISTRO|d2[1]              ; CLOCK_50     ; CLOCK_50    ; 1.000        ; -0.036     ; 3.446      ;
; -2.492 ; registro_clave_teclado:U_REGISTRO|d3[2]               ; comparador_clave_4_digitos:U_GESTOR|d3_ram[1]        ; CLOCK_50     ; CLOCK_50    ; 1.000        ; -0.041     ; 3.438      ;
; -2.492 ; registro_clave_teclado:U_REGISTRO|d3[2]               ; comparador_clave_4_digitos:U_GESTOR|d3_ram[0]        ; CLOCK_50     ; CLOCK_50    ; 1.000        ; -0.041     ; 3.438      ;
; -2.490 ; registro_clave_teclado:U_REGISTRO|d1[0]               ; comparador_clave_4_digitos:U_GESTOR|d3_ram[1]        ; CLOCK_50     ; CLOCK_50    ; 1.000        ; -0.041     ; 3.436      ;
; -2.490 ; registro_clave_teclado:U_REGISTRO|d1[0]               ; comparador_clave_4_digitos:U_GESTOR|d3_ram[0]        ; CLOCK_50     ; CLOCK_50    ; 1.000        ; -0.041     ; 3.436      ;
; -2.486 ; registro_clave_teclado:U_REGISTRO|d3[3]               ; comparador_clave_4_digitos:U_GESTOR|d3_ram[1]        ; CLOCK_50     ; CLOCK_50    ; 1.000        ; -0.041     ; 3.432      ;
; -2.486 ; registro_clave_teclado:U_REGISTRO|d3[3]               ; comparador_clave_4_digitos:U_GESTOR|d3_ram[0]        ; CLOCK_50     ; CLOCK_50    ; 1.000        ; -0.041     ; 3.432      ;
; -2.482 ; contador_horario_180s:U_HORARIO|contador[2]           ; comparador_clave_4_digitos:U_GESTOR|d3_ram[1]        ; CLOCK_50     ; CLOCK_50    ; 1.000        ; -0.049     ; 3.420      ;
; -2.482 ; contador_horario_180s:U_HORARIO|contador[2]           ; comparador_clave_4_digitos:U_GESTOR|d3_ram[0]        ; CLOCK_50     ; CLOCK_50    ; 1.000        ; -0.049     ; 3.420      ;
; -2.482 ; maquina_estados_principal:U_FSM|estado_actual.BLOQUEO ; comparador_clave_4_digitos:U_GESTOR|d3_ram[1]        ; CLOCK_50     ; CLOCK_50    ; 1.000        ; -0.050     ; 3.419      ;
; -2.482 ; maquina_estados_principal:U_FSM|estado_actual.BLOQUEO ; comparador_clave_4_digitos:U_GESTOR|d3_ram[0]        ; CLOCK_50     ; CLOCK_50    ; 1.000        ; -0.050     ; 3.419      ;
; -2.479 ; comparador_clave_4_digitos:U_GESTOR|addr_rd[3]        ; comparador_clave_4_digitos:U_GESTOR|d2_ram[1]        ; CLOCK_50     ; CLOCK_50    ; 1.000        ; -0.038     ; 3.428      ;
; -2.476 ; comparador_clave_4_digitos:U_GESTOR|d2_ram[0]         ; comparador_clave_4_digitos:U_GESTOR|d3_ram[1]        ; CLOCK_50     ; CLOCK_50    ; 1.000        ; -0.041     ; 3.422      ;
; -2.476 ; comparador_clave_4_digitos:U_GESTOR|d2_ram[0]         ; comparador_clave_4_digitos:U_GESTOR|d3_ram[0]        ; CLOCK_50     ; CLOCK_50    ; 1.000        ; -0.041     ; 3.422      ;
; -2.473 ; registro_clave_teclado:U_REGISTRO|d0[3]               ; comparador_clave_4_digitos:U_GESTOR|d3_ram[1]        ; CLOCK_50     ; CLOCK_50    ; 1.000        ; -0.041     ; 3.419      ;
; -2.473 ; registro_clave_teclado:U_REGISTRO|d0[3]               ; comparador_clave_4_digitos:U_GESTOR|d3_ram[0]        ; CLOCK_50     ; CLOCK_50    ; 1.000        ; -0.041     ; 3.419      ;
; -2.461 ; comparador_clave_4_digitos:U_GESTOR|d3_ram[2]         ; comparador_clave_4_digitos:U_GESTOR|d3_ram[1]        ; CLOCK_50     ; CLOCK_50    ; 1.000        ; -0.041     ; 3.407      ;
; -2.461 ; comparador_clave_4_digitos:U_GESTOR|d3_ram[2]         ; comparador_clave_4_digitos:U_GESTOR|d3_ram[0]        ; CLOCK_50     ; CLOCK_50    ; 1.000        ; -0.041     ; 3.407      ;
; -2.453 ; comparador_clave_4_digitos:U_GESTOR|addr_rd[3]        ; comparador_clave_4_digitos:U_GESTOR|d2_ram[3]        ; CLOCK_50     ; CLOCK_50    ; 1.000        ; -0.038     ; 3.402      ;
; -2.450 ; registro_clave_teclado:U_REGISTRO|d3[1]               ; comparador_clave_4_digitos:U_GESTOR|horario_ram[1]   ; CLOCK_50     ; CLOCK_50    ; 1.000        ; -0.041     ; 3.396      ;
; -2.450 ; registro_clave_teclado:U_REGISTRO|d3[1]               ; comparador_clave_4_digitos:U_GESTOR|horario_ram[0]   ; CLOCK_50     ; CLOCK_50    ; 1.000        ; -0.041     ; 3.396      ;
; -2.447 ; registro_clave_teclado:U_REGISTRO|d2[3]               ; comparador_clave_4_digitos:U_GESTOR|d3_ram[1]        ; CLOCK_50     ; CLOCK_50    ; 1.000        ; -0.041     ; 3.393      ;
; -2.447 ; registro_clave_teclado:U_REGISTRO|d2[3]               ; comparador_clave_4_digitos:U_GESTOR|d3_ram[0]        ; CLOCK_50     ; CLOCK_50    ; 1.000        ; -0.041     ; 3.393      ;
; -2.446 ; registro_clave_teclado:U_REGISTRO|d1[1]               ; comparador_clave_4_digitos:U_GESTOR|d3_ram[1]        ; CLOCK_50     ; CLOCK_50    ; 1.000        ; -0.041     ; 3.392      ;
; -2.446 ; registro_clave_teclado:U_REGISTRO|d1[1]               ; comparador_clave_4_digitos:U_GESTOR|d3_ram[0]        ; CLOCK_50     ; CLOCK_50    ; 1.000        ; -0.041     ; 3.392      ;
; -2.444 ; registro_clave_teclado:U_REGISTRO|d2[2]               ; comparador_clave_4_digitos:U_GESTOR|d3_ram[1]        ; CLOCK_50     ; CLOCK_50    ; 1.000        ; -0.041     ; 3.390      ;
; -2.444 ; registro_clave_teclado:U_REGISTRO|d2[2]               ; comparador_clave_4_digitos:U_GESTOR|d3_ram[0]        ; CLOCK_50     ; CLOCK_50    ; 1.000        ; -0.041     ; 3.390      ;
; -2.441 ; comparador_clave_4_digitos:U_GESTOR|addr_rd[1]        ; comparador_clave_4_digitos:U_GESTOR|d2_ram[3]        ; CLOCK_50     ; CLOCK_50    ; 1.000        ; -0.045     ; 3.383      ;
; -2.438 ; registro_clave_teclado:U_REGISTRO|d3[1]               ; comparador_clave_4_digitos:U_GESTOR|addr_rd[2]       ; CLOCK_50     ; CLOCK_50    ; 1.000        ; -0.034     ; 3.391      ;
; -2.438 ; registro_clave_teclado:U_REGISTRO|d3[1]               ; comparador_clave_4_digitos:U_GESTOR|addr_rd[3]       ; CLOCK_50     ; CLOCK_50    ; 1.000        ; -0.034     ; 3.391      ;
; -2.438 ; registro_clave_teclado:U_REGISTRO|d3[1]               ; comparador_clave_4_digitos:U_GESTOR|addr_rd[4]       ; CLOCK_50     ; CLOCK_50    ; 1.000        ; -0.034     ; 3.391      ;
; -2.436 ; registro_clave_teclado:U_REGISTRO|d2[1]               ; comparador_clave_4_digitos:U_GESTOR|d3_ram[1]        ; CLOCK_50     ; CLOCK_50    ; 1.000        ; -0.041     ; 3.382      ;
; -2.436 ; registro_clave_teclado:U_REGISTRO|d2[1]               ; comparador_clave_4_digitos:U_GESTOR|d3_ram[0]        ; CLOCK_50     ; CLOCK_50    ; 1.000        ; -0.041     ; 3.382      ;
; -2.427 ; registro_clave_teclado:U_REGISTRO|d3[1]               ; comparador_clave_4_digitos:U_GESTOR|d2_ram[3]        ; CLOCK_50     ; CLOCK_50    ; 1.000        ; -0.036     ; 3.378      ;
; -2.427 ; registro_clave_teclado:U_REGISTRO|d3[1]               ; comparador_clave_4_digitos:U_GESTOR|d2_ram[2]        ; CLOCK_50     ; CLOCK_50    ; 1.000        ; -0.036     ; 3.378      ;
; -2.427 ; registro_clave_teclado:U_REGISTRO|d3[1]               ; comparador_clave_4_digitos:U_GESTOR|d2_ram[1]        ; CLOCK_50     ; CLOCK_50    ; 1.000        ; -0.036     ; 3.378      ;
; -2.427 ; registro_clave_teclado:U_REGISTRO|d3[1]               ; comparador_clave_4_digitos:U_GESTOR|d2_ram[0]        ; CLOCK_50     ; CLOCK_50    ; 1.000        ; -0.036     ; 3.378      ;
; -2.427 ; comparador_clave_4_digitos:U_GESTOR|addr_rd[2]        ; comparador_clave_4_digitos:U_GESTOR|d1_ram[3]        ; CLOCK_50     ; CLOCK_50    ; 1.000        ; 0.153      ; 3.567      ;
; -2.426 ; registro_clave_teclado:U_REGISTRO|d0[2]               ; comparador_clave_4_digitos:U_GESTOR|d3_ram[1]        ; CLOCK_50     ; CLOCK_50    ; 1.000        ; -0.041     ; 3.372      ;
; -2.426 ; registro_clave_teclado:U_REGISTRO|d0[2]               ; comparador_clave_4_digitos:U_GESTOR|d3_ram[0]        ; CLOCK_50     ; CLOCK_50    ; 1.000        ; -0.041     ; 3.372      ;
; -2.424 ; gestor_admin:U_ADMIN|estado.ESPERA                    ; comparador_clave_4_digitos:U_GESTOR|d2_ram[3]        ; CLOCK_50     ; CLOCK_50    ; 1.000        ; -0.045     ; 3.366      ;
; -2.423 ; gestor_admin:U_ADMIN|addr_i[2]                        ; comparador_clave_4_digitos:U_GESTOR|d0_ram[3]        ; CLOCK_50     ; CLOCK_50    ; 1.000        ; 0.142      ; 3.552      ;
; -2.419 ; comparador_clave_4_digitos:U_GESTOR|addr_rd[2]        ; comparador_clave_4_digitos:U_GESTOR|d3_ram[1]        ; CLOCK_50     ; CLOCK_50    ; 1.000        ; -0.043     ; 3.363      ;
; -2.415 ; registro_clave_teclado:U_REGISTRO|d0[0]               ; comparador_clave_4_digitos:U_GESTOR|d3_ram[1]        ; CLOCK_50     ; CLOCK_50    ; 1.000        ; -0.041     ; 3.361      ;
; -2.415 ; registro_clave_teclado:U_REGISTRO|d0[0]               ; comparador_clave_4_digitos:U_GESTOR|d3_ram[0]        ; CLOCK_50     ; CLOCK_50    ; 1.000        ; -0.041     ; 3.361      ;
; -2.409 ; comparador_clave_4_digitos:U_GESTOR|addr_rd[2]        ; comparador_clave_4_digitos:U_GESTOR|id_ram[3]        ; CLOCK_50     ; CLOCK_50    ; 1.000        ; 0.153      ; 3.549      ;
; -2.409 ; registro_clave_teclado:U_REGISTRO|d3[0]               ; comparador_clave_4_digitos:U_GESTOR|d3_ram[1]        ; CLOCK_50     ; CLOCK_50    ; 1.000        ; -0.041     ; 3.355      ;
; -2.409 ; registro_clave_teclado:U_REGISTRO|d3[0]               ; comparador_clave_4_digitos:U_GESTOR|d3_ram[0]        ; CLOCK_50     ; CLOCK_50    ; 1.000        ; -0.041     ; 3.355      ;
; -2.409 ; registro_clave_teclado:U_REGISTRO|d1[3]               ; comparador_clave_4_digitos:U_GESTOR|d3_ram[1]        ; CLOCK_50     ; CLOCK_50    ; 1.000        ; -0.041     ; 3.355      ;
; -2.409 ; registro_clave_teclado:U_REGISTRO|d1[3]               ; comparador_clave_4_digitos:U_GESTOR|d3_ram[0]        ; CLOCK_50     ; CLOCK_50    ; 1.000        ; -0.041     ; 3.355      ;
; -2.402 ; gestor_admin:U_ADMIN|estado.ESPERA                    ; comparador_clave_4_digitos:U_GESTOR|d2_ram[1]        ; CLOCK_50     ; CLOCK_50    ; 1.000        ; -0.045     ; 3.344      ;
; -2.401 ; registro_clave_teclado:U_REGISTRO|d0[1]               ; comparador_clave_4_digitos:U_GESTOR|d3_ram[1]        ; CLOCK_50     ; CLOCK_50    ; 1.000        ; -0.041     ; 3.347      ;
; -2.401 ; registro_clave_teclado:U_REGISTRO|d0[1]               ; comparador_clave_4_digitos:U_GESTOR|d3_ram[0]        ; CLOCK_50     ; CLOCK_50    ; 1.000        ; -0.041     ; 3.347      ;
; -2.399 ; comparador_clave_4_digitos:U_GESTOR|d3_ram[3]         ; comparador_clave_4_digitos:U_GESTOR|d3_ram[1]        ; CLOCK_50     ; CLOCK_50    ; 1.000        ; -0.041     ; 3.345      ;
; -2.399 ; comparador_clave_4_digitos:U_GESTOR|d3_ram[3]         ; comparador_clave_4_digitos:U_GESTOR|d3_ram[0]        ; CLOCK_50     ; CLOCK_50    ; 1.000        ; -0.041     ; 3.345      ;
; -2.399 ; contador_horario_180s:U_HORARIO|contador[4]           ; comparador_clave_4_digitos:U_GESTOR|d3_ram[1]        ; CLOCK_50     ; CLOCK_50    ; 1.000        ; -0.049     ; 3.337      ;
; -2.399 ; contador_horario_180s:U_HORARIO|contador[4]           ; comparador_clave_4_digitos:U_GESTOR|d3_ram[0]        ; CLOCK_50     ; CLOCK_50    ; 1.000        ; -0.049     ; 3.337      ;
; -2.395 ; registro_clave_teclado:U_REGISTRO|d3[1]               ; registro_clave_teclado:U_REGISTRO|contador[0]        ; CLOCK_50     ; CLOCK_50    ; 1.000        ; -0.036     ; 3.346      ;
; -2.395 ; registro_clave_teclado:U_REGISTRO|d3[1]               ; registro_clave_teclado:U_REGISTRO|contador[1]        ; CLOCK_50     ; CLOCK_50    ; 1.000        ; -0.036     ; 3.346      ;
; -2.395 ; registro_clave_teclado:U_REGISTRO|d3[1]               ; registro_clave_teclado:U_REGISTRO|d1[2]              ; CLOCK_50     ; CLOCK_50    ; 1.000        ; -0.036     ; 3.346      ;
; -2.395 ; registro_clave_teclado:U_REGISTRO|d3[1]               ; registro_clave_teclado:U_REGISTRO|d1[3]              ; CLOCK_50     ; CLOCK_50    ; 1.000        ; -0.036     ; 3.346      ;
; -2.395 ; registro_clave_teclado:U_REGISTRO|d3[1]               ; registro_clave_teclado:U_REGISTRO|d1[1]              ; CLOCK_50     ; CLOCK_50    ; 1.000        ; -0.036     ; 3.346      ;
; -2.395 ; registro_clave_teclado:U_REGISTRO|d3[1]               ; registro_clave_teclado:U_REGISTRO|d0[1]              ; CLOCK_50     ; CLOCK_50    ; 1.000        ; -0.036     ; 3.346      ;
; -2.395 ; registro_clave_teclado:U_REGISTRO|d3[1]               ; registro_clave_teclado:U_REGISTRO|d1[0]              ; CLOCK_50     ; CLOCK_50    ; 1.000        ; -0.036     ; 3.346      ;
; -2.395 ; registro_clave_teclado:U_REGISTRO|d3[1]               ; registro_clave_teclado:U_REGISTRO|d0[0]              ; CLOCK_50     ; CLOCK_50    ; 1.000        ; -0.036     ; 3.346      ;
; -2.395 ; registro_clave_teclado:U_REGISTRO|d3[1]               ; registro_clave_teclado:U_REGISTRO|d3[2]              ; CLOCK_50     ; CLOCK_50    ; 1.000        ; -0.036     ; 3.346      ;
; -2.395 ; registro_clave_teclado:U_REGISTRO|d3[1]               ; registro_clave_teclado:U_REGISTRO|d3[0]              ; CLOCK_50     ; CLOCK_50    ; 1.000        ; -0.036     ; 3.346      ;
; -2.395 ; registro_clave_teclado:U_REGISTRO|d3[1]               ; registro_clave_teclado:U_REGISTRO|d3[1]              ; CLOCK_50     ; CLOCK_50    ; 1.000        ; -0.036     ; 3.346      ;
; -2.394 ; registro_clave_teclado:U_REGISTRO|d3[1]               ; comparador_clave_4_digitos:U_GESTOR|base_addr_reg[1] ; CLOCK_50     ; CLOCK_50    ; 1.000        ; -0.034     ; 3.347      ;
; -2.394 ; registro_clave_teclado:U_REGISTRO|d3[1]               ; comparador_clave_4_digitos:U_GESTOR|base_addr_reg[2] ; CLOCK_50     ; CLOCK_50    ; 1.000        ; -0.034     ; 3.347      ;
; -2.394 ; registro_clave_teclado:U_REGISTRO|d3[1]               ; comparador_clave_4_digitos:U_GESTOR|base_addr_reg[3] ; CLOCK_50     ; CLOCK_50    ; 1.000        ; -0.034     ; 3.347      ;
; -2.394 ; registro_clave_teclado:U_REGISTRO|d3[1]               ; comparador_clave_4_digitos:U_GESTOR|base_addr_reg[4] ; CLOCK_50     ; CLOCK_50    ; 1.000        ; -0.034     ; 3.347      ;
; -2.393 ; teclado_matricial_4x4:U_TECLADO|key_latched[2]        ; comparador_clave_4_digitos:U_GESTOR|d2_ram[3]        ; CLOCK_50     ; CLOCK_50    ; 1.000        ; -0.040     ; 3.340      ;
; -2.393 ; teclado_matricial_4x4:U_TECLADO|key_latched[2]        ; comparador_clave_4_digitos:U_GESTOR|d2_ram[2]        ; CLOCK_50     ; CLOCK_50    ; 1.000        ; -0.040     ; 3.340      ;
; -2.393 ; teclado_matricial_4x4:U_TECLADO|key_latched[2]        ; comparador_clave_4_digitos:U_GESTOR|d2_ram[1]        ; CLOCK_50     ; CLOCK_50    ; 1.000        ; -0.040     ; 3.340      ;
; -2.393 ; teclado_matricial_4x4:U_TECLADO|key_latched[2]        ; comparador_clave_4_digitos:U_GESTOR|d2_ram[0]        ; CLOCK_50     ; CLOCK_50    ; 1.000        ; -0.040     ; 3.340      ;
; -2.393 ; teclado_matricial_4x4:U_TECLADO|key_latched[2]        ; comparador_clave_4_digitos:U_GESTOR|horario_ram[1]   ; CLOCK_50     ; CLOCK_50    ; 1.000        ; -0.045     ; 3.335      ;
+--------+-------------------------------------------------------+------------------------------------------------------+--------------+-------------+--------------+------------+------------+


+---------------------------------------------------------------------------------------------------------------------------------------------------------------------------------------------------------------+
; Fast 1200mV 0C Model Hold: 'CLOCK_50'                                                                                                                                                                         ;
+-------+----------------------------------------------------------------+----------------------------------------------------------------+--------------+-------------+--------------+------------+------------+
; Slack ; From Node                                                      ; To Node                                                        ; Launch Clock ; Latch Clock ; Relationship ; Clock Skew ; Data Delay ;
+-------+----------------------------------------------------------------+----------------------------------------------------------------+--------------+-------------+--------------+------------+------------+
; 0.180 ; comparador_clave_4_digitos:U_GESTOR|addr_rd[5]                 ; comparador_clave_4_digitos:U_GESTOR|addr_rd[5]                 ; CLOCK_50     ; CLOCK_50    ; 0.000        ; 0.043      ; 0.307      ;
; 0.180 ; maquina_estados_principal:U_FSM|intentos[0]                    ; maquina_estados_principal:U_FSM|intentos[0]                    ; CLOCK_50     ; CLOCK_50    ; 0.000        ; 0.043      ; 0.307      ;
; 0.187 ; temporizador_descendente:U_TIMER_OPEN|en_marcha                ; temporizador_descendente:U_TIMER_OPEN|en_marcha                ; CLOCK_50     ; CLOCK_50    ; 0.000        ; 0.036      ; 0.307      ;
; 0.187 ; registro_clave_teclado:U_REGISTRO|contador[1]                  ; registro_clave_teclado:U_REGISTRO|contador[1]                  ; CLOCK_50     ; CLOCK_50    ; 0.000        ; 0.036      ; 0.307      ;
; 0.187 ; maquina_estados_principal:U_FSM|intentos[1]                    ; maquina_estados_principal:U_FSM|intentos[1]                    ; CLOCK_50     ; CLOCK_50    ; 0.000        ; 0.036      ; 0.307      ;
; 0.187 ; maquina_estados_principal:U_FSM|estado_actual.INGRESO          ; maquina_estados_principal:U_FSM|estado_actual.INGRESO          ; CLOCK_50     ; CLOCK_50    ; 0.000        ; 0.036      ; 0.307      ;
; 0.187 ; teclado_matricial_4x4:U_TECLADO|col_idx[1]                     ; teclado_matricial_4x4:U_TECLADO|col_idx[1]                     ; CLOCK_50     ; CLOCK_50    ; 0.000        ; 0.036      ; 0.307      ;
; 0.187 ; teclado_matricial_4x4:U_TECLADO|key_armed                      ; teclado_matricial_4x4:U_TECLADO|key_armed                      ; CLOCK_50     ; CLOCK_50    ; 0.000        ; 0.036      ; 0.307      ;
; 0.187 ; controlador_buzzer:U_BUZZER|beep_i                             ; controlador_buzzer:U_BUZZER|beep_i                             ; CLOCK_50     ; CLOCK_50    ; 0.000        ; 0.036      ; 0.307      ;
; 0.187 ; gestor_admin:U_ADMIN|addr_i[1]                                 ; gestor_admin:U_ADMIN|addr_i[1]                                 ; CLOCK_50     ; CLOCK_50    ; 0.000        ; 0.036      ; 0.307      ;
; 0.187 ; gestor_admin:U_ADMIN|estado.OP_AGREGAR_HOR                     ; gestor_admin:U_ADMIN|estado.OP_AGREGAR_HOR                     ; CLOCK_50     ; CLOCK_50    ; 0.000        ; 0.036      ; 0.307      ;
; 0.187 ; gestor_admin:U_ADMIN|estado.OP_AGREGAR_CLV                     ; gestor_admin:U_ADMIN|estado.OP_AGREGAR_CLV                     ; CLOCK_50     ; CLOCK_50    ; 0.000        ; 0.036      ; 0.307      ;
; 0.187 ; gestor_admin:U_ADMIN|estado.OP_AGREGAR_USR                     ; gestor_admin:U_ADMIN|estado.OP_AGREGAR_USR                     ; CLOCK_50     ; CLOCK_50    ; 0.000        ; 0.036      ; 0.307      ;
; 0.188 ; comparador_clave_4_digitos:U_GESTOR|estado_rd.ESPERA_SELECCION ; comparador_clave_4_digitos:U_GESTOR|estado_rd.ESPERA_SELECCION ; CLOCK_50     ; CLOCK_50    ; 0.000        ; 0.035      ; 0.307      ;
; 0.188 ; temporizador_descendente:U_TIMER_BLOQUEO|en_marcha             ; temporizador_descendente:U_TIMER_BLOQUEO|en_marcha             ; CLOCK_50     ; CLOCK_50    ; 0.000        ; 0.035      ; 0.307      ;
; 0.188 ; temporizador_descendente:U_TIMER_ERROR|en_marcha               ; temporizador_descendente:U_TIMER_ERROR|en_marcha               ; CLOCK_50     ; CLOCK_50    ; 0.000        ; 0.035      ; 0.307      ;
; 0.188 ; comparador_clave_4_digitos:U_GESTOR|estado_rd.LISTO            ; comparador_clave_4_digitos:U_GESTOR|estado_rd.LISTO            ; CLOCK_50     ; CLOCK_50    ; 0.000        ; 0.035      ; 0.307      ;
; 0.188 ; comparador_clave_4_digitos:U_GESTOR|addr_rd[1]                 ; comparador_clave_4_digitos:U_GESTOR|addr_rd[1]                 ; CLOCK_50     ; CLOCK_50    ; 0.000        ; 0.035      ; 0.307      ;
; 0.188 ; registro_clave_teclado:U_REGISTRO|contador[2]                  ; registro_clave_teclado:U_REGISTRO|contador[2]                  ; CLOCK_50     ; CLOCK_50    ; 0.000        ; 0.035      ; 0.307      ;
; 0.188 ; gestor_admin:U_ADMIN|horario_ingresado                         ; gestor_admin:U_ADMIN|horario_ingresado                         ; CLOCK_50     ; CLOCK_50    ; 0.000        ; 0.035      ; 0.307      ;
; 0.188 ; gestor_admin:U_ADMIN|estado.ESCRIBIENDO                        ; gestor_admin:U_ADMIN|estado.ESCRIBIENDO                        ; CLOCK_50     ; CLOCK_50    ; 0.000        ; 0.035      ; 0.307      ;
; 0.188 ; gestor_admin:U_ADMIN|write_step[0]                             ; gestor_admin:U_ADMIN|write_step[0]                             ; CLOCK_50     ; CLOCK_50    ; 0.000        ; 0.035      ; 0.307      ;
; 0.188 ; gestor_admin:U_ADMIN|write_step[2]                             ; gestor_admin:U_ADMIN|write_step[2]                             ; CLOCK_50     ; CLOCK_50    ; 0.000        ; 0.035      ; 0.307      ;
; 0.188 ; gestor_admin:U_ADMIN|write_step[1]                             ; gestor_admin:U_ADMIN|write_step[1]                             ; CLOCK_50     ; CLOCK_50    ; 0.000        ; 0.035      ; 0.307      ;
; 0.188 ; gestor_admin:U_ADMIN|estado.ADMIN_OK                           ; gestor_admin:U_ADMIN|estado.ADMIN_OK                           ; CLOCK_50     ; CLOCK_50    ; 0.000        ; 0.035      ; 0.307      ;
; 0.188 ; gestor_admin:U_ADMIN|estado.CLAVE_ADMIN                        ; gestor_admin:U_ADMIN|estado.CLAVE_ADMIN                        ; CLOCK_50     ; CLOCK_50    ; 0.000        ; 0.035      ; 0.307      ;
; 0.188 ; gestor_admin:U_ADMIN|estado.ESPERA                             ; gestor_admin:U_ADMIN|estado.ESPERA                             ; CLOCK_50     ; CLOCK_50    ; 0.000        ; 0.035      ; 0.307      ;
; 0.188 ; gestor_admin:U_ADMIN|digito_clave[1]                           ; gestor_admin:U_ADMIN|digito_clave[1]                           ; CLOCK_50     ; CLOCK_50    ; 0.000        ; 0.035      ; 0.307      ;
; 0.188 ; gestor_admin:U_ADMIN|digito_clave[0]                           ; gestor_admin:U_ADMIN|digito_clave[0]                           ; CLOCK_50     ; CLOCK_50    ; 0.000        ; 0.035      ; 0.307      ;
; 0.194 ; registro_clave_teclado:U_REGISTRO|contador[0]                  ; registro_clave_teclado:U_REGISTRO|contador[0]                  ; CLOCK_50     ; CLOCK_50    ; 0.000        ; 0.036      ; 0.314      ;
; 0.194 ; teclado_matricial_4x4:U_TECLADO|col_idx[0]                     ; teclado_matricial_4x4:U_TECLADO|col_idx[0]                     ; CLOCK_50     ; CLOCK_50    ; 0.000        ; 0.036      ; 0.314      ;
; 0.194 ; contador_horario_180s:U_HORARIO|contador[7]                    ; contador_horario_180s:U_HORARIO|contador[7]                    ; CLOCK_50     ; CLOCK_50    ; 0.000        ; 0.036      ; 0.314      ;
; 0.195 ; delay_sensor[1]                                                ; delay_sensor[1]                                                ; CLOCK_50     ; CLOCK_50    ; 0.000        ; 0.035      ; 0.314      ;
; 0.195 ; delay_sensor[0]                                                ; delay_sensor[0]                                                ; CLOCK_50     ; CLOCK_50    ; 0.000        ; 0.035      ; 0.314      ;
; 0.195 ; gestor_admin:U_ADMIN|digito_admin[0]                           ; gestor_admin:U_ADMIN|digito_admin[0]                           ; CLOCK_50     ; CLOCK_50    ; 0.000        ; 0.035      ; 0.314      ;
; 0.202 ; teclado_matricial_4x4:U_TECLADO|release_count[4]               ; teclado_matricial_4x4:U_TECLADO|release_count[4]               ; CLOCK_50     ; CLOCK_50    ; 0.000        ; 0.036      ; 0.322      ;
; 0.209 ; temporizador_descendente:U_TIMER_OPEN|contador[5]              ; temporizador_descendente:U_TIMER_OPEN|contador[5]              ; CLOCK_50     ; CLOCK_50    ; 0.000        ; 0.036      ; 0.329      ;
; 0.210 ; temporizador_descendente:U_TIMER_BLOQUEO|contador[5]           ; temporizador_descendente:U_TIMER_BLOQUEO|contador[5]           ; CLOCK_50     ; CLOCK_50    ; 0.000        ; 0.035      ; 0.329      ;
; 0.211 ; controlador_servo:U_SERVO|counter[19]                          ; controlador_servo:U_SERVO|counter[19]                          ; CLOCK_50     ; CLOCK_50    ; 0.000        ; 0.035      ; 0.330      ;
; 0.212 ; teclado_matricial_4x4:U_TECLADO|col_idx[0]                     ; teclado_matricial_4x4:U_TECLADO|col_idx[1]                     ; CLOCK_50     ; CLOCK_50    ; 0.000        ; 0.036      ; 0.332      ;
; 0.219 ; gestor_admin:U_ADMIN|write_step[2]                             ; gestor_admin:U_ADMIN|write_step[1]                             ; CLOCK_50     ; CLOCK_50    ; 0.000        ; 0.035      ; 0.338      ;
; 0.220 ; gestor_admin:U_ADMIN|write_step[0]                             ; gestor_admin:U_ADMIN|write_step[2]                             ; CLOCK_50     ; CLOCK_50    ; 0.000        ; 0.035      ; 0.339      ;
; 0.298 ; controlador_servo:U_SERVO|counter[11]                          ; controlador_servo:U_SERVO|counter[11]                          ; CLOCK_50     ; CLOCK_50    ; 0.000        ; 0.035      ; 0.417      ;
; 0.298 ; generador_tick_1s:U_TICK|contador[3]                           ; generador_tick_1s:U_TICK|contador[3]                           ; CLOCK_50     ; CLOCK_50    ; 0.000        ; 0.035      ; 0.417      ;
; 0.299 ; teclado_matricial_4x4:U_TECLADO|release_count[1]               ; teclado_matricial_4x4:U_TECLADO|release_count[1]               ; CLOCK_50     ; CLOCK_50    ; 0.000        ; 0.036      ; 0.419      ;
; 0.299 ; controlador_servo:U_SERVO|counter[13]                          ; controlador_servo:U_SERVO|counter[13]                          ; CLOCK_50     ; CLOCK_50    ; 0.000        ; 0.035      ; 0.418      ;
; 0.299 ; generador_tick_1s:U_TICK|contador[9]                           ; generador_tick_1s:U_TICK|contador[9]                           ; CLOCK_50     ; CLOCK_50    ; 0.000        ; 0.035      ; 0.418      ;
; 0.299 ; generador_tick_1s:U_TICK|contador[8]                           ; generador_tick_1s:U_TICK|contador[8]                           ; CLOCK_50     ; CLOCK_50    ; 0.000        ; 0.035      ; 0.418      ;
; 0.299 ; generador_tick_1s:U_TICK|contador[5]                           ; generador_tick_1s:U_TICK|contador[5]                           ; CLOCK_50     ; CLOCK_50    ; 0.000        ; 0.035      ; 0.418      ;
; 0.300 ; teclado_matricial_4x4:U_TECLADO|release_count[3]               ; teclado_matricial_4x4:U_TECLADO|release_count[3]               ; CLOCK_50     ; CLOCK_50    ; 0.000        ; 0.036      ; 0.420      ;
; 0.300 ; controlador_servo:U_SERVO|counter[1]                           ; controlador_servo:U_SERVO|counter[1]                           ; CLOCK_50     ; CLOCK_50    ; 0.000        ; 0.035      ; 0.419      ;
; 0.300 ; controlador_servo:U_SERVO|counter[2]                           ; controlador_servo:U_SERVO|counter[2]                           ; CLOCK_50     ; CLOCK_50    ; 0.000        ; 0.035      ; 0.419      ;
; 0.300 ; controlador_servo:U_SERVO|counter[3]                           ; controlador_servo:U_SERVO|counter[3]                           ; CLOCK_50     ; CLOCK_50    ; 0.000        ; 0.035      ; 0.419      ;
; 0.300 ; generador_tick_1s:U_TICK|contador[6]                           ; generador_tick_1s:U_TICK|contador[6]                           ; CLOCK_50     ; CLOCK_50    ; 0.000        ; 0.035      ; 0.419      ;
; 0.300 ; generador_tick_1s:U_TICK|contador[2]                           ; generador_tick_1s:U_TICK|contador[2]                           ; CLOCK_50     ; CLOCK_50    ; 0.000        ; 0.035      ; 0.419      ;
; 0.300 ; generador_tick_1s:U_TICK|contador[1]                           ; generador_tick_1s:U_TICK|contador[1]                           ; CLOCK_50     ; CLOCK_50    ; 0.000        ; 0.035      ; 0.419      ;
; 0.301 ; teclado_matricial_4x4:U_TECLADO|release_count[2]               ; teclado_matricial_4x4:U_TECLADO|release_count[2]               ; CLOCK_50     ; CLOCK_50    ; 0.000        ; 0.036      ; 0.421      ;
; 0.301 ; controlador_servo:U_SERVO|counter[12]                          ; controlador_servo:U_SERVO|counter[12]                          ; CLOCK_50     ; CLOCK_50    ; 0.000        ; 0.035      ; 0.420      ;
; 0.301 ; generador_tick_1s:U_TICK|contador[4]                           ; generador_tick_1s:U_TICK|contador[4]                           ; CLOCK_50     ; CLOCK_50    ; 0.000        ; 0.035      ; 0.420      ;
; 0.302 ; gestor_admin:U_ADMIN|estado.ESPERA                             ; modo_admin_prev_s                                              ; CLOCK_50     ; CLOCK_50    ; 0.000        ; 0.035      ; 0.421      ;
; 0.302 ; gestor_admin:U_ADMIN|estado.CLAVE_ADMIN                        ; gestor_admin:U_ADMIN|digito_admin[0]                           ; CLOCK_50     ; CLOCK_50    ; 0.000        ; 0.035      ; 0.421      ;
; 0.303 ; controlador_servo:U_SERVO|counter[5]                           ; controlador_servo:U_SERVO|counter[5]                           ; CLOCK_50     ; CLOCK_50    ; 0.000        ; 0.035      ; 0.422      ;
; 0.303 ; controlador_servo:U_SERVO|counter[8]                           ; controlador_servo:U_SERVO|counter[8]                           ; CLOCK_50     ; CLOCK_50    ; 0.000        ; 0.035      ; 0.422      ;
; 0.305 ; controlador_buzzer:U_BUZZER|contador[13]                       ; controlador_buzzer:U_BUZZER|contador[13]                       ; CLOCK_50     ; CLOCK_50    ; 0.000        ; 0.035      ; 0.424      ;
; 0.305 ; controlador_buzzer:U_BUZZER|contador[3]                        ; controlador_buzzer:U_BUZZER|contador[3]                        ; CLOCK_50     ; CLOCK_50    ; 0.000        ; 0.035      ; 0.424      ;
; 0.305 ; registro_clave_teclado:U_REGISTRO|d0[1]                        ; registro_clave_teclado:U_REGISTRO|d1[1]                        ; CLOCK_50     ; CLOCK_50    ; 0.000        ; 0.036      ; 0.425      ;
; 0.305 ; teclado_matricial_4x4:U_TECLADO|scan_div[13]                   ; teclado_matricial_4x4:U_TECLADO|scan_div[13]                   ; CLOCK_50     ; CLOCK_50    ; 0.000        ; 0.035      ; 0.424      ;
; 0.305 ; teclado_matricial_4x4:U_TECLADO|scan_div[3]                    ; teclado_matricial_4x4:U_TECLADO|scan_div[3]                    ; CLOCK_50     ; CLOCK_50    ; 0.000        ; 0.035      ; 0.424      ;
; 0.305 ; controlador_servo:U_SERVO|counter[4]                           ; controlador_servo:U_SERVO|counter[4]                           ; CLOCK_50     ; CLOCK_50    ; 0.000        ; 0.035      ; 0.424      ;
; 0.305 ; controlador_servo:U_SERVO|counter[6]                           ; controlador_servo:U_SERVO|counter[6]                           ; CLOCK_50     ; CLOCK_50    ; 0.000        ; 0.035      ; 0.424      ;
; 0.306 ; controlador_buzzer:U_BUZZER|contador[11]                       ; controlador_buzzer:U_BUZZER|contador[11]                       ; CLOCK_50     ; CLOCK_50    ; 0.000        ; 0.035      ; 0.425      ;
; 0.306 ; controlador_buzzer:U_BUZZER|contador[7]                        ; controlador_buzzer:U_BUZZER|contador[7]                        ; CLOCK_50     ; CLOCK_50    ; 0.000        ; 0.035      ; 0.425      ;
; 0.306 ; controlador_buzzer:U_BUZZER|contador[6]                        ; controlador_buzzer:U_BUZZER|contador[6]                        ; CLOCK_50     ; CLOCK_50    ; 0.000        ; 0.035      ; 0.425      ;
; 0.306 ; controlador_buzzer:U_BUZZER|contador[1]                        ; controlador_buzzer:U_BUZZER|contador[1]                        ; CLOCK_50     ; CLOCK_50    ; 0.000        ; 0.035      ; 0.425      ;
; 0.306 ; teclado_matricial_4x4:U_TECLADO|scan_div[11]                   ; teclado_matricial_4x4:U_TECLADO|scan_div[11]                   ; CLOCK_50     ; CLOCK_50    ; 0.000        ; 0.035      ; 0.425      ;
; 0.306 ; teclado_matricial_4x4:U_TECLADO|scan_div[7]                    ; teclado_matricial_4x4:U_TECLADO|scan_div[7]                    ; CLOCK_50     ; CLOCK_50    ; 0.000        ; 0.035      ; 0.425      ;
; 0.306 ; teclado_matricial_4x4:U_TECLADO|scan_div[5]                    ; teclado_matricial_4x4:U_TECLADO|scan_div[5]                    ; CLOCK_50     ; CLOCK_50    ; 0.000        ; 0.035      ; 0.425      ;
; 0.306 ; teclado_matricial_4x4:U_TECLADO|scan_div[1]                    ; teclado_matricial_4x4:U_TECLADO|scan_div[1]                    ; CLOCK_50     ; CLOCK_50    ; 0.000        ; 0.035      ; 0.425      ;
; 0.306 ; generador_tick_1s:U_TICK|contador[16]                          ; generador_tick_1s:U_TICK|contador[16]                          ; CLOCK_50     ; CLOCK_50    ; 0.000        ; 0.035      ; 0.425      ;
; 0.306 ; generador_tick_1s:U_TICK|contador[11]                          ; generador_tick_1s:U_TICK|contador[11]                          ; CLOCK_50     ; CLOCK_50    ; 0.000        ; 0.035      ; 0.425      ;
; 0.306 ; generador_tick_1s:U_TICK|contador[10]                          ; generador_tick_1s:U_TICK|contador[10]                          ; CLOCK_50     ; CLOCK_50    ; 0.000        ; 0.035      ; 0.425      ;
; 0.306 ; delay_sensor[0]                                                ; delay_sensor[1]                                                ; CLOCK_50     ; CLOCK_50    ; 0.000        ; 0.035      ; 0.425      ;
; 0.307 ; controlador_buzzer:U_BUZZER|contador[14]                       ; controlador_buzzer:U_BUZZER|contador[14]                       ; CLOCK_50     ; CLOCK_50    ; 0.000        ; 0.035      ; 0.426      ;
; 0.307 ; controlador_buzzer:U_BUZZER|contador[9]                        ; controlador_buzzer:U_BUZZER|contador[9]                        ; CLOCK_50     ; CLOCK_50    ; 0.000        ; 0.035      ; 0.426      ;
; 0.307 ; teclado_matricial_4x4:U_TECLADO|scan_div[2]                    ; teclado_matricial_4x4:U_TECLADO|scan_div[2]                    ; CLOCK_50     ; CLOCK_50    ; 0.000        ; 0.035      ; 0.426      ;
; 0.307 ; registro_clave_teclado:U_REGISTRO|contador[0]                  ; registro_clave_teclado:U_REGISTRO|contador[1]                  ; CLOCK_50     ; CLOCK_50    ; 0.000        ; 0.036      ; 0.427      ;
; 0.307 ; generador_tick_1s:U_TICK|contador[24]                          ; generador_tick_1s:U_TICK|contador[24]                          ; CLOCK_50     ; CLOCK_50    ; 0.000        ; 0.035      ; 0.426      ;
; 0.307 ; generador_tick_1s:U_TICK|contador[18]                          ; generador_tick_1s:U_TICK|contador[18]                          ; CLOCK_50     ; CLOCK_50    ; 0.000        ; 0.035      ; 0.426      ;
; 0.308 ; controlador_buzzer:U_BUZZER|contador[8]                        ; controlador_buzzer:U_BUZZER|contador[8]                        ; CLOCK_50     ; CLOCK_50    ; 0.000        ; 0.035      ; 0.427      ;
; 0.308 ; temporizador_descendente:U_TIMER_OPEN|contador[3]              ; temporizador_descendente:U_TIMER_OPEN|contador[3]              ; CLOCK_50     ; CLOCK_50    ; 0.000        ; 0.036      ; 0.428      ;
; 0.308 ; teclado_matricial_4x4:U_TECLADO|release_count[0]               ; teclado_matricial_4x4:U_TECLADO|release_count[0]               ; CLOCK_50     ; CLOCK_50    ; 0.000        ; 0.036      ; 0.428      ;
; 0.308 ; teclado_matricial_4x4:U_TECLADO|scan_div[12]                   ; teclado_matricial_4x4:U_TECLADO|scan_div[12]                   ; CLOCK_50     ; CLOCK_50    ; 0.000        ; 0.035      ; 0.427      ;
; 0.308 ; teclado_matricial_4x4:U_TECLADO|scan_div[10]                   ; teclado_matricial_4x4:U_TECLADO|scan_div[10]                   ; CLOCK_50     ; CLOCK_50    ; 0.000        ; 0.035      ; 0.427      ;
; 0.308 ; controlador_servo:U_SERVO|counter[7]                           ; controlador_servo:U_SERVO|counter[7]                           ; CLOCK_50     ; CLOCK_50    ; 0.000        ; 0.035      ; 0.427      ;
; 0.308 ; generador_tick_1s:U_TICK|contador[0]                           ; generador_tick_1s:U_TICK|contador[0]                           ; CLOCK_50     ; CLOCK_50    ; 0.000        ; 0.035      ; 0.427      ;
; 0.309 ; controlador_servo:U_SERVO|counter[0]                           ; controlador_servo:U_SERVO|counter[0]                           ; CLOCK_50     ; CLOCK_50    ; 0.000        ; 0.035      ; 0.428      ;
; 0.310 ; temporizador_descendente:U_TIMER_OPEN|contador[4]              ; temporizador_descendente:U_TIMER_OPEN|contador[4]              ; CLOCK_50     ; CLOCK_50    ; 0.000        ; 0.036      ; 0.430      ;
; 0.310 ; controlador_servo:U_SERVO|counter[9]                           ; controlador_servo:U_SERVO|counter[9]                           ; CLOCK_50     ; CLOCK_50    ; 0.000        ; 0.035      ; 0.429      ;
; 0.310 ; contador_horario_180s:U_HORARIO|contador[3]                    ; contador_horario_180s:U_HORARIO|contador[3]                    ; CLOCK_50     ; CLOCK_50    ; 0.000        ; 0.036      ; 0.430      ;
; 0.310 ; contador_horario_180s:U_HORARIO|contador[1]                    ; contador_horario_180s:U_HORARIO|contador[1]                    ; CLOCK_50     ; CLOCK_50    ; 0.000        ; 0.036      ; 0.430      ;
+-------+----------------------------------------------------------------+----------------------------------------------------------------+--------------+-------------+--------------+------------+------------+


+---------------------------------------------------------------------------------------------------------------------------------------------------------------------------------+
; Fast 1200mV 0C Model Recovery: 'CLOCK_50'                                                                                                                                       ;
+--------+-------------------------------------------------------+------------------------------------------+--------------+-------------+--------------+------------+------------+
; Slack  ; From Node                                             ; To Node                                  ; Launch Clock ; Latch Clock ; Relationship ; Clock Skew ; Data Delay ;
+--------+-------------------------------------------------------+------------------------------------------+--------------+-------------+--------------+------------+------------+
; -0.206 ; maquina_estados_principal:U_FSM|estado_actual.BLOQUEO ; controlador_buzzer:U_BUZZER|contador[11] ; CLOCK_50     ; CLOCK_50    ; 1.000        ; -0.047     ; 1.146      ;
; -0.206 ; maquina_estados_principal:U_FSM|estado_actual.BLOQUEO ; controlador_buzzer:U_BUZZER|contador[14] ; CLOCK_50     ; CLOCK_50    ; 1.000        ; -0.047     ; 1.146      ;
; -0.206 ; maquina_estados_principal:U_FSM|estado_actual.BLOQUEO ; controlador_buzzer:U_BUZZER|contador[13] ; CLOCK_50     ; CLOCK_50    ; 1.000        ; -0.047     ; 1.146      ;
; -0.206 ; maquina_estados_principal:U_FSM|estado_actual.BLOQUEO ; controlador_buzzer:U_BUZZER|contador[9]  ; CLOCK_50     ; CLOCK_50    ; 1.000        ; -0.047     ; 1.146      ;
; -0.206 ; maquina_estados_principal:U_FSM|estado_actual.BLOQUEO ; controlador_buzzer:U_BUZZER|contador[8]  ; CLOCK_50     ; CLOCK_50    ; 1.000        ; -0.047     ; 1.146      ;
; -0.206 ; maquina_estados_principal:U_FSM|estado_actual.BLOQUEO ; controlador_buzzer:U_BUZZER|contador[7]  ; CLOCK_50     ; CLOCK_50    ; 1.000        ; -0.047     ; 1.146      ;
; -0.206 ; maquina_estados_principal:U_FSM|estado_actual.BLOQUEO ; controlador_buzzer:U_BUZZER|contador[6]  ; CLOCK_50     ; CLOCK_50    ; 1.000        ; -0.047     ; 1.146      ;
; -0.206 ; maquina_estados_principal:U_FSM|estado_actual.BLOQUEO ; controlador_buzzer:U_BUZZER|contador[3]  ; CLOCK_50     ; CLOCK_50    ; 1.000        ; -0.047     ; 1.146      ;
; -0.206 ; maquina_estados_principal:U_FSM|estado_actual.BLOQUEO ; controlador_buzzer:U_BUZZER|contador[1]  ; CLOCK_50     ; CLOCK_50    ; 1.000        ; -0.047     ; 1.146      ;
; -0.180 ; maquina_estados_principal:U_FSM|estado_actual.BLOQUEO ; controlador_buzzer:U_BUZZER|beep_i       ; CLOCK_50     ; CLOCK_50    ; 1.000        ; -0.036     ; 1.131      ;
; -0.180 ; maquina_estados_principal:U_FSM|estado_actual.BLOQUEO ; controlador_buzzer:U_BUZZER|contador[2]  ; CLOCK_50     ; CLOCK_50    ; 1.000        ; -0.036     ; 1.131      ;
; -0.180 ; maquina_estados_principal:U_FSM|estado_actual.BLOQUEO ; controlador_buzzer:U_BUZZER|contador[15] ; CLOCK_50     ; CLOCK_50    ; 1.000        ; -0.036     ; 1.131      ;
; -0.099 ; gestor_admin:U_ADMIN|estado.ESPERA                    ; controlador_buzzer:U_BUZZER|contador[11] ; CLOCK_50     ; CLOCK_50    ; 1.000        ; -0.047     ; 1.039      ;
; -0.099 ; gestor_admin:U_ADMIN|estado.ESPERA                    ; controlador_buzzer:U_BUZZER|contador[14] ; CLOCK_50     ; CLOCK_50    ; 1.000        ; -0.047     ; 1.039      ;
; -0.099 ; gestor_admin:U_ADMIN|estado.ESPERA                    ; controlador_buzzer:U_BUZZER|contador[13] ; CLOCK_50     ; CLOCK_50    ; 1.000        ; -0.047     ; 1.039      ;
; -0.099 ; gestor_admin:U_ADMIN|estado.ESPERA                    ; controlador_buzzer:U_BUZZER|contador[9]  ; CLOCK_50     ; CLOCK_50    ; 1.000        ; -0.047     ; 1.039      ;
; -0.099 ; gestor_admin:U_ADMIN|estado.ESPERA                    ; controlador_buzzer:U_BUZZER|contador[8]  ; CLOCK_50     ; CLOCK_50    ; 1.000        ; -0.047     ; 1.039      ;
; -0.099 ; gestor_admin:U_ADMIN|estado.ESPERA                    ; controlador_buzzer:U_BUZZER|contador[7]  ; CLOCK_50     ; CLOCK_50    ; 1.000        ; -0.047     ; 1.039      ;
; -0.099 ; gestor_admin:U_ADMIN|estado.ESPERA                    ; controlador_buzzer:U_BUZZER|contador[6]  ; CLOCK_50     ; CLOCK_50    ; 1.000        ; -0.047     ; 1.039      ;
; -0.099 ; gestor_admin:U_ADMIN|estado.ESPERA                    ; controlador_buzzer:U_BUZZER|contador[3]  ; CLOCK_50     ; CLOCK_50    ; 1.000        ; -0.047     ; 1.039      ;
; -0.099 ; gestor_admin:U_ADMIN|estado.ESPERA                    ; controlador_buzzer:U_BUZZER|contador[1]  ; CLOCK_50     ; CLOCK_50    ; 1.000        ; -0.047     ; 1.039      ;
; -0.089 ; maquina_estados_principal:U_FSM|estado_actual.BLOQUEO ; controlador_buzzer:U_BUZZER|contador[0]  ; CLOCK_50     ; CLOCK_50    ; 1.000        ; -0.035     ; 1.041      ;
; -0.089 ; maquina_estados_principal:U_FSM|estado_actual.BLOQUEO ; controlador_buzzer:U_BUZZER|contador[10] ; CLOCK_50     ; CLOCK_50    ; 1.000        ; -0.035     ; 1.041      ;
; -0.089 ; maquina_estados_principal:U_FSM|estado_actual.BLOQUEO ; controlador_buzzer:U_BUZZER|contador[4]  ; CLOCK_50     ; CLOCK_50    ; 1.000        ; -0.035     ; 1.041      ;
; -0.089 ; maquina_estados_principal:U_FSM|estado_actual.BLOQUEO ; controlador_buzzer:U_BUZZER|contador[5]  ; CLOCK_50     ; CLOCK_50    ; 1.000        ; -0.035     ; 1.041      ;
; -0.089 ; maquina_estados_principal:U_FSM|estado_actual.BLOQUEO ; controlador_buzzer:U_BUZZER|contador[12] ; CLOCK_50     ; CLOCK_50    ; 1.000        ; -0.035     ; 1.041      ;
; -0.073 ; gestor_admin:U_ADMIN|estado.ESPERA                    ; controlador_buzzer:U_BUZZER|beep_i       ; CLOCK_50     ; CLOCK_50    ; 1.000        ; -0.036     ; 1.024      ;
; -0.073 ; gestor_admin:U_ADMIN|estado.ESPERA                    ; controlador_buzzer:U_BUZZER|contador[2]  ; CLOCK_50     ; CLOCK_50    ; 1.000        ; -0.036     ; 1.024      ;
; -0.073 ; gestor_admin:U_ADMIN|estado.ESPERA                    ; controlador_buzzer:U_BUZZER|contador[15] ; CLOCK_50     ; CLOCK_50    ; 1.000        ; -0.036     ; 1.024      ;
; -0.037 ; modo_admin_prev_s                                     ; controlador_buzzer:U_BUZZER|contador[11] ; CLOCK_50     ; CLOCK_50    ; 1.000        ; -0.047     ; 0.977      ;
; -0.037 ; modo_admin_prev_s                                     ; controlador_buzzer:U_BUZZER|contador[14] ; CLOCK_50     ; CLOCK_50    ; 1.000        ; -0.047     ; 0.977      ;
; -0.037 ; modo_admin_prev_s                                     ; controlador_buzzer:U_BUZZER|contador[13] ; CLOCK_50     ; CLOCK_50    ; 1.000        ; -0.047     ; 0.977      ;
; -0.037 ; modo_admin_prev_s                                     ; controlador_buzzer:U_BUZZER|contador[9]  ; CLOCK_50     ; CLOCK_50    ; 1.000        ; -0.047     ; 0.977      ;
; -0.037 ; modo_admin_prev_s                                     ; controlador_buzzer:U_BUZZER|contador[8]  ; CLOCK_50     ; CLOCK_50    ; 1.000        ; -0.047     ; 0.977      ;
; -0.037 ; modo_admin_prev_s                                     ; controlador_buzzer:U_BUZZER|contador[7]  ; CLOCK_50     ; CLOCK_50    ; 1.000        ; -0.047     ; 0.977      ;
; -0.037 ; modo_admin_prev_s                                     ; controlador_buzzer:U_BUZZER|contador[6]  ; CLOCK_50     ; CLOCK_50    ; 1.000        ; -0.047     ; 0.977      ;
; -0.037 ; modo_admin_prev_s                                     ; controlador_buzzer:U_BUZZER|contador[3]  ; CLOCK_50     ; CLOCK_50    ; 1.000        ; -0.047     ; 0.977      ;
; -0.037 ; modo_admin_prev_s                                     ; controlador_buzzer:U_BUZZER|contador[1]  ; CLOCK_50     ; CLOCK_50    ; 1.000        ; -0.047     ; 0.977      ;
; -0.019 ; modo_admin_prev_s                                     ; controlador_buzzer:U_BUZZER|beep_i       ; CLOCK_50     ; CLOCK_50    ; 1.000        ; -0.036     ; 0.970      ;
; -0.019 ; modo_admin_prev_s                                     ; controlador_buzzer:U_BUZZER|contador[2]  ; CLOCK_50     ; CLOCK_50    ; 1.000        ; -0.036     ; 0.970      ;
; -0.019 ; modo_admin_prev_s                                     ; controlador_buzzer:U_BUZZER|contador[15] ; CLOCK_50     ; CLOCK_50    ; 1.000        ; -0.036     ; 0.970      ;
; 0.018  ; gestor_admin:U_ADMIN|estado.ESPERA                    ; controlador_buzzer:U_BUZZER|contador[0]  ; CLOCK_50     ; CLOCK_50    ; 1.000        ; -0.035     ; 0.934      ;
; 0.018  ; gestor_admin:U_ADMIN|estado.ESPERA                    ; controlador_buzzer:U_BUZZER|contador[10] ; CLOCK_50     ; CLOCK_50    ; 1.000        ; -0.035     ; 0.934      ;
; 0.018  ; gestor_admin:U_ADMIN|estado.ESPERA                    ; controlador_buzzer:U_BUZZER|contador[4]  ; CLOCK_50     ; CLOCK_50    ; 1.000        ; -0.035     ; 0.934      ;
; 0.018  ; gestor_admin:U_ADMIN|estado.ESPERA                    ; controlador_buzzer:U_BUZZER|contador[5]  ; CLOCK_50     ; CLOCK_50    ; 1.000        ; -0.035     ; 0.934      ;
; 0.018  ; gestor_admin:U_ADMIN|estado.ESPERA                    ; controlador_buzzer:U_BUZZER|contador[12] ; CLOCK_50     ; CLOCK_50    ; 1.000        ; -0.035     ; 0.934      ;
; 0.097  ; modo_admin_prev_s                                     ; controlador_buzzer:U_BUZZER|contador[0]  ; CLOCK_50     ; CLOCK_50    ; 1.000        ; -0.035     ; 0.855      ;
; 0.097  ; modo_admin_prev_s                                     ; controlador_buzzer:U_BUZZER|contador[10] ; CLOCK_50     ; CLOCK_50    ; 1.000        ; -0.035     ; 0.855      ;
; 0.097  ; modo_admin_prev_s                                     ; controlador_buzzer:U_BUZZER|contador[4]  ; CLOCK_50     ; CLOCK_50    ; 1.000        ; -0.035     ; 0.855      ;
; 0.097  ; modo_admin_prev_s                                     ; controlador_buzzer:U_BUZZER|contador[5]  ; CLOCK_50     ; CLOCK_50    ; 1.000        ; -0.035     ; 0.855      ;
; 0.097  ; modo_admin_prev_s                                     ; controlador_buzzer:U_BUZZER|contador[12] ; CLOCK_50     ; CLOCK_50    ; 1.000        ; -0.035     ; 0.855      ;
+--------+-------------------------------------------------------+------------------------------------------+--------------+-------------+--------------+------------+------------+


+--------------------------------------------------------------------------------------------------------------------------------------------------------------------------------+
; Fast 1200mV 0C Model Removal: 'CLOCK_50'                                                                                                                                       ;
+-------+-------------------------------------------------------+------------------------------------------+--------------+-------------+--------------+------------+------------+
; Slack ; From Node                                             ; To Node                                  ; Launch Clock ; Latch Clock ; Relationship ; Clock Skew ; Data Delay ;
+-------+-------------------------------------------------------+------------------------------------------+--------------+-------------+--------------+------------+------------+
; 0.655 ; modo_admin_prev_s                                     ; controlador_buzzer:U_BUZZER|contador[0]  ; CLOCK_50     ; CLOCK_50    ; 0.000        ; 0.035      ; 0.774      ;
; 0.655 ; modo_admin_prev_s                                     ; controlador_buzzer:U_BUZZER|contador[10] ; CLOCK_50     ; CLOCK_50    ; 0.000        ; 0.035      ; 0.774      ;
; 0.655 ; modo_admin_prev_s                                     ; controlador_buzzer:U_BUZZER|contador[4]  ; CLOCK_50     ; CLOCK_50    ; 0.000        ; 0.035      ; 0.774      ;
; 0.655 ; modo_admin_prev_s                                     ; controlador_buzzer:U_BUZZER|contador[5]  ; CLOCK_50     ; CLOCK_50    ; 0.000        ; 0.035      ; 0.774      ;
; 0.655 ; modo_admin_prev_s                                     ; controlador_buzzer:U_BUZZER|contador[12] ; CLOCK_50     ; CLOCK_50    ; 0.000        ; 0.035      ; 0.774      ;
; 0.741 ; modo_admin_prev_s                                     ; controlador_buzzer:U_BUZZER|beep_i       ; CLOCK_50     ; CLOCK_50    ; 0.000        ; 0.035      ; 0.860      ;
; 0.741 ; modo_admin_prev_s                                     ; controlador_buzzer:U_BUZZER|contador[2]  ; CLOCK_50     ; CLOCK_50    ; 0.000        ; 0.035      ; 0.860      ;
; 0.741 ; modo_admin_prev_s                                     ; controlador_buzzer:U_BUZZER|contador[15] ; CLOCK_50     ; CLOCK_50    ; 0.000        ; 0.035      ; 0.860      ;
; 0.743 ; gestor_admin:U_ADMIN|estado.ESPERA                    ; controlador_buzzer:U_BUZZER|contador[0]  ; CLOCK_50     ; CLOCK_50    ; 0.000        ; 0.035      ; 0.862      ;
; 0.743 ; gestor_admin:U_ADMIN|estado.ESPERA                    ; controlador_buzzer:U_BUZZER|contador[10] ; CLOCK_50     ; CLOCK_50    ; 0.000        ; 0.035      ; 0.862      ;
; 0.743 ; gestor_admin:U_ADMIN|estado.ESPERA                    ; controlador_buzzer:U_BUZZER|contador[4]  ; CLOCK_50     ; CLOCK_50    ; 0.000        ; 0.035      ; 0.862      ;
; 0.743 ; gestor_admin:U_ADMIN|estado.ESPERA                    ; controlador_buzzer:U_BUZZER|contador[5]  ; CLOCK_50     ; CLOCK_50    ; 0.000        ; 0.035      ; 0.862      ;
; 0.743 ; gestor_admin:U_ADMIN|estado.ESPERA                    ; controlador_buzzer:U_BUZZER|contador[12] ; CLOCK_50     ; CLOCK_50    ; 0.000        ; 0.035      ; 0.862      ;
; 0.748 ; modo_admin_prev_s                                     ; controlador_buzzer:U_BUZZER|contador[11] ; CLOCK_50     ; CLOCK_50    ; 0.000        ; 0.043      ; 0.875      ;
; 0.748 ; modo_admin_prev_s                                     ; controlador_buzzer:U_BUZZER|contador[14] ; CLOCK_50     ; CLOCK_50    ; 0.000        ; 0.043      ; 0.875      ;
; 0.748 ; modo_admin_prev_s                                     ; controlador_buzzer:U_BUZZER|contador[13] ; CLOCK_50     ; CLOCK_50    ; 0.000        ; 0.043      ; 0.875      ;
; 0.748 ; modo_admin_prev_s                                     ; controlador_buzzer:U_BUZZER|contador[9]  ; CLOCK_50     ; CLOCK_50    ; 0.000        ; 0.043      ; 0.875      ;
; 0.748 ; modo_admin_prev_s                                     ; controlador_buzzer:U_BUZZER|contador[8]  ; CLOCK_50     ; CLOCK_50    ; 0.000        ; 0.043      ; 0.875      ;
; 0.748 ; modo_admin_prev_s                                     ; controlador_buzzer:U_BUZZER|contador[7]  ; CLOCK_50     ; CLOCK_50    ; 0.000        ; 0.043      ; 0.875      ;
; 0.748 ; modo_admin_prev_s                                     ; controlador_buzzer:U_BUZZER|contador[6]  ; CLOCK_50     ; CLOCK_50    ; 0.000        ; 0.043      ; 0.875      ;
; 0.748 ; modo_admin_prev_s                                     ; controlador_buzzer:U_BUZZER|contador[3]  ; CLOCK_50     ; CLOCK_50    ; 0.000        ; 0.043      ; 0.875      ;
; 0.748 ; modo_admin_prev_s                                     ; controlador_buzzer:U_BUZZER|contador[1]  ; CLOCK_50     ; CLOCK_50    ; 0.000        ; 0.043      ; 0.875      ;
; 0.793 ; maquina_estados_principal:U_FSM|estado_actual.BLOQUEO ; controlador_buzzer:U_BUZZER|contador[0]  ; CLOCK_50     ; CLOCK_50    ; 0.000        ; 0.035      ; 0.912      ;
; 0.793 ; maquina_estados_principal:U_FSM|estado_actual.BLOQUEO ; controlador_buzzer:U_BUZZER|contador[10] ; CLOCK_50     ; CLOCK_50    ; 0.000        ; 0.035      ; 0.912      ;
; 0.793 ; maquina_estados_principal:U_FSM|estado_actual.BLOQUEO ; controlador_buzzer:U_BUZZER|contador[4]  ; CLOCK_50     ; CLOCK_50    ; 0.000        ; 0.035      ; 0.912      ;
; 0.793 ; maquina_estados_principal:U_FSM|estado_actual.BLOQUEO ; controlador_buzzer:U_BUZZER|contador[5]  ; CLOCK_50     ; CLOCK_50    ; 0.000        ; 0.035      ; 0.912      ;
; 0.793 ; maquina_estados_principal:U_FSM|estado_actual.BLOQUEO ; controlador_buzzer:U_BUZZER|contador[12] ; CLOCK_50     ; CLOCK_50    ; 0.000        ; 0.035      ; 0.912      ;
; 0.852 ; gestor_admin:U_ADMIN|estado.ESPERA                    ; controlador_buzzer:U_BUZZER|contador[11] ; CLOCK_50     ; CLOCK_50    ; 0.000        ; 0.043      ; 0.979      ;
; 0.852 ; gestor_admin:U_ADMIN|estado.ESPERA                    ; controlador_buzzer:U_BUZZER|contador[14] ; CLOCK_50     ; CLOCK_50    ; 0.000        ; 0.043      ; 0.979      ;
; 0.852 ; gestor_admin:U_ADMIN|estado.ESPERA                    ; controlador_buzzer:U_BUZZER|contador[13] ; CLOCK_50     ; CLOCK_50    ; 0.000        ; 0.043      ; 0.979      ;
; 0.852 ; gestor_admin:U_ADMIN|estado.ESPERA                    ; controlador_buzzer:U_BUZZER|contador[9]  ; CLOCK_50     ; CLOCK_50    ; 0.000        ; 0.043      ; 0.979      ;
; 0.852 ; gestor_admin:U_ADMIN|estado.ESPERA                    ; controlador_buzzer:U_BUZZER|contador[8]  ; CLOCK_50     ; CLOCK_50    ; 0.000        ; 0.043      ; 0.979      ;
; 0.852 ; gestor_admin:U_ADMIN|estado.ESPERA                    ; controlador_buzzer:U_BUZZER|contador[7]  ; CLOCK_50     ; CLOCK_50    ; 0.000        ; 0.043      ; 0.979      ;
; 0.852 ; gestor_admin:U_ADMIN|estado.ESPERA                    ; controlador_buzzer:U_BUZZER|contador[6]  ; CLOCK_50     ; CLOCK_50    ; 0.000        ; 0.043      ; 0.979      ;
; 0.852 ; gestor_admin:U_ADMIN|estado.ESPERA                    ; controlador_buzzer:U_BUZZER|contador[3]  ; CLOCK_50     ; CLOCK_50    ; 0.000        ; 0.043      ; 0.979      ;
; 0.852 ; gestor_admin:U_ADMIN|estado.ESPERA                    ; controlador_buzzer:U_BUZZER|contador[1]  ; CLOCK_50     ; CLOCK_50    ; 0.000        ; 0.043      ; 0.979      ;
; 0.853 ; gestor_admin:U_ADMIN|estado.ESPERA                    ; controlador_buzzer:U_BUZZER|beep_i       ; CLOCK_50     ; CLOCK_50    ; 0.000        ; 0.035      ; 0.972      ;
; 0.853 ; gestor_admin:U_ADMIN|estado.ESPERA                    ; controlador_buzzer:U_BUZZER|contador[2]  ; CLOCK_50     ; CLOCK_50    ; 0.000        ; 0.035      ; 0.972      ;
; 0.853 ; gestor_admin:U_ADMIN|estado.ESPERA                    ; controlador_buzzer:U_BUZZER|contador[15] ; CLOCK_50     ; CLOCK_50    ; 0.000        ; 0.035      ; 0.972      ;
; 0.902 ; maquina_estados_principal:U_FSM|estado_actual.BLOQUEO ; controlador_buzzer:U_BUZZER|contador[11] ; CLOCK_50     ; CLOCK_50    ; 0.000        ; 0.043      ; 1.029      ;
; 0.902 ; maquina_estados_principal:U_FSM|estado_actual.BLOQUEO ; controlador_buzzer:U_BUZZER|contador[14] ; CLOCK_50     ; CLOCK_50    ; 0.000        ; 0.043      ; 1.029      ;
; 0.902 ; maquina_estados_principal:U_FSM|estado_actual.BLOQUEO ; controlador_buzzer:U_BUZZER|contador[13] ; CLOCK_50     ; CLOCK_50    ; 0.000        ; 0.043      ; 1.029      ;
; 0.902 ; maquina_estados_principal:U_FSM|estado_actual.BLOQUEO ; controlador_buzzer:U_BUZZER|contador[9]  ; CLOCK_50     ; CLOCK_50    ; 0.000        ; 0.043      ; 1.029      ;
; 0.902 ; maquina_estados_principal:U_FSM|estado_actual.BLOQUEO ; controlador_buzzer:U_BUZZER|contador[8]  ; CLOCK_50     ; CLOCK_50    ; 0.000        ; 0.043      ; 1.029      ;
; 0.902 ; maquina_estados_principal:U_FSM|estado_actual.BLOQUEO ; controlador_buzzer:U_BUZZER|contador[7]  ; CLOCK_50     ; CLOCK_50    ; 0.000        ; 0.043      ; 1.029      ;
; 0.902 ; maquina_estados_principal:U_FSM|estado_actual.BLOQUEO ; controlador_buzzer:U_BUZZER|contador[6]  ; CLOCK_50     ; CLOCK_50    ; 0.000        ; 0.043      ; 1.029      ;
; 0.902 ; maquina_estados_principal:U_FSM|estado_actual.BLOQUEO ; controlador_buzzer:U_BUZZER|contador[3]  ; CLOCK_50     ; CLOCK_50    ; 0.000        ; 0.043      ; 1.029      ;
; 0.902 ; maquina_estados_principal:U_FSM|estado_actual.BLOQUEO ; controlador_buzzer:U_BUZZER|contador[1]  ; CLOCK_50     ; CLOCK_50    ; 0.000        ; 0.043      ; 1.029      ;
; 0.903 ; maquina_estados_principal:U_FSM|estado_actual.BLOQUEO ; controlador_buzzer:U_BUZZER|beep_i       ; CLOCK_50     ; CLOCK_50    ; 0.000        ; 0.035      ; 1.022      ;
; 0.903 ; maquina_estados_principal:U_FSM|estado_actual.BLOQUEO ; controlador_buzzer:U_BUZZER|contador[2]  ; CLOCK_50     ; CLOCK_50    ; 0.000        ; 0.035      ; 1.022      ;
; 0.903 ; maquina_estados_principal:U_FSM|estado_actual.BLOQUEO ; controlador_buzzer:U_BUZZER|contador[15] ; CLOCK_50     ; CLOCK_50    ; 0.000        ; 0.035      ; 1.022      ;
+-------+-------------------------------------------------------+------------------------------------------+--------------+-------------+--------------+------------+------------+


+----------------------------------------------------------------------------------------------------------------------------------------------+
; Fast 1200mV 0C Model Minimum Pulse Width: 'CLOCK_50'                                                                                         ;
+--------+--------------+----------------+------------+----------+------------+----------------------------------------------------------------+
; Slack  ; Actual Width ; Required Width ; Type       ; Clock    ; Clock Edge ; Target                                                         ;
+--------+--------------+----------------+------------+----------+------------+----------------------------------------------------------------+
; -3.000 ; 1.000        ; 4.000          ; Port Rate  ; CLOCK_50 ; Rise       ; CLOCK_50                                                       ;
; -1.000 ; 1.000        ; 2.000          ; Min Period ; CLOCK_50 ; Rise       ; comparador_clave_4_digitos:U_GESTOR|addr_rd[0]                 ;
; -1.000 ; 1.000        ; 2.000          ; Min Period ; CLOCK_50 ; Rise       ; comparador_clave_4_digitos:U_GESTOR|addr_rd[1]                 ;
; -1.000 ; 1.000        ; 2.000          ; Min Period ; CLOCK_50 ; Rise       ; comparador_clave_4_digitos:U_GESTOR|addr_rd[2]                 ;
; -1.000 ; 1.000        ; 2.000          ; Min Period ; CLOCK_50 ; Rise       ; comparador_clave_4_digitos:U_GESTOR|addr_rd[3]                 ;
; -1.000 ; 1.000        ; 2.000          ; Min Period ; CLOCK_50 ; Rise       ; comparador_clave_4_digitos:U_GESTOR|addr_rd[4]                 ;
; -1.000 ; 1.000        ; 2.000          ; Min Period ; CLOCK_50 ; Rise       ; comparador_clave_4_digitos:U_GESTOR|addr_rd[5]                 ;
; -1.000 ; 1.000        ; 2.000          ; Min Period ; CLOCK_50 ; Rise       ; comparador_clave_4_digitos:U_GESTOR|base_addr_reg[1]           ;
; -1.000 ; 1.000        ; 2.000          ; Min Period ; CLOCK_50 ; Rise       ; comparador_clave_4_digitos:U_GESTOR|base_addr_reg[2]           ;
; -1.000 ; 1.000        ; 2.000          ; Min Period ; CLOCK_50 ; Rise       ; comparador_clave_4_digitos:U_GESTOR|base_addr_reg[3]           ;
; -1.000 ; 1.000        ; 2.000          ; Min Period ; CLOCK_50 ; Rise       ; comparador_clave_4_digitos:U_GESTOR|base_addr_reg[4]           ;
; -1.000 ; 1.000        ; 2.000          ; Min Period ; CLOCK_50 ; Rise       ; comparador_clave_4_digitos:U_GESTOR|d0_ram[0]                  ;
; -1.000 ; 1.000        ; 2.000          ; Min Period ; CLOCK_50 ; Rise       ; comparador_clave_4_digitos:U_GESTOR|d0_ram[1]                  ;
; -1.000 ; 1.000        ; 2.000          ; Min Period ; CLOCK_50 ; Rise       ; comparador_clave_4_digitos:U_GESTOR|d0_ram[2]                  ;
; -1.000 ; 1.000        ; 2.000          ; Min Period ; CLOCK_50 ; Rise       ; comparador_clave_4_digitos:U_GESTOR|d0_ram[3]                  ;
; -1.000 ; 1.000        ; 2.000          ; Min Period ; CLOCK_50 ; Rise       ; comparador_clave_4_digitos:U_GESTOR|d1_ram[0]                  ;
; -1.000 ; 1.000        ; 2.000          ; Min Period ; CLOCK_50 ; Rise       ; comparador_clave_4_digitos:U_GESTOR|d1_ram[1]                  ;
; -1.000 ; 1.000        ; 2.000          ; Min Period ; CLOCK_50 ; Rise       ; comparador_clave_4_digitos:U_GESTOR|d1_ram[2]                  ;
; -1.000 ; 1.000        ; 2.000          ; Min Period ; CLOCK_50 ; Rise       ; comparador_clave_4_digitos:U_GESTOR|d1_ram[3]                  ;
; -1.000 ; 1.000        ; 2.000          ; Min Period ; CLOCK_50 ; Rise       ; comparador_clave_4_digitos:U_GESTOR|d2_ram[0]                  ;
; -1.000 ; 1.000        ; 2.000          ; Min Period ; CLOCK_50 ; Rise       ; comparador_clave_4_digitos:U_GESTOR|d2_ram[1]                  ;
; -1.000 ; 1.000        ; 2.000          ; Min Period ; CLOCK_50 ; Rise       ; comparador_clave_4_digitos:U_GESTOR|d2_ram[2]                  ;
; -1.000 ; 1.000        ; 2.000          ; Min Period ; CLOCK_50 ; Rise       ; comparador_clave_4_digitos:U_GESTOR|d2_ram[3]                  ;
; -1.000 ; 1.000        ; 2.000          ; Min Period ; CLOCK_50 ; Rise       ; comparador_clave_4_digitos:U_GESTOR|d3_ram[0]                  ;
; -1.000 ; 1.000        ; 2.000          ; Min Period ; CLOCK_50 ; Rise       ; comparador_clave_4_digitos:U_GESTOR|d3_ram[1]                  ;
; -1.000 ; 1.000        ; 2.000          ; Min Period ; CLOCK_50 ; Rise       ; comparador_clave_4_digitos:U_GESTOR|d3_ram[2]                  ;
; -1.000 ; 1.000        ; 2.000          ; Min Period ; CLOCK_50 ; Rise       ; comparador_clave_4_digitos:U_GESTOR|d3_ram[3]                  ;
; -1.000 ; 1.000        ; 2.000          ; Min Period ; CLOCK_50 ; Rise       ; comparador_clave_4_digitos:U_GESTOR|es_admin                   ;
; -1.000 ; 1.000        ; 2.000          ; Min Period ; CLOCK_50 ; Rise       ; comparador_clave_4_digitos:U_GESTOR|estado_rd.ESPERA_SELECCION ;
; -1.000 ; 1.000        ; 2.000          ; Min Period ; CLOCK_50 ; Rise       ; comparador_clave_4_digitos:U_GESTOR|estado_rd.LEE_D0           ;
; -1.000 ; 1.000        ; 2.000          ; Min Period ; CLOCK_50 ; Rise       ; comparador_clave_4_digitos:U_GESTOR|estado_rd.LEE_D1           ;
; -1.000 ; 1.000        ; 2.000          ; Min Period ; CLOCK_50 ; Rise       ; comparador_clave_4_digitos:U_GESTOR|estado_rd.LEE_D2           ;
; -1.000 ; 1.000        ; 2.000          ; Min Period ; CLOCK_50 ; Rise       ; comparador_clave_4_digitos:U_GESTOR|estado_rd.LEE_D3           ;
; -1.000 ; 1.000        ; 2.000          ; Min Period ; CLOCK_50 ; Rise       ; comparador_clave_4_digitos:U_GESTOR|estado_rd.LEE_HOR          ;
; -1.000 ; 1.000        ; 2.000          ; Min Period ; CLOCK_50 ; Rise       ; comparador_clave_4_digitos:U_GESTOR|estado_rd.LEE_ID           ;
; -1.000 ; 1.000        ; 2.000          ; Min Period ; CLOCK_50 ; Rise       ; comparador_clave_4_digitos:U_GESTOR|estado_rd.LISTO            ;
; -1.000 ; 1.000        ; 2.000          ; Min Period ; CLOCK_50 ; Rise       ; comparador_clave_4_digitos:U_GESTOR|hay_usuario                ;
; -1.000 ; 1.000        ; 2.000          ; Min Period ; CLOCK_50 ; Rise       ; comparador_clave_4_digitos:U_GESTOR|horario_ram[0]             ;
; -1.000 ; 1.000        ; 2.000          ; Min Period ; CLOCK_50 ; Rise       ; comparador_clave_4_digitos:U_GESTOR|horario_ram[1]             ;
; -1.000 ; 1.000        ; 2.000          ; Min Period ; CLOCK_50 ; Rise       ; comparador_clave_4_digitos:U_GESTOR|id_ram[0]                  ;
; -1.000 ; 1.000        ; 2.000          ; Min Period ; CLOCK_50 ; Rise       ; comparador_clave_4_digitos:U_GESTOR|id_ram[1]                  ;
; -1.000 ; 1.000        ; 2.000          ; Min Period ; CLOCK_50 ; Rise       ; comparador_clave_4_digitos:U_GESTOR|id_ram[2]                  ;
; -1.000 ; 1.000        ; 2.000          ; Min Period ; CLOCK_50 ; Rise       ; comparador_clave_4_digitos:U_GESTOR|id_ram[3]                  ;
; -1.000 ; 1.000        ; 2.000          ; Min Period ; CLOCK_50 ; Rise       ; comparador_clave_4_digitos:U_GESTOR|id_ram[4]                  ;
; -1.000 ; 1.000        ; 2.000          ; Min Period ; CLOCK_50 ; Rise       ; comparador_clave_4_digitos:U_GESTOR|id_ram[5]                  ;
; -1.000 ; 1.000        ; 2.000          ; Min Period ; CLOCK_50 ; Rise       ; comparador_clave_4_digitos:U_GESTOR|id_ram[6]                  ;
; -1.000 ; 1.000        ; 2.000          ; Min Period ; CLOCK_50 ; Rise       ; comparador_clave_4_digitos:U_GESTOR|id_ram[7]                  ;
; -1.000 ; 1.000        ; 2.000          ; Min Period ; CLOCK_50 ; Rise       ; contador_horario_180s:U_HORARIO|contador[0]                    ;
; -1.000 ; 1.000        ; 2.000          ; Min Period ; CLOCK_50 ; Rise       ; contador_horario_180s:U_HORARIO|contador[1]                    ;
; -1.000 ; 1.000        ; 2.000          ; Min Period ; CLOCK_50 ; Rise       ; contador_horario_180s:U_HORARIO|contador[2]                    ;
; -1.000 ; 1.000        ; 2.000          ; Min Period ; CLOCK_50 ; Rise       ; contador_horario_180s:U_HORARIO|contador[3]                    ;
; -1.000 ; 1.000        ; 2.000          ; Min Period ; CLOCK_50 ; Rise       ; contador_horario_180s:U_HORARIO|contador[4]                    ;
; -1.000 ; 1.000        ; 2.000          ; Min Period ; CLOCK_50 ; Rise       ; contador_horario_180s:U_HORARIO|contador[5]                    ;
; -1.000 ; 1.000        ; 2.000          ; Min Period ; CLOCK_50 ; Rise       ; contador_horario_180s:U_HORARIO|contador[6]                    ;
; -1.000 ; 1.000        ; 2.000          ; Min Period ; CLOCK_50 ; Rise       ; contador_horario_180s:U_HORARIO|contador[7]                    ;
; -1.000 ; 1.000        ; 2.000          ; Min Period ; CLOCK_50 ; Rise       ; controlador_buzzer:U_BUZZER|beep_i                             ;
; -1.000 ; 1.000        ; 2.000          ; Min Period ; CLOCK_50 ; Rise       ; controlador_buzzer:U_BUZZER|contador[0]                        ;
; -1.000 ; 1.000        ; 2.000          ; Min Period ; CLOCK_50 ; Rise       ; controlador_buzzer:U_BUZZER|contador[10]                       ;
; -1.000 ; 1.000        ; 2.000          ; Min Period ; CLOCK_50 ; Rise       ; controlador_buzzer:U_BUZZER|contador[11]                       ;
; -1.000 ; 1.000        ; 2.000          ; Min Period ; CLOCK_50 ; Rise       ; controlador_buzzer:U_BUZZER|contador[12]                       ;
; -1.000 ; 1.000        ; 2.000          ; Min Period ; CLOCK_50 ; Rise       ; controlador_buzzer:U_BUZZER|contador[13]                       ;
; -1.000 ; 1.000        ; 2.000          ; Min Period ; CLOCK_50 ; Rise       ; controlador_buzzer:U_BUZZER|contador[14]                       ;
; -1.000 ; 1.000        ; 2.000          ; Min Period ; CLOCK_50 ; Rise       ; controlador_buzzer:U_BUZZER|contador[15]                       ;
; -1.000 ; 1.000        ; 2.000          ; Min Period ; CLOCK_50 ; Rise       ; controlador_buzzer:U_BUZZER|contador[1]                        ;
; -1.000 ; 1.000        ; 2.000          ; Min Period ; CLOCK_50 ; Rise       ; controlador_buzzer:U_BUZZER|contador[2]                        ;
; -1.000 ; 1.000        ; 2.000          ; Min Period ; CLOCK_50 ; Rise       ; controlador_buzzer:U_BUZZER|contador[3]                        ;
; -1.000 ; 1.000        ; 2.000          ; Min Period ; CLOCK_50 ; Rise       ; controlador_buzzer:U_BUZZER|contador[4]                        ;
; -1.000 ; 1.000        ; 2.000          ; Min Period ; CLOCK_50 ; Rise       ; controlador_buzzer:U_BUZZER|contador[5]                        ;
; -1.000 ; 1.000        ; 2.000          ; Min Period ; CLOCK_50 ; Rise       ; controlador_buzzer:U_BUZZER|contador[6]                        ;
; -1.000 ; 1.000        ; 2.000          ; Min Period ; CLOCK_50 ; Rise       ; controlador_buzzer:U_BUZZER|contador[7]                        ;
; -1.000 ; 1.000        ; 2.000          ; Min Period ; CLOCK_50 ; Rise       ; controlador_buzzer:U_BUZZER|contador[8]                        ;
; -1.000 ; 1.000        ; 2.000          ; Min Period ; CLOCK_50 ; Rise       ; controlador_buzzer:U_BUZZER|contador[9]                        ;
; -1.000 ; 1.000        ; 2.000          ; Min Period ; CLOCK_50 ; Rise       ; controlador_servo:U_SERVO|counter[0]                           ;
; -1.000 ; 1.000        ; 2.000          ; Min Period ; CLOCK_50 ; Rise       ; controlador_servo:U_SERVO|counter[10]                          ;
; -1.000 ; 1.000        ; 2.000          ; Min Period ; CLOCK_50 ; Rise       ; controlador_servo:U_SERVO|counter[11]                          ;
; -1.000 ; 1.000        ; 2.000          ; Min Period ; CLOCK_50 ; Rise       ; controlador_servo:U_SERVO|counter[12]                          ;
; -1.000 ; 1.000        ; 2.000          ; Min Period ; CLOCK_50 ; Rise       ; controlador_servo:U_SERVO|counter[13]                          ;
; -1.000 ; 1.000        ; 2.000          ; Min Period ; CLOCK_50 ; Rise       ; controlador_servo:U_SERVO|counter[14]                          ;
; -1.000 ; 1.000        ; 2.000          ; Min Period ; CLOCK_50 ; Rise       ; controlador_servo:U_SERVO|counter[15]                          ;
; -1.000 ; 1.000        ; 2.000          ; Min Period ; CLOCK_50 ; Rise       ; controlador_servo:U_SERVO|counter[16]                          ;
; -1.000 ; 1.000        ; 2.000          ; Min Period ; CLOCK_50 ; Rise       ; controlador_servo:U_SERVO|counter[17]                          ;
; -1.000 ; 1.000        ; 2.000          ; Min Period ; CLOCK_50 ; Rise       ; controlador_servo:U_SERVO|counter[18]                          ;
; -1.000 ; 1.000        ; 2.000          ; Min Period ; CLOCK_50 ; Rise       ; controlador_servo:U_SERVO|counter[19]                          ;
; -1.000 ; 1.000        ; 2.000          ; Min Period ; CLOCK_50 ; Rise       ; controlador_servo:U_SERVO|counter[1]                           ;
; -1.000 ; 1.000        ; 2.000          ; Min Period ; CLOCK_50 ; Rise       ; controlador_servo:U_SERVO|counter[2]                           ;
; -1.000 ; 1.000        ; 2.000          ; Min Period ; CLOCK_50 ; Rise       ; controlador_servo:U_SERVO|counter[3]                           ;
; -1.000 ; 1.000        ; 2.000          ; Min Period ; CLOCK_50 ; Rise       ; controlador_servo:U_SERVO|counter[4]                           ;
; -1.000 ; 1.000        ; 2.000          ; Min Period ; CLOCK_50 ; Rise       ; controlador_servo:U_SERVO|counter[5]                           ;
; -1.000 ; 1.000        ; 2.000          ; Min Period ; CLOCK_50 ; Rise       ; controlador_servo:U_SERVO|counter[6]                           ;
; -1.000 ; 1.000        ; 2.000          ; Min Period ; CLOCK_50 ; Rise       ; controlador_servo:U_SERVO|counter[7]                           ;
; -1.000 ; 1.000        ; 2.000          ; Min Period ; CLOCK_50 ; Rise       ; controlador_servo:U_SERVO|counter[8]                           ;
; -1.000 ; 1.000        ; 2.000          ; Min Period ; CLOCK_50 ; Rise       ; controlador_servo:U_SERVO|counter[9]                           ;
; -1.000 ; 1.000        ; 2.000          ; Min Period ; CLOCK_50 ; Rise       ; controlador_servo:U_SERVO|pulse_width[16]                      ;
; -1.000 ; 1.000        ; 2.000          ; Min Period ; CLOCK_50 ; Rise       ; controlador_servo:U_SERVO|servo_pwm                            ;
; -1.000 ; 1.000        ; 2.000          ; Min Period ; CLOCK_50 ; Rise       ; delay_sensor[0]                                                ;
; -1.000 ; 1.000        ; 2.000          ; Min Period ; CLOCK_50 ; Rise       ; delay_sensor[1]                                                ;
; -1.000 ; 1.000        ; 2.000          ; Min Period ; CLOCK_50 ; Rise       ; generador_tick_1s:U_TICK|contador[0]                           ;
; -1.000 ; 1.000        ; 2.000          ; Min Period ; CLOCK_50 ; Rise       ; generador_tick_1s:U_TICK|contador[10]                          ;
; -1.000 ; 1.000        ; 2.000          ; Min Period ; CLOCK_50 ; Rise       ; generador_tick_1s:U_TICK|contador[11]                          ;
; -1.000 ; 1.000        ; 2.000          ; Min Period ; CLOCK_50 ; Rise       ; generador_tick_1s:U_TICK|contador[12]                          ;
+--------+--------------+----------------+------------+----------+------------+----------------------------------------------------------------+


+---------------------------------------------------------------------------+
; Setup Times                                                               ;
+---------------+------------+-------+-------+------------+-----------------+
; Data Port     ; Clock Port ; Rise  ; Fall  ; Clock Edge ; Clock Reference ;
+---------------+------------+-------+-------+------------+-----------------+
; FILA[*]       ; CLOCK_50   ; 2.545 ; 3.202 ; Rise       ; CLOCK_50        ;
;  FILA[0]      ; CLOCK_50   ; 2.446 ; 3.082 ; Rise       ; CLOCK_50        ;
;  FILA[1]      ; CLOCK_50   ; 2.505 ; 3.163 ; Rise       ; CLOCK_50        ;
;  FILA[2]      ; CLOCK_50   ; 2.545 ; 3.202 ; Rise       ; CLOCK_50        ;
;  FILA[3]      ; CLOCK_50   ; 2.491 ; 3.135 ; Rise       ; CLOCK_50        ;
; INTRUSION_SW  ; CLOCK_50   ; 4.144 ; 4.826 ; Rise       ; CLOCK_50        ;
; RESET         ; CLOCK_50   ; 2.584 ; 3.282 ; Rise       ; CLOCK_50        ;
; SALIR_ADMIN   ; CLOCK_50   ; 2.406 ; 3.054 ; Rise       ; CLOCK_50        ;
; SENSOR_PUERTA ; CLOCK_50   ; 4.185 ; 4.825 ; Rise       ; CLOCK_50        ;
+---------------+------------+-------+-------+------------+-----------------+


+-----------------------------------------------------------------------------+
; Hold Times                                                                  ;
+---------------+------------+--------+--------+------------+-----------------+
; Data Port     ; Clock Port ; Rise   ; Fall   ; Clock Edge ; Clock Reference ;
+---------------+------------+--------+--------+------------+-----------------+
; FILA[*]       ; CLOCK_50   ; -1.167 ; -1.843 ; Rise       ; CLOCK_50        ;
;  FILA[0]      ; CLOCK_50   ; -1.167 ; -1.843 ; Rise       ; CLOCK_50        ;
;  FILA[1]      ; CLOCK_50   ; -1.225 ; -1.920 ; Rise       ; CLOCK_50        ;
;  FILA[2]      ; CLOCK_50   ; -1.263 ; -1.957 ; Rise       ; CLOCK_50        ;
;  FILA[3]      ; CLOCK_50   ; -1.210 ; -1.894 ; Rise       ; CLOCK_50        ;
; INTRUSION_SW  ; CLOCK_50   ; -1.735 ; -2.399 ; Rise       ; CLOCK_50        ;
; RESET         ; CLOCK_50   ; -1.839 ; -2.524 ; Rise       ; CLOCK_50        ;
; SALIR_ADMIN   ; CLOCK_50   ; -0.998 ; -1.603 ; Rise       ; CLOCK_50        ;
; SENSOR_PUERTA ; CLOCK_50   ; -1.755 ; -2.381 ; Rise       ; CLOCK_50        ;
+---------------+------------+--------+--------+------------+-----------------+


+---------------------------------------------------------------------------+
; Clock to Output Times                                                     ;
+-------------+------------+--------+--------+------------+-----------------+
; Data Port   ; Clock Port ; Rise   ; Fall   ; Clock Edge ; Clock Reference ;
+-------------+------------+--------+--------+------------+-----------------+
; BUZZER_OUT  ; CLOCK_50   ; 3.578  ; 3.690  ; Rise       ; CLOCK_50        ;
; COLUMNA[*]  ; CLOCK_50   ; 4.466  ; 4.276  ; Rise       ; CLOCK_50        ;
;  COLUMNA[0] ; CLOCK_50   ; 4.099  ; 4.276  ; Rise       ; CLOCK_50        ;
;  COLUMNA[1] ; CLOCK_50   ; 4.246  ; 4.274  ; Rise       ; CLOCK_50        ;
;  COLUMNA[2] ; CLOCK_50   ; 3.828  ; 3.955  ; Rise       ; CLOCK_50        ;
;  COLUMNA[3] ; CLOCK_50   ; 4.466  ; 4.272  ; Rise       ; CLOCK_50        ;
; HEX0[*]     ; CLOCK_50   ; 11.137 ; 11.337 ; Rise       ; CLOCK_50        ;
;  HEX0[0]    ; CLOCK_50   ; 10.917 ; 11.093 ; Rise       ; CLOCK_50        ;
;  HEX0[1]    ; CLOCK_50   ; 9.413  ; 9.679  ; Rise       ; CLOCK_50        ;
;  HEX0[2]    ; CLOCK_50   ; 10.731 ; 10.919 ; Rise       ; CLOCK_50        ;
;  HEX0[3]    ; CLOCK_50   ; 10.700 ; 10.828 ; Rise       ; CLOCK_50        ;
;  HEX0[4]    ; CLOCK_50   ; 10.117 ; 10.429 ; Rise       ; CLOCK_50        ;
;  HEX0[5]    ; CLOCK_50   ; 10.896 ; 11.047 ; Rise       ; CLOCK_50        ;
;  HEX0[6]    ; CLOCK_50   ; 11.137 ; 11.337 ; Rise       ; CLOCK_50        ;
; HEX1[*]     ; CLOCK_50   ; 6.005  ; 5.987  ; Rise       ; CLOCK_50        ;
;  HEX1[0]    ; CLOCK_50   ; 6.005  ; 5.987  ; Rise       ; CLOCK_50        ;
;  HEX1[1]    ; CLOCK_50   ; 5.643  ; 5.730  ; Rise       ; CLOCK_50        ;
;  HEX1[2]    ; CLOCK_50   ; 5.182  ; 5.242  ; Rise       ; CLOCK_50        ;
;  HEX1[3]    ; CLOCK_50   ; 5.524  ; 5.345  ; Rise       ; CLOCK_50        ;
;  HEX1[4]    ; CLOCK_50   ; 5.653  ; 5.748  ; Rise       ; CLOCK_50        ;
;  HEX1[5]    ; CLOCK_50   ; 5.303  ; 5.331  ; Rise       ; CLOCK_50        ;
;  HEX1[6]    ; CLOCK_50   ; 5.767  ; 5.795  ; Rise       ; CLOCK_50        ;
; HEX2[*]     ; CLOCK_50   ; 5.646  ; 5.801  ; Rise       ; CLOCK_50        ;
;  HEX2[0]    ; CLOCK_50   ; 5.020  ; 5.050  ; Rise       ; CLOCK_50        ;
;  HEX2[1]    ; CLOCK_50   ; 5.172  ; 5.236  ; Rise       ; CLOCK_50        ;
;  HEX2[2]    ; CLOCK_50   ; 5.646  ; 5.801  ; Rise       ; CLOCK_50        ;
;  HEX2[3]    ; CLOCK_50   ; 5.488  ; 5.689  ; Rise       ; CLOCK_50        ;
;  HEX2[4]    ; CLOCK_50   ; 4.827  ; 4.853  ; Rise       ; CLOCK_50        ;
;  HEX2[5]    ; CLOCK_50   ; 5.457  ; 5.646  ; Rise       ; CLOCK_50        ;
;  HEX2[6]    ; CLOCK_50   ; 5.346  ; 5.459  ; Rise       ; CLOCK_50        ;
; HEX3[*]     ; CLOCK_50   ; 5.752  ; 5.810  ; Rise       ; CLOCK_50        ;
;  HEX3[0]    ; CLOCK_50   ; 5.545  ; 5.558  ; Rise       ; CLOCK_50        ;
;  HEX3[1]    ; CLOCK_50   ; 5.399  ; 5.512  ; Rise       ; CLOCK_50        ;
;  HEX3[2]    ; CLOCK_50   ; 5.292  ; 5.374  ; Rise       ; CLOCK_50        ;
;  HEX3[3]    ; CLOCK_50   ; 5.597  ; 5.704  ; Rise       ; CLOCK_50        ;
;  HEX3[4]    ; CLOCK_50   ; 5.752  ; 5.810  ; Rise       ; CLOCK_50        ;
;  HEX3[5]    ; CLOCK_50   ; 5.502  ; 5.544  ; Rise       ; CLOCK_50        ;
;  HEX3[6]    ; CLOCK_50   ; 5.361  ; 5.332  ; Rise       ; CLOCK_50        ;
; LED_ABRIR   ; CLOCK_50   ; 5.370  ; 5.364  ; Rise       ; CLOCK_50        ;
; LED_ALARMA  ; CLOCK_50   ; 5.617  ; 5.414  ; Rise       ; CLOCK_50        ;
; LED_BLOQUEO ; CLOCK_50   ; 3.881  ; 3.992  ; Rise       ; CLOCK_50        ;
; LED_FIN     ; CLOCK_50   ; 5.057  ; 5.294  ; Rise       ; CLOCK_50        ;
; LED_MANANA  ; CLOCK_50   ; 5.276  ; 5.034  ; Rise       ; CLOCK_50        ;
; LED_NOCHE   ; CLOCK_50   ; 5.315  ; 5.341  ; Rise       ; CLOCK_50        ;
; LED_TARDE   ; CLOCK_50   ; 4.896  ; 5.092  ; Rise       ; CLOCK_50        ;
; SERVO_PWM   ; CLOCK_50   ; 3.951  ; 4.098  ; Rise       ; CLOCK_50        ;
+-------------+------------+--------+--------+------------+-----------------+


+-------------------------------------------------------------------------+
; Minimum Clock to Output Times                                           ;
+-------------+------------+-------+-------+------------+-----------------+
; Data Port   ; Clock Port ; Rise  ; Fall  ; Clock Edge ; Clock Reference ;
+-------------+------------+-------+-------+------------+-----------------+
; BUZZER_OUT  ; CLOCK_50   ; 3.498 ; 3.605 ; Rise       ; CLOCK_50        ;
; COLUMNA[*]  ; CLOCK_50   ; 3.694 ; 3.727 ; Rise       ; CLOCK_50        ;
;  COLUMNA[0] ; CLOCK_50   ; 3.917 ; 4.071 ; Rise       ; CLOCK_50        ;
;  COLUMNA[1] ; CLOCK_50   ; 4.006 ; 4.162 ; Rise       ; CLOCK_50        ;
;  COLUMNA[2] ; CLOCK_50   ; 3.694 ; 3.727 ; Rise       ; CLOCK_50        ;
;  COLUMNA[3] ; CLOCK_50   ; 4.270 ; 4.101 ; Rise       ; CLOCK_50        ;
; HEX0[*]     ; CLOCK_50   ; 4.233 ; 4.156 ; Rise       ; CLOCK_50        ;
;  HEX0[0]    ; CLOCK_50   ; 4.403 ; 4.518 ; Rise       ; CLOCK_50        ;
;  HEX0[1]    ; CLOCK_50   ; 4.233 ; 4.156 ; Rise       ; CLOCK_50        ;
;  HEX0[2]    ; CLOCK_50   ; 4.418 ; 4.512 ; Rise       ; CLOCK_50        ;
;  HEX0[3]    ; CLOCK_50   ; 4.359 ; 4.454 ; Rise       ; CLOCK_50        ;
;  HEX0[4]    ; CLOCK_50   ; 4.382 ; 4.343 ; Rise       ; CLOCK_50        ;
;  HEX0[5]    ; CLOCK_50   ; 4.368 ; 4.501 ; Rise       ; CLOCK_50        ;
;  HEX0[6]    ; CLOCK_50   ; 4.616 ; 4.715 ; Rise       ; CLOCK_50        ;
; HEX1[*]     ; CLOCK_50   ; 3.978 ; 4.100 ; Rise       ; CLOCK_50        ;
;  HEX1[0]    ; CLOCK_50   ; 3.978 ; 4.122 ; Rise       ; CLOCK_50        ;
;  HEX1[1]    ; CLOCK_50   ; 4.290 ; 4.326 ; Rise       ; CLOCK_50        ;
;  HEX1[2]    ; CLOCK_50   ; 4.080 ; 4.100 ; Rise       ; CLOCK_50        ;
;  HEX1[3]    ; CLOCK_50   ; 4.325 ; 4.382 ; Rise       ; CLOCK_50        ;
;  HEX1[4]    ; CLOCK_50   ; 4.026 ; 4.166 ; Rise       ; CLOCK_50        ;
;  HEX1[5]    ; CLOCK_50   ; 4.416 ; 4.462 ; Rise       ; CLOCK_50        ;
;  HEX1[6]    ; CLOCK_50   ; 4.306 ; 4.358 ; Rise       ; CLOCK_50        ;
; HEX2[*]     ; CLOCK_50   ; 4.155 ; 4.209 ; Rise       ; CLOCK_50        ;
;  HEX2[0]    ; CLOCK_50   ; 4.303 ; 4.472 ; Rise       ; CLOCK_50        ;
;  HEX2[1]    ; CLOCK_50   ; 4.350 ; 4.396 ; Rise       ; CLOCK_50        ;
;  HEX2[2]    ; CLOCK_50   ; 4.270 ; 4.209 ; Rise       ; CLOCK_50        ;
;  HEX2[3]    ; CLOCK_50   ; 4.445 ; 4.416 ; Rise       ; CLOCK_50        ;
;  HEX2[4]    ; CLOCK_50   ; 4.155 ; 4.300 ; Rise       ; CLOCK_50        ;
;  HEX2[5]    ; CLOCK_50   ; 4.230 ; 4.273 ; Rise       ; CLOCK_50        ;
;  HEX2[6]    ; CLOCK_50   ; 4.505 ; 4.458 ; Rise       ; CLOCK_50        ;
; HEX3[*]     ; CLOCK_50   ; 4.103 ; 4.251 ; Rise       ; CLOCK_50        ;
;  HEX3[0]    ; CLOCK_50   ; 4.258 ; 4.355 ; Rise       ; CLOCK_50        ;
;  HEX3[1]    ; CLOCK_50   ; 4.580 ; 4.533 ; Rise       ; CLOCK_50        ;
;  HEX3[2]    ; CLOCK_50   ; 4.500 ; 4.432 ; Rise       ; CLOCK_50        ;
;  HEX3[3]    ; CLOCK_50   ; 4.223 ; 4.310 ; Rise       ; CLOCK_50        ;
;  HEX3[4]    ; CLOCK_50   ; 4.680 ; 4.671 ; Rise       ; CLOCK_50        ;
;  HEX3[5]    ; CLOCK_50   ; 4.103 ; 4.251 ; Rise       ; CLOCK_50        ;
;  HEX3[6]    ; CLOCK_50   ; 4.416 ; 4.508 ; Rise       ; CLOCK_50        ;
; LED_ABRIR   ; CLOCK_50   ; 4.145 ; 4.289 ; Rise       ; CLOCK_50        ;
; LED_ALARMA  ; CLOCK_50   ; 5.364 ; 5.075 ; Rise       ; CLOCK_50        ;
; LED_BLOQUEO ; CLOCK_50   ; 3.796 ; 3.901 ; Rise       ; CLOCK_50        ;
; LED_FIN     ; CLOCK_50   ; 4.139 ; 4.249 ; Rise       ; CLOCK_50        ;
; LED_MANANA  ; CLOCK_50   ; 4.426 ; 4.259 ; Rise       ; CLOCK_50        ;
; LED_NOCHE   ; CLOCK_50   ; 4.420 ; 4.577 ; Rise       ; CLOCK_50        ;
; LED_TARDE   ; CLOCK_50   ; 4.162 ; 4.198 ; Rise       ; CLOCK_50        ;
; SERVO_PWM   ; CLOCK_50   ; 3.857 ; 3.998 ; Rise       ; CLOCK_50        ;
+-------------+------------+-------+-------+------------+-----------------+


---------------------------------------------
; Fast 1200mV 0C Model Metastability Report ;
---------------------------------------------
No synchronizer chains to report.


+---------------------------------------------------------------------------------+
; Multicorner Timing Analysis Summary                                             ;
+------------------+-----------+-------+----------+---------+---------------------+
; Clock            ; Setup     ; Hold  ; Recovery ; Removal ; Minimum Pulse Width ;
+------------------+-----------+-------+----------+---------+---------------------+
; Worst-case Slack ; -5.370    ; 0.180 ; -1.135   ; 0.655   ; -3.000              ;
;  CLOCK_50        ; -5.370    ; 0.180 ; -1.135   ; 0.655   ; -3.000              ;
; Design-wide TNS  ; -1780.584 ; 0.0   ; -18.112  ; 0.0     ; -546.599            ;
;  CLOCK_50        ; -1780.584 ; 0.000 ; -18.112  ; 0.000   ; -546.599            ;
+------------------+-----------+-------+----------+---------+---------------------+


+---------------------------------------------------------------------------+
; Setup Times                                                               ;
+---------------+------------+-------+-------+------------+-----------------+
; Data Port     ; Clock Port ; Rise  ; Fall  ; Clock Edge ; Clock Reference ;
+---------------+------------+-------+-------+------------+-----------------+
; FILA[*]       ; CLOCK_50   ; 4.390 ; 4.945 ; Rise       ; CLOCK_50        ;
;  FILA[0]      ; CLOCK_50   ; 4.202 ; 4.709 ; Rise       ; CLOCK_50        ;
;  FILA[1]      ; CLOCK_50   ; 4.365 ; 4.894 ; Rise       ; CLOCK_50        ;
;  FILA[2]      ; CLOCK_50   ; 4.390 ; 4.945 ; Rise       ; CLOCK_50        ;
;  FILA[3]      ; CLOCK_50   ; 4.296 ; 4.820 ; Rise       ; CLOCK_50        ;
; INTRUSION_SW  ; CLOCK_50   ; 7.328 ; 7.866 ; Rise       ; CLOCK_50        ;
; RESET         ; CLOCK_50   ; 4.639 ; 5.190 ; Rise       ; CLOCK_50        ;
; SALIR_ADMIN   ; CLOCK_50   ; 4.273 ; 4.776 ; Rise       ; CLOCK_50        ;
; SENSOR_PUERTA ; CLOCK_50   ; 7.359 ; 7.848 ; Rise       ; CLOCK_50        ;
+---------------+------------+-------+-------+------------+-----------------+


+-----------------------------------------------------------------------------+
; Hold Times                                                                  ;
+---------------+------------+--------+--------+------------+-----------------+
; Data Port     ; Clock Port ; Rise   ; Fall   ; Clock Edge ; Clock Reference ;
+---------------+------------+--------+--------+------------+-----------------+
; FILA[*]       ; CLOCK_50   ; -1.167 ; -1.843 ; Rise       ; CLOCK_50        ;
;  FILA[0]      ; CLOCK_50   ; -1.167 ; -1.843 ; Rise       ; CLOCK_50        ;
;  FILA[1]      ; CLOCK_50   ; -1.225 ; -1.920 ; Rise       ; CLOCK_50        ;
;  FILA[2]      ; CLOCK_50   ; -1.263 ; -1.957 ; Rise       ; CLOCK_50        ;
;  FILA[3]      ; CLOCK_50   ; -1.210 ; -1.894 ; Rise       ; CLOCK_50        ;
; INTRUSION_SW  ; CLOCK_50   ; -1.735 ; -2.399 ; Rise       ; CLOCK_50        ;
; RESET         ; CLOCK_50   ; -1.839 ; -2.524 ; Rise       ; CLOCK_50        ;
; SALIR_ADMIN   ; CLOCK_50   ; -0.998 ; -1.603 ; Rise       ; CLOCK_50        ;
; SENSOR_PUERTA ; CLOCK_50   ; -1.755 ; -2.381 ; Rise       ; CLOCK_50        ;
+---------------+------------+--------+--------+------------+-----------------+


+---------------------------------------------------------------------------+
; Clock to Output Times                                                     ;
+-------------+------------+--------+--------+------------+-----------------+
; Data Port   ; Clock Port ; Rise   ; Fall   ; Clock Edge ; Clock Reference ;
+-------------+------------+--------+--------+------------+-----------------+
; BUZZER_OUT  ; CLOCK_50   ; 6.055  ; 6.073  ; Rise       ; CLOCK_50        ;
; COLUMNA[*]  ; CLOCK_50   ; 7.326  ; 7.286  ; Rise       ; CLOCK_50        ;
;  COLUMNA[0] ; CLOCK_50   ; 6.997  ; 7.112  ; Rise       ; CLOCK_50        ;
;  COLUMNA[1] ; CLOCK_50   ; 7.203  ; 7.106  ; Rise       ; CLOCK_50        ;
;  COLUMNA[2] ; CLOCK_50   ; 6.482  ; 6.560  ; Rise       ; CLOCK_50        ;
;  COLUMNA[3] ; CLOCK_50   ; 7.326  ; 7.286  ; Rise       ; CLOCK_50        ;
; HEX0[*]     ; CLOCK_50   ; 19.512 ; 19.637 ; Rise       ; CLOCK_50        ;
;  HEX0[0]    ; CLOCK_50   ; 19.093 ; 19.114 ; Rise       ; CLOCK_50        ;
;  HEX0[1]    ; CLOCK_50   ; 16.666 ; 16.799 ; Rise       ; CLOCK_50        ;
;  HEX0[2]    ; CLOCK_50   ; 18.805 ; 18.832 ; Rise       ; CLOCK_50        ;
;  HEX0[3]    ; CLOCK_50   ; 18.781 ; 18.771 ; Rise       ; CLOCK_50        ;
;  HEX0[4]    ; CLOCK_50   ; 17.874 ; 17.993 ; Rise       ; CLOCK_50        ;
;  HEX0[5]    ; CLOCK_50   ; 19.176 ; 19.162 ; Rise       ; CLOCK_50        ;
;  HEX0[6]    ; CLOCK_50   ; 19.512 ; 19.637 ; Rise       ; CLOCK_50        ;
; HEX1[*]     ; CLOCK_50   ; 10.310 ; 10.214 ; Rise       ; CLOCK_50        ;
;  HEX1[0]    ; CLOCK_50   ; 10.310 ; 10.214 ; Rise       ; CLOCK_50        ;
;  HEX1[1]    ; CLOCK_50   ; 9.691  ; 9.598  ; Rise       ; CLOCK_50        ;
;  HEX1[2]    ; CLOCK_50   ; 8.843  ; 8.844  ; Rise       ; CLOCK_50        ;
;  HEX1[3]    ; CLOCK_50   ; 9.246  ; 9.101  ; Rise       ; CLOCK_50        ;
;  HEX1[4]    ; CLOCK_50   ; 9.751  ; 9.635  ; Rise       ; CLOCK_50        ;
;  HEX1[5]    ; CLOCK_50   ; 9.040  ; 9.004  ; Rise       ; CLOCK_50        ;
;  HEX1[6]    ; CLOCK_50   ; 9.785  ; 9.751  ; Rise       ; CLOCK_50        ;
; HEX2[*]     ; CLOCK_50   ; 9.691  ; 9.721  ; Rise       ; CLOCK_50        ;
;  HEX2[0]    ; CLOCK_50   ; 8.514  ; 8.457  ; Rise       ; CLOCK_50        ;
;  HEX2[1]    ; CLOCK_50   ; 8.831  ; 8.773  ; Rise       ; CLOCK_50        ;
;  HEX2[2]    ; CLOCK_50   ; 9.691  ; 9.721  ; Rise       ; CLOCK_50        ;
;  HEX2[3]    ; CLOCK_50   ; 9.304  ; 9.361  ; Rise       ; CLOCK_50        ;
;  HEX2[4]    ; CLOCK_50   ; 8.247  ; 8.172  ; Rise       ; CLOCK_50        ;
;  HEX2[5]    ; CLOCK_50   ; 9.246  ; 9.300  ; Rise       ; CLOCK_50        ;
;  HEX2[6]    ; CLOCK_50   ; 9.135  ; 9.196  ; Rise       ; CLOCK_50        ;
; HEX3[*]     ; CLOCK_50   ; 9.776  ; 9.670  ; Rise       ; CLOCK_50        ;
;  HEX3[0]    ; CLOCK_50   ; 9.441  ; 9.326  ; Rise       ; CLOCK_50        ;
;  HEX3[1]    ; CLOCK_50   ; 9.229  ; 9.307  ; Rise       ; CLOCK_50        ;
;  HEX3[2]    ; CLOCK_50   ; 9.068  ; 9.040  ; Rise       ; CLOCK_50        ;
;  HEX3[3]    ; CLOCK_50   ; 9.548  ; 9.542  ; Rise       ; CLOCK_50        ;
;  HEX3[4]    ; CLOCK_50   ; 9.776  ; 9.670  ; Rise       ; CLOCK_50        ;
;  HEX3[5]    ; CLOCK_50   ; 9.376  ; 9.324  ; Rise       ; CLOCK_50        ;
;  HEX3[6]    ; CLOCK_50   ; 9.156  ; 9.028  ; Rise       ; CLOCK_50        ;
; LED_ABRIR   ; CLOCK_50   ; 9.079  ; 8.973  ; Rise       ; CLOCK_50        ;
; LED_ALARMA  ; CLOCK_50   ; 8.955  ; 8.913  ; Rise       ; CLOCK_50        ;
; LED_BLOQUEO ; CLOCK_50   ; 6.492  ; 6.541  ; Rise       ; CLOCK_50        ;
; LED_FIN     ; CLOCK_50   ; 8.575  ; 8.790  ; Rise       ; CLOCK_50        ;
; LED_MANANA  ; CLOCK_50   ; 8.644  ; 8.546  ; Rise       ; CLOCK_50        ;
; LED_NOCHE   ; CLOCK_50   ; 9.026  ; 8.838  ; Rise       ; CLOCK_50        ;
; LED_TARDE   ; CLOCK_50   ; 8.328  ; 8.510  ; Rise       ; CLOCK_50        ;
; SERVO_PWM   ; CLOCK_50   ; 6.668  ; 6.682  ; Rise       ; CLOCK_50        ;
+-------------+------------+--------+--------+------------+-----------------+


+-------------------------------------------------------------------------+
; Minimum Clock to Output Times                                           ;
+-------------+------------+-------+-------+------------+-----------------+
; Data Port   ; Clock Port ; Rise  ; Fall  ; Clock Edge ; Clock Reference ;
+-------------+------------+-------+-------+------------+-----------------+
; BUZZER_OUT  ; CLOCK_50   ; 3.498 ; 3.605 ; Rise       ; CLOCK_50        ;
; COLUMNA[*]  ; CLOCK_50   ; 3.694 ; 3.727 ; Rise       ; CLOCK_50        ;
;  COLUMNA[0] ; CLOCK_50   ; 3.917 ; 4.071 ; Rise       ; CLOCK_50        ;
;  COLUMNA[1] ; CLOCK_50   ; 4.006 ; 4.162 ; Rise       ; CLOCK_50        ;
;  COLUMNA[2] ; CLOCK_50   ; 3.694 ; 3.727 ; Rise       ; CLOCK_50        ;
;  COLUMNA[3] ; CLOCK_50   ; 4.270 ; 4.101 ; Rise       ; CLOCK_50        ;
; HEX0[*]     ; CLOCK_50   ; 4.233 ; 4.156 ; Rise       ; CLOCK_50        ;
;  HEX0[0]    ; CLOCK_50   ; 4.403 ; 4.518 ; Rise       ; CLOCK_50        ;
;  HEX0[1]    ; CLOCK_50   ; 4.233 ; 4.156 ; Rise       ; CLOCK_50        ;
;  HEX0[2]    ; CLOCK_50   ; 4.418 ; 4.512 ; Rise       ; CLOCK_50        ;
;  HEX0[3]    ; CLOCK_50   ; 4.359 ; 4.454 ; Rise       ; CLOCK_50        ;
;  HEX0[4]    ; CLOCK_50   ; 4.382 ; 4.343 ; Rise       ; CLOCK_50        ;
;  HEX0[5]    ; CLOCK_50   ; 4.368 ; 4.501 ; Rise       ; CLOCK_50        ;
;  HEX0[6]    ; CLOCK_50   ; 4.616 ; 4.715 ; Rise       ; CLOCK_50        ;
; HEX1[*]     ; CLOCK_50   ; 3.978 ; 4.100 ; Rise       ; CLOCK_50        ;
;  HEX1[0]    ; CLOCK_50   ; 3.978 ; 4.122 ; Rise       ; CLOCK_50        ;
;  HEX1[1]    ; CLOCK_50   ; 4.290 ; 4.326 ; Rise       ; CLOCK_50        ;
;  HEX1[2]    ; CLOCK_50   ; 4.080 ; 4.100 ; Rise       ; CLOCK_50        ;
;  HEX1[3]    ; CLOCK_50   ; 4.325 ; 4.382 ; Rise       ; CLOCK_50        ;
;  HEX1[4]    ; CLOCK_50   ; 4.026 ; 4.166 ; Rise       ; CLOCK_50        ;
;  HEX1[5]    ; CLOCK_50   ; 4.416 ; 4.462 ; Rise       ; CLOCK_50        ;
;  HEX1[6]    ; CLOCK_50   ; 4.306 ; 4.358 ; Rise       ; CLOCK_50        ;
; HEX2[*]     ; CLOCK_50   ; 4.155 ; 4.209 ; Rise       ; CLOCK_50        ;
;  HEX2[0]    ; CLOCK_50   ; 4.303 ; 4.472 ; Rise       ; CLOCK_50        ;
;  HEX2[1]    ; CLOCK_50   ; 4.350 ; 4.396 ; Rise       ; CLOCK_50        ;
;  HEX2[2]    ; CLOCK_50   ; 4.270 ; 4.209 ; Rise       ; CLOCK_50        ;
;  HEX2[3]    ; CLOCK_50   ; 4.445 ; 4.416 ; Rise       ; CLOCK_50        ;
;  HEX2[4]    ; CLOCK_50   ; 4.155 ; 4.300 ; Rise       ; CLOCK_50        ;
;  HEX2[5]    ; CLOCK_50   ; 4.230 ; 4.273 ; Rise       ; CLOCK_50        ;
;  HEX2[6]    ; CLOCK_50   ; 4.505 ; 4.458 ; Rise       ; CLOCK_50        ;
; HEX3[*]     ; CLOCK_50   ; 4.103 ; 4.251 ; Rise       ; CLOCK_50        ;
;  HEX3[0]    ; CLOCK_50   ; 4.258 ; 4.355 ; Rise       ; CLOCK_50        ;
;  HEX3[1]    ; CLOCK_50   ; 4.580 ; 4.533 ; Rise       ; CLOCK_50        ;
;  HEX3[2]    ; CLOCK_50   ; 4.500 ; 4.432 ; Rise       ; CLOCK_50        ;
;  HEX3[3]    ; CLOCK_50   ; 4.223 ; 4.310 ; Rise       ; CLOCK_50        ;
;  HEX3[4]    ; CLOCK_50   ; 4.680 ; 4.671 ; Rise       ; CLOCK_50        ;
;  HEX3[5]    ; CLOCK_50   ; 4.103 ; 4.251 ; Rise       ; CLOCK_50        ;
;  HEX3[6]    ; CLOCK_50   ; 4.416 ; 4.508 ; Rise       ; CLOCK_50        ;
; LED_ABRIR   ; CLOCK_50   ; 4.145 ; 4.289 ; Rise       ; CLOCK_50        ;
; LED_ALARMA  ; CLOCK_50   ; 5.364 ; 5.075 ; Rise       ; CLOCK_50        ;
; LED_BLOQUEO ; CLOCK_50   ; 3.796 ; 3.901 ; Rise       ; CLOCK_50        ;
; LED_FIN     ; CLOCK_50   ; 4.139 ; 4.249 ; Rise       ; CLOCK_50        ;
; LED_MANANA  ; CLOCK_50   ; 4.426 ; 4.259 ; Rise       ; CLOCK_50        ;
; LED_NOCHE   ; CLOCK_50   ; 4.420 ; 4.577 ; Rise       ; CLOCK_50        ;
; LED_TARDE   ; CLOCK_50   ; 4.162 ; 4.198 ; Rise       ; CLOCK_50        ;
; SERVO_PWM   ; CLOCK_50   ; 3.857 ; 3.998 ; Rise       ; CLOCK_50        ;
+-------------+------------+-------+-------+------------+-----------------+


+------------------------------------------------------------------------------------------------------------------------------------------------------------------------------------------------------------------------------------------------------------------------------------------------------------------------------------------------------------------------------------------------------------------+
; Board Trace Model Assignments                                                                                                                                                                                                                                                                                                                                                                                    ;
+---------------+--------------+-------------------+-------------------------+-------------------------+---------------+---------------------+----------------+------------------+--------+------------------+------------------------+------------------------+--------------+---------------+-----------------+-------+---------------------+--------------------+---------------+-----------------+-------------+
; Pin           ; I/O Standard ; Near Tline Length ; Near Tline L per Length ; Near Tline C per Length ; Near Series R ; Near Differential R ; Near Pull-up R ; Near Pull-down R ; Near C ; Far Tline Length ; Far Tline L per Length ; Far Tline C per Length ; Far Series R ; Far Pull-up R ; Far Pull-down R ; Far C ; Termination Voltage ; Far Differential R ; EBD File Name ; EBD Signal Name ; EBD Far-end ;
+---------------+--------------+-------------------+-------------------------+-------------------------+---------------+---------------------+----------------+------------------+--------+------------------+------------------------+------------------------+--------------+---------------+-----------------+-------+---------------------+--------------------+---------------+-----------------+-------------+
; COLUMNA[0]    ; 2.5 V        ; 0 in              ; 0 H/in                  ; 0 F/in                  ; short         ; -                   ; open           ; open             ; open   ; 0 in             ; 0 H/in                 ; 0 F/in                 ; short        ; open          ; open            ; open  ; 0 V                 ; -                  ; n/a           ; n/a             ; n/a         ;
; COLUMNA[1]    ; 2.5 V        ; 0 in              ; 0 H/in                  ; 0 F/in                  ; short         ; -                   ; open           ; open             ; open   ; 0 in             ; 0 H/in                 ; 0 F/in                 ; short        ; open          ; open            ; open  ; 0 V                 ; -                  ; n/a           ; n/a             ; n/a         ;
; COLUMNA[2]    ; 2.5 V        ; 0 in              ; 0 H/in                  ; 0 F/in                  ; short         ; -                   ; open           ; open             ; open   ; 0 in             ; 0 H/in                 ; 0 F/in                 ; short        ; open          ; open            ; open  ; 0 V                 ; -                  ; n/a           ; n/a             ; n/a         ;
; COLUMNA[3]    ; 2.5 V        ; 0 in              ; 0 H/in                  ; 0 F/in                  ; short         ; -                   ; open           ; open             ; open   ; 0 in             ; 0 H/in                 ; 0 F/in                 ; short        ; open          ; open            ; open  ; 0 V                 ; -                  ; n/a           ; n/a             ; n/a         ;
; HEX0[0]       ; 2.5 V        ; 0 in              ; 0 H/in                  ; 0 F/in                  ; short         ; -                   ; open           ; open             ; open   ; 0 in             ; 0 H/in                 ; 0 F/in                 ; short        ; open          ; open            ; open  ; 0 V                 ; -                  ; n/a           ; n/a             ; n/a         ;
; HEX0[1]       ; 2.5 V        ; 0 in              ; 0 H/in                  ; 0 F/in                  ; short         ; -                   ; open           ; open             ; open   ; 0 in             ; 0 H/in                 ; 0 F/in                 ; short        ; open          ; open            ; open  ; 0 V                 ; -                  ; n/a           ; n/a             ; n/a         ;
; HEX0[2]       ; 2.5 V        ; 0 in              ; 0 H/in                  ; 0 F/in                  ; short         ; -                   ; open           ; open             ; open   ; 0 in             ; 0 H/in                 ; 0 F/in                 ; short        ; open          ; open            ; open  ; 0 V                 ; -                  ; n/a           ; n/a             ; n/a         ;
; HEX0[3]       ; 2.5 V        ; 0 in              ; 0 H/in                  ; 0 F/in                  ; short         ; -                   ; open           ; open             ; open   ; 0 in             ; 0 H/in                 ; 0 F/in                 ; short        ; open          ; open            ; open  ; 0 V                 ; -                  ; n/a           ; n/a             ; n/a         ;
; HEX0[4]       ; 2.5 V        ; 0 in              ; 0 H/in                  ; 0 F/in                  ; short         ; -                   ; open           ; open             ; open   ; 0 in             ; 0 H/in                 ; 0 F/in                 ; short        ; open          ; open            ; open  ; 0 V                 ; -                  ; n/a           ; n/a             ; n/a         ;
; HEX0[5]       ; 2.5 V        ; 0 in              ; 0 H/in                  ; 0 F/in                  ; short         ; -                   ; open           ; open             ; open   ; 0 in             ; 0 H/in                 ; 0 F/in                 ; short        ; open          ; open            ; open  ; 0 V                 ; -                  ; n/a           ; n/a             ; n/a         ;
; HEX0[6]       ; 2.5 V        ; 0 in              ; 0 H/in                  ; 0 F/in                  ; short         ; -                   ; open           ; open             ; open   ; 0 in             ; 0 H/in                 ; 0 F/in                 ; short        ; open          ; open            ; open  ; 0 V                 ; -                  ; n/a           ; n/a             ; n/a         ;
; HEX1[0]       ; 2.5 V        ; 0 in              ; 0 H/in                  ; 0 F/in                  ; short         ; -                   ; open           ; open             ; open   ; 0 in             ; 0 H/in                 ; 0 F/in                 ; short        ; open          ; open            ; open  ; 0 V                 ; -                  ; n/a           ; n/a             ; n/a         ;
; HEX1[1]       ; 2.5 V        ; 0 in              ; 0 H/in                  ; 0 F/in                  ; short         ; -                   ; open           ; open             ; open   ; 0 in             ; 0 H/in                 ; 0 F/in                 ; short        ; open          ; open            ; open  ; 0 V                 ; -                  ; n/a           ; n/a             ; n/a         ;
; HEX1[2]       ; 2.5 V        ; 0 in              ; 0 H/in                  ; 0 F/in                  ; short         ; -                   ; open           ; open             ; open   ; 0 in             ; 0 H/in                 ; 0 F/in                 ; short        ; open          ; open            ; open  ; 0 V                 ; -                  ; n/a           ; n/a             ; n/a         ;
; HEX1[3]       ; 2.5 V        ; 0 in              ; 0 H/in                  ; 0 F/in                  ; short         ; -                   ; open           ; open             ; open   ; 0 in             ; 0 H/in                 ; 0 F/in                 ; short        ; open          ; open            ; open  ; 0 V                 ; -                  ; n/a           ; n/a             ; n/a         ;
; HEX1[4]       ; 2.5 V        ; 0 in              ; 0 H/in                  ; 0 F/in                  ; short         ; -                   ; open           ; open             ; open   ; 0 in             ; 0 H/in                 ; 0 F/in                 ; short        ; open          ; open            ; open  ; 0 V                 ; -                  ; n/a           ; n/a             ; n/a         ;
; HEX1[5]       ; 2.5 V        ; 0 in              ; 0 H/in                  ; 0 F/in                  ; short         ; -                   ; open           ; open             ; open   ; 0 in             ; 0 H/in                 ; 0 F/in                 ; short        ; open          ; open            ; open  ; 0 V                 ; -                  ; n/a           ; n/a             ; n/a         ;
; HEX1[6]       ; 2.5 V        ; 0 in              ; 0 H/in                  ; 0 F/in                  ; short         ; -                   ; open           ; open             ; open   ; 0 in             ; 0 H/in                 ; 0 F/in                 ; short        ; open          ; open            ; open  ; 0 V                 ; -                  ; n/a           ; n/a             ; n/a         ;
; HEX2[0]       ; 2.5 V        ; 0 in              ; 0 H/in                  ; 0 F/in                  ; short         ; -                   ; open           ; open             ; open   ; 0 in             ; 0 H/in                 ; 0 F/in                 ; short        ; open          ; open            ; open  ; 0 V                 ; -                  ; n/a           ; n/a             ; n/a         ;
; HEX2[1]       ; 2.5 V        ; 0 in              ; 0 H/in                  ; 0 F/in                  ; short         ; -                   ; open           ; open             ; open   ; 0 in             ; 0 H/in                 ; 0 F/in                 ; short        ; open          ; open            ; open  ; 0 V                 ; -                  ; n/a           ; n/a             ; n/a         ;
; HEX2[2]       ; 2.5 V        ; 0 in              ; 0 H/in                  ; 0 F/in                  ; short         ; -                   ; open           ; open             ; open   ; 0 in             ; 0 H/in                 ; 0 F/in                 ; short        ; open          ; open            ; open  ; 0 V                 ; -                  ; n/a           ; n/a             ; n/a         ;
; HEX2[3]       ; 2.5 V        ; 0 in              ; 0 H/in                  ; 0 F/in                  ; short         ; -                   ; open           ; open             ; open   ; 0 in             ; 0 H/in                 ; 0 F/in                 ; short        ; open          ; open            ; open  ; 0 V                 ; -                  ; n/a           ; n/a             ; n/a         ;
; HEX2[4]       ; 2.5 V        ; 0 in              ; 0 H/in                  ; 0 F/in                  ; short         ; -                   ; open           ; open             ; open   ; 0 in             ; 0 H/in                 ; 0 F/in                 ; short        ; open          ; open            ; open  ; 0 V                 ; -                  ; n/a           ; n/a             ; n/a         ;
; HEX2[5]       ; 2.5 V        ; 0 in              ; 0 H/in                  ; 0 F/in                  ; short         ; -                   ; open           ; open             ; open   ; 0 in             ; 0 H/in                 ; 0 F/in                 ; short        ; open          ; open            ; open  ; 0 V                 ; -                  ; n/a           ; n/a             ; n/a         ;
; HEX2[6]       ; 2.5 V        ; 0 in              ; 0 H/in                  ; 0 F/in                  ; short         ; -                   ; open           ; open             ; open   ; 0 in             ; 0 H/in                 ; 0 F/in                 ; short        ; open          ; open            ; open  ; 0 V                 ; -                  ; n/a           ; n/a             ; n/a         ;
; HEX3[0]       ; 2.5 V        ; 0 in              ; 0 H/in                  ; 0 F/in                  ; short         ; -                   ; open           ; open             ; open   ; 0 in             ; 0 H/in                 ; 0 F/in                 ; short        ; open          ; open            ; open  ; 0 V                 ; -                  ; n/a           ; n/a             ; n/a         ;
; HEX3[1]       ; 2.5 V        ; 0 in              ; 0 H/in                  ; 0 F/in                  ; short         ; -                   ; open           ; open             ; open   ; 0 in             ; 0 H/in                 ; 0 F/in                 ; short        ; open          ; open            ; open  ; 0 V                 ; -                  ; n/a           ; n/a             ; n/a         ;
; HEX3[2]       ; 2.5 V        ; 0 in              ; 0 H/in                  ; 0 F/in                  ; short         ; -                   ; open           ; open             ; open   ; 0 in             ; 0 H/in                 ; 0 F/in                 ; short        ; open          ; open            ; open  ; 0 V                 ; -                  ; n/a           ; n/a             ; n/a         ;
; HEX3[3]       ; 2.5 V        ; 0 in              ; 0 H/in                  ; 0 F/in                  ; short         ; -                   ; open           ; open             ; open   ; 0 in             ; 0 H/in                 ; 0 F/in                 ; short        ; open          ; open            ; open  ; 0 V                 ; -                  ; n/a           ; n/a             ; n/a         ;
; HEX3[4]       ; 2.5 V        ; 0 in              ; 0 H/in                  ; 0 F/in                  ; short         ; -                   ; open           ; open             ; open   ; 0 in             ; 0 H/in                 ; 0 F/in                 ; short        ; open          ; open            ; open  ; 0 V                 ; -                  ; n/a           ; n/a             ; n/a         ;
; HEX3[5]       ; 2.5 V        ; 0 in              ; 0 H/in                  ; 0 F/in                  ; short         ; -                   ; open           ; open             ; open   ; 0 in             ; 0 H/in                 ; 0 F/in                 ; short        ; open          ; open            ; open  ; 0 V                 ; -                  ; n/a           ; n/a             ; n/a         ;
; HEX3[6]       ; 2.5 V        ; 0 in              ; 0 H/in                  ; 0 F/in                  ; short         ; -                   ; open           ; open             ; open   ; 0 in             ; 0 H/in                 ; 0 F/in                 ; short        ; open          ; open            ; open  ; 0 V                 ; -                  ; n/a           ; n/a             ; n/a         ;
; SERVO_PWM     ; 2.5 V        ; 0 in              ; 0 H/in                  ; 0 F/in                  ; short         ; -                   ; open           ; open             ; open   ; 0 in             ; 0 H/in                 ; 0 F/in                 ; short        ; open          ; open            ; open  ; 0 V                 ; -                  ; n/a           ; n/a             ; n/a         ;
; BUZZER_OUT    ; 2.5 V        ; 0 in              ; 0 H/in                  ; 0 F/in                  ; short         ; -                   ; open           ; open             ; open   ; 0 in             ; 0 H/in                 ; 0 F/in                 ; short        ; open          ; open            ; open  ; 0 V                 ; -                  ; n/a           ; n/a             ; n/a         ;
; LED_ABRIR     ; 2.5 V        ; 0 in              ; 0 H/in                  ; 0 F/in                  ; short         ; -                   ; open           ; open             ; open   ; 0 in             ; 0 H/in                 ; 0 F/in                 ; short        ; open          ; open            ; open  ; 0 V                 ; -                  ; n/a           ; n/a             ; n/a         ;
; LED_ALARMA    ; 2.5 V        ; 0 in              ; 0 H/in                  ; 0 F/in                  ; short         ; -                   ; open           ; open             ; open   ; 0 in             ; 0 H/in                 ; 0 F/in                 ; short        ; open          ; open            ; open  ; 0 V                 ; -                  ; n/a           ; n/a             ; n/a         ;
; LED_BLOQUEO   ; 2.5 V        ; 0 in              ; 0 H/in                  ; 0 F/in                  ; short         ; -                   ; open           ; open             ; open   ; 0 in             ; 0 H/in                 ; 0 F/in                 ; short        ; open          ; open            ; open  ; 0 V                 ; -                  ; n/a           ; n/a             ; n/a         ;
; LED_MANANA    ; 2.5 V        ; 0 in              ; 0 H/in                  ; 0 F/in                  ; short         ; -                   ; open           ; open             ; open   ; 0 in             ; 0 H/in                 ; 0 F/in                 ; short        ; open          ; open            ; open  ; 0 V                 ; -                  ; n/a           ; n/a             ; n/a         ;
; LED_TARDE     ; 2.5 V        ; 0 in              ; 0 H/in                  ; 0 F/in                  ; short         ; -                   ; open           ; open             ; open   ; 0 in             ; 0 H/in                 ; 0 F/in                 ; short        ; open          ; open            ; open  ; 0 V                 ; -                  ; n/a           ; n/a             ; n/a         ;
; LED_NOCHE     ; 2.5 V        ; 0 in              ; 0 H/in                  ; 0 F/in                  ; short         ; -                   ; open           ; open             ; open   ; 0 in             ; 0 H/in                 ; 0 F/in                 ; short        ; open          ; open            ; open  ; 0 V                 ; -                  ; n/a           ; n/a             ; n/a         ;
; LED_FIN       ; 2.5 V        ; 0 in              ; 0 H/in                  ; 0 F/in                  ; short         ; -                   ; open           ; open             ; open   ; 0 in             ; 0 H/in                 ; 0 F/in                 ; short        ; open          ; open            ; open  ; 0 V                 ; -                  ; n/a           ; n/a             ; n/a         ;
; ~ALTERA_DCLK~ ; 2.5 V        ; 0 in              ; 0 H/in                  ; 0 F/in                  ; short         ; -                   ; open           ; open             ; open   ; 0 in             ; 0 H/in                 ; 0 F/in                 ; short        ; open          ; open            ; open  ; 0 V                 ; -                  ; n/a           ; n/a             ; n/a         ;
; ~ALTERA_nCEO~ ; 2.5 V        ; 0 in              ; 0 H/in                  ; 0 F/in                  ; short         ; -                   ; open           ; open             ; open   ; 0 in             ; 0 H/in                 ; 0 F/in                 ; short        ; open          ; open            ; open  ; 0 V                 ; -                  ; n/a           ; n/a             ; n/a         ;
+---------------+--------------+-------------------+-------------------------+-------------------------+---------------+---------------------+----------------+------------------+--------+------------------+------------------------+------------------------+--------------+---------------+-----------------+-------+---------------------+--------------------+---------------+-----------------+-------------+


+----------------------------------------------------------------------------+
; Input Transition Times                                                     ;
+-------------------------+--------------+-----------------+-----------------+
; Pin                     ; I/O Standard ; 10-90 Rise Time ; 90-10 Fall Time ;
+-------------------------+--------------+-----------------+-----------------+
; CLOCK_50                ; 2.5 V        ; 2000 ps         ; 2000 ps         ;
; RESET                   ; 2.5 V        ; 2000 ps         ; 2000 ps         ;
; INTRUSION_SW            ; 2.5 V        ; 2000 ps         ; 2000 ps         ;
; SENSOR_PUERTA           ; 2.5 V        ; 2000 ps         ; 2000 ps         ;
; SALIR_ADMIN             ; 2.5 V        ; 2000 ps         ; 2000 ps         ;
; FILA[0]                 ; 2.5 V        ; 2000 ps         ; 2000 ps         ;
; FILA[1]                 ; 2.5 V        ; 2000 ps         ; 2000 ps         ;
; FILA[2]                 ; 2.5 V        ; 2000 ps         ; 2000 ps         ;
; FILA[3]                 ; 2.5 V        ; 2000 ps         ; 2000 ps         ;
; ~ALTERA_ASDO_DATA1~     ; 2.5 V        ; 2000 ps         ; 2000 ps         ;
; ~ALTERA_FLASH_nCE_nCSO~ ; 2.5 V        ; 2000 ps         ; 2000 ps         ;
; ~ALTERA_DATA0~          ; 2.5 V        ; 2000 ps         ; 2000 ps         ;
+-------------------------+--------------+-----------------+-----------------+


+--------------------------------------------------------------------------------------------------------------------------------------------------------------------------------------------------------------------------------------------------------------------------------------------------------------------------------------------------------------------------------------------------------------------------------------------------------------------------------------------------------------------------------------------------------------------------------------------------------------------------------------------------------------------------------------------+
; Slow Corner Signal Integrity Metrics                                                                                                                                                                                                                                                                                                                                                                                                                                                                                                                                                                                                                                                       ;
+---------------+--------------+---------------------+---------------------+------------------------------+------------------------------+---------------------+---------------------+--------------------------------------+--------------------------------------+-----------------------------+-----------------------------+----------------------------+----------------------------+-----------------------------+-----------------------------+--------------------+--------------------+-------------------------------------+-------------------------------------+----------------------------+----------------------------+---------------------------+---------------------------+
; Pin           ; I/O Standard ; Board Delay on Rise ; Board Delay on Fall ; Steady State Voh at FPGA Pin ; Steady State Vol at FPGA Pin ; Voh Max at FPGA Pin ; Vol Min at FPGA Pin ; Ringback Voltage on Rise at FPGA Pin ; Ringback Voltage on Fall at FPGA Pin ; 10-90 Rise Time at FPGA Pin ; 90-10 Fall Time at FPGA Pin ; Monotonic Rise at FPGA Pin ; Monotonic Fall at FPGA Pin ; Steady State Voh at Far-end ; Steady State Vol at Far-end ; Voh Max at Far-end ; Vol Min at Far-end ; Ringback Voltage on Rise at Far-end ; Ringback Voltage on Fall at Far-end ; 10-90 Rise Time at Far-end ; 90-10 Fall Time at Far-end ; Monotonic Rise at Far-end ; Monotonic Fall at Far-end ;
+---------------+--------------+---------------------+---------------------+------------------------------+------------------------------+---------------------+---------------------+--------------------------------------+--------------------------------------+-----------------------------+-----------------------------+----------------------------+----------------------------+-----------------------------+-----------------------------+--------------------+--------------------+-------------------------------------+-------------------------------------+----------------------------+----------------------------+---------------------------+---------------------------+
; COLUMNA[0]    ; 2.5 V        ; 0 s                 ; 0 s                 ; 2.32 V                       ; 1.08e-06 V                   ; 2.36 V              ; -0.0113 V           ; 0.122 V                              ; 0.022 V                              ; 4.5e-10 s                   ; 4.45e-10 s                  ; Yes                        ; Yes                        ; 2.32 V                      ; 1.08e-06 V                  ; 2.36 V             ; -0.0113 V          ; 0.122 V                             ; 0.022 V                             ; 4.5e-10 s                  ; 4.45e-10 s                 ; Yes                       ; Yes                       ;
; COLUMNA[1]    ; 2.5 V        ; 0 s                 ; 0 s                 ; 2.32 V                       ; 1.08e-06 V                   ; 2.36 V              ; -0.0113 V           ; 0.122 V                              ; 0.022 V                              ; 4.5e-10 s                   ; 4.45e-10 s                  ; Yes                        ; Yes                        ; 2.32 V                      ; 1.08e-06 V                  ; 2.36 V             ; -0.0113 V          ; 0.122 V                             ; 0.022 V                             ; 4.5e-10 s                  ; 4.45e-10 s                 ; Yes                       ; Yes                       ;
; COLUMNA[2]    ; 2.5 V        ; 0 s                 ; 0 s                 ; 2.32 V                       ; 1.08e-06 V                   ; 2.36 V              ; -0.0113 V           ; 0.122 V                              ; 0.022 V                              ; 4.5e-10 s                   ; 4.45e-10 s                  ; Yes                        ; Yes                        ; 2.32 V                      ; 1.08e-06 V                  ; 2.36 V             ; -0.0113 V          ; 0.122 V                             ; 0.022 V                             ; 4.5e-10 s                  ; 4.45e-10 s                 ; Yes                       ; Yes                       ;
; COLUMNA[3]    ; 2.5 V        ; 0 s                 ; 0 s                 ; 2.32 V                       ; 1.08e-06 V                   ; 2.36 V              ; -0.0113 V           ; 0.122 V                              ; 0.022 V                              ; 4.5e-10 s                   ; 4.45e-10 s                  ; Yes                        ; Yes                        ; 2.32 V                      ; 1.08e-06 V                  ; 2.36 V             ; -0.0113 V          ; 0.122 V                             ; 0.022 V                             ; 4.5e-10 s                  ; 4.45e-10 s                 ; Yes                       ; Yes                       ;
; HEX0[0]       ; 2.5 V        ; 0 s                 ; 0 s                 ; 2.32 V                       ; 1.08e-06 V                   ; 2.36 V              ; -0.0113 V           ; 0.122 V                              ; 0.022 V                              ; 4.5e-10 s                   ; 4.45e-10 s                  ; Yes                        ; Yes                        ; 2.32 V                      ; 1.08e-06 V                  ; 2.36 V             ; -0.0113 V          ; 0.122 V                             ; 0.022 V                             ; 4.5e-10 s                  ; 4.45e-10 s                 ; Yes                       ; Yes                       ;
; HEX0[1]       ; 2.5 V        ; 0 s                 ; 0 s                 ; 2.32 V                       ; 1.08e-06 V                   ; 2.36 V              ; -0.0113 V           ; 0.122 V                              ; 0.022 V                              ; 4.5e-10 s                   ; 4.45e-10 s                  ; Yes                        ; Yes                        ; 2.32 V                      ; 1.08e-06 V                  ; 2.36 V             ; -0.0113 V          ; 0.122 V                             ; 0.022 V                             ; 4.5e-10 s                  ; 4.45e-10 s                 ; Yes                       ; Yes                       ;
; HEX0[2]       ; 2.5 V        ; 0 s                 ; 0 s                 ; 2.32 V                       ; 1.08e-06 V                   ; 2.36 V              ; -0.0113 V           ; 0.122 V                              ; 0.022 V                              ; 4.5e-10 s                   ; 4.45e-10 s                  ; Yes                        ; Yes                        ; 2.32 V                      ; 1.08e-06 V                  ; 2.36 V             ; -0.0113 V          ; 0.122 V                             ; 0.022 V                             ; 4.5e-10 s                  ; 4.45e-10 s                 ; Yes                       ; Yes                       ;
; HEX0[3]       ; 2.5 V        ; 0 s                 ; 0 s                 ; 2.32 V                       ; 1.08e-06 V                   ; 2.36 V              ; -0.0113 V           ; 0.122 V                              ; 0.022 V                              ; 4.5e-10 s                   ; 4.45e-10 s                  ; Yes                        ; Yes                        ; 2.32 V                      ; 1.08e-06 V                  ; 2.36 V             ; -0.0113 V          ; 0.122 V                             ; 0.022 V                             ; 4.5e-10 s                  ; 4.45e-10 s                 ; Yes                       ; Yes                       ;
; HEX0[4]       ; 2.5 V        ; 0 s                 ; 0 s                 ; 2.32 V                       ; 1.08e-06 V                   ; 2.36 V              ; -0.0113 V           ; 0.122 V                              ; 0.022 V                              ; 4.5e-10 s                   ; 4.45e-10 s                  ; Yes                        ; Yes                        ; 2.32 V                      ; 1.08e-06 V                  ; 2.36 V             ; -0.0113 V          ; 0.122 V                             ; 0.022 V                             ; 4.5e-10 s                  ; 4.45e-10 s                 ; Yes                       ; Yes                       ;
; HEX0[5]       ; 2.5 V        ; 0 s                 ; 0 s                 ; 2.32 V                       ; 1.08e-06 V                   ; 2.36 V              ; -0.0113 V           ; 0.122 V                              ; 0.022 V                              ; 4.5e-10 s                   ; 4.45e-10 s                  ; Yes                        ; Yes                        ; 2.32 V                      ; 1.08e-06 V                  ; 2.36 V             ; -0.0113 V          ; 0.122 V                             ; 0.022 V                             ; 4.5e-10 s                  ; 4.45e-10 s                 ; Yes                       ; Yes                       ;
; HEX0[6]       ; 2.5 V        ; 0 s                 ; 0 s                 ; 2.32 V                       ; 1.08e-06 V                   ; 2.36 V              ; -0.0113 V           ; 0.122 V                              ; 0.022 V                              ; 4.5e-10 s                   ; 4.45e-10 s                  ; Yes                        ; Yes                        ; 2.32 V                      ; 1.08e-06 V                  ; 2.36 V             ; -0.0113 V          ; 0.122 V                             ; 0.022 V                             ; 4.5e-10 s                  ; 4.45e-10 s                 ; Yes                       ; Yes                       ;
; HEX1[0]       ; 2.5 V        ; 0 s                 ; 0 s                 ; 2.32 V                       ; 1.08e-06 V                   ; 2.36 V              ; -0.0113 V           ; 0.122 V                              ; 0.022 V                              ; 4.5e-10 s                   ; 4.45e-10 s                  ; Yes                        ; Yes                        ; 2.32 V                      ; 1.08e-06 V                  ; 2.36 V             ; -0.0113 V          ; 0.122 V                             ; 0.022 V                             ; 4.5e-10 s                  ; 4.45e-10 s                 ; Yes                       ; Yes                       ;
; HEX1[1]       ; 2.5 V        ; 0 s                 ; 0 s                 ; 2.32 V                       ; 1.08e-06 V                   ; 2.36 V              ; -0.0113 V           ; 0.122 V                              ; 0.022 V                              ; 4.5e-10 s                   ; 4.45e-10 s                  ; Yes                        ; Yes                        ; 2.32 V                      ; 1.08e-06 V                  ; 2.36 V             ; -0.0113 V          ; 0.122 V                             ; 0.022 V                             ; 4.5e-10 s                  ; 4.45e-10 s                 ; Yes                       ; Yes                       ;
; HEX1[2]       ; 2.5 V        ; 0 s                 ; 0 s                 ; 2.32 V                       ; 1.08e-06 V                   ; 2.36 V              ; -0.0113 V           ; 0.122 V                              ; 0.022 V                              ; 4.5e-10 s                   ; 4.45e-10 s                  ; Yes                        ; Yes                        ; 2.32 V                      ; 1.08e-06 V                  ; 2.36 V             ; -0.0113 V          ; 0.122 V                             ; 0.022 V                             ; 4.5e-10 s                  ; 4.45e-10 s                 ; Yes                       ; Yes                       ;
; HEX1[3]       ; 2.5 V        ; 0 s                 ; 0 s                 ; 2.32 V                       ; 1.08e-06 V                   ; 2.36 V              ; -0.0113 V           ; 0.122 V                              ; 0.022 V                              ; 4.5e-10 s                   ; 4.45e-10 s                  ; Yes                        ; Yes                        ; 2.32 V                      ; 1.08e-06 V                  ; 2.36 V             ; -0.0113 V          ; 0.122 V                             ; 0.022 V                             ; 4.5e-10 s                  ; 4.45e-10 s                 ; Yes                       ; Yes                       ;
; HEX1[4]       ; 2.5 V        ; 0 s                 ; 0 s                 ; 2.32 V                       ; 1.08e-06 V                   ; 2.36 V              ; -0.0113 V           ; 0.122 V                              ; 0.022 V                              ; 4.5e-10 s                   ; 4.45e-10 s                  ; Yes                        ; Yes                        ; 2.32 V                      ; 1.08e-06 V                  ; 2.36 V             ; -0.0113 V          ; 0.122 V                             ; 0.022 V                             ; 4.5e-10 s                  ; 4.45e-10 s                 ; Yes                       ; Yes                       ;
; HEX1[5]       ; 2.5 V        ; 0 s                 ; 0 s                 ; 2.32 V                       ; 1.08e-06 V                   ; 2.36 V              ; -0.0113 V           ; 0.122 V                              ; 0.022 V                              ; 4.5e-10 s                   ; 4.45e-10 s                  ; Yes                        ; Yes                        ; 2.32 V                      ; 1.08e-06 V                  ; 2.36 V             ; -0.0113 V          ; 0.122 V                             ; 0.022 V                             ; 4.5e-10 s                  ; 4.45e-10 s                 ; Yes                       ; Yes                       ;
; HEX1[6]       ; 2.5 V        ; 0 s                 ; 0 s                 ; 2.32 V                       ; 1.08e-06 V                   ; 2.36 V              ; -0.0113 V           ; 0.122 V                              ; 0.022 V                              ; 4.5e-10 s                   ; 4.45e-10 s                  ; Yes                        ; Yes                        ; 2.32 V                      ; 1.08e-06 V                  ; 2.36 V             ; -0.0113 V          ; 0.122 V                             ; 0.022 V                             ; 4.5e-10 s                  ; 4.45e-10 s                 ; Yes                       ; Yes                       ;
; HEX2[0]       ; 2.5 V        ; 0 s                 ; 0 s                 ; 2.32 V                       ; 1.08e-06 V                   ; 2.36 V              ; -0.0113 V           ; 0.122 V                              ; 0.022 V                              ; 4.5e-10 s                   ; 4.45e-10 s                  ; Yes                        ; Yes                        ; 2.32 V                      ; 1.08e-06 V                  ; 2.36 V             ; -0.0113 V          ; 0.122 V                             ; 0.022 V                             ; 4.5e-10 s                  ; 4.45e-10 s                 ; Yes                       ; Yes                       ;
; HEX2[1]       ; 2.5 V        ; 0 s                 ; 0 s                 ; 2.32 V                       ; 1.08e-06 V                   ; 2.36 V              ; -0.0113 V           ; 0.122 V                              ; 0.022 V                              ; 4.5e-10 s                   ; 4.45e-10 s                  ; Yes                        ; Yes                        ; 2.32 V                      ; 1.08e-06 V                  ; 2.36 V             ; -0.0113 V          ; 0.122 V                             ; 0.022 V                             ; 4.5e-10 s                  ; 4.45e-10 s                 ; Yes                       ; Yes                       ;
; HEX2[2]       ; 2.5 V        ; 0 s                 ; 0 s                 ; 2.32 V                       ; 1.08e-06 V                   ; 2.36 V              ; -0.0113 V           ; 0.122 V                              ; 0.022 V                              ; 4.5e-10 s                   ; 4.45e-10 s                  ; Yes                        ; Yes                        ; 2.32 V                      ; 1.08e-06 V                  ; 2.36 V             ; -0.0113 V          ; 0.122 V                             ; 0.022 V                             ; 4.5e-10 s                  ; 4.45e-10 s                 ; Yes                       ; Yes                       ;
; HEX2[3]       ; 2.5 V        ; 0 s                 ; 0 s                 ; 2.32 V                       ; 1.08e-06 V                   ; 2.36 V              ; -0.0113 V           ; 0.122 V                              ; 0.022 V                              ; 4.5e-10 s                   ; 4.45e-10 s                  ; Yes                        ; Yes                        ; 2.32 V                      ; 1.08e-06 V                  ; 2.36 V             ; -0.0113 V          ; 0.122 V                             ; 0.022 V                             ; 4.5e-10 s                  ; 4.45e-10 s                 ; Yes                       ; Yes                       ;
; HEX2[4]       ; 2.5 V        ; 0 s                 ; 0 s                 ; 2.32 V                       ; 1.08e-06 V                   ; 2.36 V              ; -0.0113 V           ; 0.122 V                              ; 0.022 V                              ; 4.5e-10 s                   ; 4.45e-10 s                  ; Yes                        ; Yes                        ; 2.32 V                      ; 1.08e-06 V                  ; 2.36 V             ; -0.0113 V          ; 0.122 V                             ; 0.022 V                             ; 4.5e-10 s                  ; 4.45e-10 s                 ; Yes                       ; Yes                       ;
; HEX2[5]       ; 2.5 V        ; 0 s                 ; 0 s                 ; 2.32 V                       ; 1.08e-06 V                   ; 2.36 V              ; -0.0113 V           ; 0.122 V                              ; 0.022 V                              ; 4.5e-10 s                   ; 4.45e-10 s                  ; Yes                        ; Yes                        ; 2.32 V                      ; 1.08e-06 V                  ; 2.36 V             ; -0.0113 V          ; 0.122 V                             ; 0.022 V                             ; 4.5e-10 s                  ; 4.45e-10 s                 ; Yes                       ; Yes                       ;
; HEX2[6]       ; 2.5 V        ; 0 s                 ; 0 s                 ; 2.32 V                       ; 1.08e-06 V                   ; 2.36 V              ; -0.0113 V           ; 0.122 V                              ; 0.022 V                              ; 4.5e-10 s                   ; 4.45e-10 s                  ; Yes                        ; Yes                        ; 2.32 V                      ; 1.08e-06 V                  ; 2.36 V             ; -0.0113 V          ; 0.122 V                             ; 0.022 V                             ; 4.5e-10 s                  ; 4.45e-10 s                 ; Yes                       ; Yes                       ;
; HEX3[0]       ; 2.5 V        ; 0 s                 ; 0 s                 ; 2.32 V                       ; 1.08e-06 V                   ; 2.36 V              ; -0.0113 V           ; 0.122 V                              ; 0.022 V                              ; 4.5e-10 s                   ; 4.45e-10 s                  ; Yes                        ; Yes                        ; 2.32 V                      ; 1.08e-06 V                  ; 2.36 V             ; -0.0113 V          ; 0.122 V                             ; 0.022 V                             ; 4.5e-10 s                  ; 4.45e-10 s                 ; Yes                       ; Yes                       ;
; HEX3[1]       ; 2.5 V        ; 0 s                 ; 0 s                 ; 2.32 V                       ; 1.08e-06 V                   ; 2.36 V              ; -0.0113 V           ; 0.122 V                              ; 0.022 V                              ; 4.5e-10 s                   ; 4.45e-10 s                  ; Yes                        ; Yes                        ; 2.32 V                      ; 1.08e-06 V                  ; 2.36 V             ; -0.0113 V          ; 0.122 V                             ; 0.022 V                             ; 4.5e-10 s                  ; 4.45e-10 s                 ; Yes                       ; Yes                       ;
; HEX3[2]       ; 2.5 V        ; 0 s                 ; 0 s                 ; 2.32 V                       ; 1.08e-06 V                   ; 2.36 V              ; -0.0113 V           ; 0.122 V                              ; 0.022 V                              ; 4.5e-10 s                   ; 4.45e-10 s                  ; Yes                        ; Yes                        ; 2.32 V                      ; 1.08e-06 V                  ; 2.36 V             ; -0.0113 V          ; 0.122 V                             ; 0.022 V                             ; 4.5e-10 s                  ; 4.45e-10 s                 ; Yes                       ; Yes                       ;
; HEX3[3]       ; 2.5 V        ; 0 s                 ; 0 s                 ; 2.32 V                       ; 1.08e-06 V                   ; 2.36 V              ; -0.0113 V           ; 0.122 V                              ; 0.022 V                              ; 4.5e-10 s                   ; 4.45e-10 s                  ; Yes                        ; Yes                        ; 2.32 V                      ; 1.08e-06 V                  ; 2.36 V             ; -0.0113 V          ; 0.122 V                             ; 0.022 V                             ; 4.5e-10 s                  ; 4.45e-10 s                 ; Yes                       ; Yes                       ;
; HEX3[4]       ; 2.5 V        ; 0 s                 ; 0 s                 ; 2.32 V                       ; 1.08e-06 V                   ; 2.36 V              ; -0.0113 V           ; 0.122 V                              ; 0.022 V                              ; 4.5e-10 s                   ; 4.45e-10 s                  ; Yes                        ; Yes                        ; 2.32 V                      ; 1.08e-06 V                  ; 2.36 V             ; -0.0113 V          ; 0.122 V                             ; 0.022 V                             ; 4.5e-10 s                  ; 4.45e-10 s                 ; Yes                       ; Yes                       ;
; HEX3[5]       ; 2.5 V        ; 0 s                 ; 0 s                 ; 2.32 V                       ; 1.08e-06 V                   ; 2.36 V              ; -0.0113 V           ; 0.122 V                              ; 0.022 V                              ; 4.5e-10 s                   ; 4.45e-10 s                  ; Yes                        ; Yes                        ; 2.32 V                      ; 1.08e-06 V                  ; 2.36 V             ; -0.0113 V          ; 0.122 V                             ; 0.022 V                             ; 4.5e-10 s                  ; 4.45e-10 s                 ; Yes                       ; Yes                       ;
; HEX3[6]       ; 2.5 V        ; 0 s                 ; 0 s                 ; 2.32 V                       ; 1.08e-06 V                   ; 2.36 V              ; -0.0113 V           ; 0.122 V                              ; 0.022 V                              ; 4.5e-10 s                   ; 4.45e-10 s                  ; Yes                        ; Yes                        ; 2.32 V                      ; 1.08e-06 V                  ; 2.36 V             ; -0.0113 V          ; 0.122 V                             ; 0.022 V                             ; 4.5e-10 s                  ; 4.45e-10 s                 ; Yes                       ; Yes                       ;
; SERVO_PWM     ; 2.5 V        ; 0 s                 ; 0 s                 ; 2.32 V                       ; 1.08e-06 V                   ; 2.36 V              ; -0.0113 V           ; 0.122 V                              ; 0.022 V                              ; 4.5e-10 s                   ; 4.45e-10 s                  ; Yes                        ; Yes                        ; 2.32 V                      ; 1.08e-06 V                  ; 2.36 V             ; -0.0113 V          ; 0.122 V                             ; 0.022 V                             ; 4.5e-10 s                  ; 4.45e-10 s                 ; Yes                       ; Yes                       ;
; BUZZER_OUT    ; 2.5 V        ; 0 s                 ; 0 s                 ; 2.32 V                       ; 1.08e-06 V                   ; 2.36 V              ; -0.0113 V           ; 0.122 V                              ; 0.022 V                              ; 4.5e-10 s                   ; 4.45e-10 s                  ; Yes                        ; Yes                        ; 2.32 V                      ; 1.08e-06 V                  ; 2.36 V             ; -0.0113 V          ; 0.122 V                             ; 0.022 V                             ; 4.5e-10 s                  ; 4.45e-10 s                 ; Yes                       ; Yes                       ;
; LED_ABRIR     ; 2.5 V        ; 0 s                 ; 0 s                 ; 2.32 V                       ; 7.25e-07 V                   ; 2.35 V              ; -0.0111 V           ; 0.113 V                              ; 0.035 V                              ; 7.76e-10 s                  ; 8.04e-10 s                  ; Yes                        ; Yes                        ; 2.32 V                      ; 7.25e-07 V                  ; 2.35 V             ; -0.0111 V          ; 0.113 V                             ; 0.035 V                             ; 7.76e-10 s                 ; 8.04e-10 s                 ; Yes                       ; Yes                       ;
; LED_ALARMA    ; 2.5 V        ; 0 s                 ; 0 s                 ; 2.32 V                       ; 7.25e-07 V                   ; 2.33 V              ; -0.00317 V          ; 0.162 V                              ; 0.063 V                              ; 3.54e-09 s                  ; 3.41e-09 s                  ; Yes                        ; Yes                        ; 2.32 V                      ; 7.25e-07 V                  ; 2.33 V             ; -0.00317 V         ; 0.162 V                             ; 0.063 V                             ; 3.54e-09 s                 ; 3.41e-09 s                 ; Yes                       ; Yes                       ;
; LED_BLOQUEO   ; 2.5 V        ; 0 s                 ; 0 s                 ; 2.32 V                       ; 7.25e-07 V                   ; 2.35 V              ; -0.0111 V           ; 0.113 V                              ; 0.035 V                              ; 7.76e-10 s                  ; 8.04e-10 s                  ; Yes                        ; Yes                        ; 2.32 V                      ; 7.25e-07 V                  ; 2.35 V             ; -0.0111 V          ; 0.113 V                             ; 0.035 V                             ; 7.76e-10 s                 ; 8.04e-10 s                 ; Yes                       ; Yes                       ;
; LED_MANANA    ; 2.5 V        ; 0 s                 ; 0 s                 ; 2.32 V                       ; 7.25e-07 V                   ; 2.35 V              ; -0.0111 V           ; 0.113 V                              ; 0.035 V                              ; 7.76e-10 s                  ; 8.04e-10 s                  ; Yes                        ; Yes                        ; 2.32 V                      ; 7.25e-07 V                  ; 2.35 V             ; -0.0111 V          ; 0.113 V                             ; 0.035 V                             ; 7.76e-10 s                 ; 8.04e-10 s                 ; Yes                       ; Yes                       ;
; LED_TARDE     ; 2.5 V        ; 0 s                 ; 0 s                 ; 2.32 V                       ; 7.25e-07 V                   ; 2.35 V              ; -0.0111 V           ; 0.113 V                              ; 0.035 V                              ; 7.76e-10 s                  ; 8.04e-10 s                  ; Yes                        ; Yes                        ; 2.32 V                      ; 7.25e-07 V                  ; 2.35 V             ; -0.0111 V          ; 0.113 V                             ; 0.035 V                             ; 7.76e-10 s                 ; 8.04e-10 s                 ; Yes                       ; Yes                       ;
; LED_NOCHE     ; 2.5 V        ; 0 s                 ; 0 s                 ; 2.32 V                       ; 7.25e-07 V                   ; 2.35 V              ; -0.0111 V           ; 0.113 V                              ; 0.035 V                              ; 7.76e-10 s                  ; 8.04e-10 s                  ; Yes                        ; Yes                        ; 2.32 V                      ; 7.25e-07 V                  ; 2.35 V             ; -0.0111 V          ; 0.113 V                             ; 0.035 V                             ; 7.76e-10 s                 ; 8.04e-10 s                 ; Yes                       ; Yes                       ;
; LED_FIN       ; 2.5 V        ; 0 s                 ; 0 s                 ; 2.32 V                       ; 7.25e-07 V                   ; 2.35 V              ; -0.0111 V           ; 0.113 V                              ; 0.035 V                              ; 7.76e-10 s                  ; 8.04e-10 s                  ; Yes                        ; Yes                        ; 2.32 V                      ; 7.25e-07 V                  ; 2.35 V             ; -0.0111 V          ; 0.113 V                             ; 0.035 V                             ; 7.76e-10 s                 ; 8.04e-10 s                 ; Yes                       ; Yes                       ;
; ~ALTERA_DCLK~ ; 2.5 V        ; 0 s                 ; 0 s                 ; 2.32 V                       ; 5.68e-07 V                   ; 2.35 V              ; -0.0132 V           ; 0.2 V                                ; 0.027 V                              ; 5.26e-10 s                  ; 4.81e-10 s                  ; Yes                        ; Yes                        ; 2.32 V                      ; 5.68e-07 V                  ; 2.35 V             ; -0.0132 V          ; 0.2 V                               ; 0.027 V                             ; 5.26e-10 s                 ; 4.81e-10 s                 ; Yes                       ; Yes                       ;
; ~ALTERA_nCEO~ ; 2.5 V        ; 0 s                 ; 0 s                 ; 2.32 V                       ; 9.36e-07 V                   ; 2.35 V              ; -0.00444 V          ; 0.18 V                               ; 0.019 V                              ; 7.23e-10 s                  ; 9.82e-10 s                  ; Yes                        ; Yes                        ; 2.32 V                      ; 9.36e-07 V                  ; 2.35 V             ; -0.00444 V         ; 0.18 V                              ; 0.019 V                             ; 7.23e-10 s                 ; 9.82e-10 s                 ; Yes                       ; Yes                       ;
+---------------+--------------+---------------------+---------------------+------------------------------+------------------------------+---------------------+---------------------+--------------------------------------+--------------------------------------+-----------------------------+-----------------------------+----------------------------+----------------------------+-----------------------------+-----------------------------+--------------------+--------------------+-------------------------------------+-------------------------------------+----------------------------+----------------------------+---------------------------+---------------------------+


+--------------------------------------------------------------------------------------------------------------------------------------------------------------------------------------------------------------------------------------------------------------------------------------------------------------------------------------------------------------------------------------------------------------------------------------------------------------------------------------------------------------------------------------------------------------------------------------------------------------------------------------------------------------------------------------------+
; Fast Corner Signal Integrity Metrics                                                                                                                                                                                                                                                                                                                                                                                                                                                                                                                                                                                                                                                       ;
+---------------+--------------+---------------------+---------------------+------------------------------+------------------------------+---------------------+---------------------+--------------------------------------+--------------------------------------+-----------------------------+-----------------------------+----------------------------+----------------------------+-----------------------------+-----------------------------+--------------------+--------------------+-------------------------------------+-------------------------------------+----------------------------+----------------------------+---------------------------+---------------------------+
; Pin           ; I/O Standard ; Board Delay on Rise ; Board Delay on Fall ; Steady State Voh at FPGA Pin ; Steady State Vol at FPGA Pin ; Voh Max at FPGA Pin ; Vol Min at FPGA Pin ; Ringback Voltage on Rise at FPGA Pin ; Ringback Voltage on Fall at FPGA Pin ; 10-90 Rise Time at FPGA Pin ; 90-10 Fall Time at FPGA Pin ; Monotonic Rise at FPGA Pin ; Monotonic Fall at FPGA Pin ; Steady State Voh at Far-end ; Steady State Vol at Far-end ; Voh Max at Far-end ; Vol Min at Far-end ; Ringback Voltage on Rise at Far-end ; Ringback Voltage on Fall at Far-end ; 10-90 Rise Time at Far-end ; 90-10 Fall Time at Far-end ; Monotonic Rise at Far-end ; Monotonic Fall at Far-end ;
+---------------+--------------+---------------------+---------------------+------------------------------+------------------------------+---------------------+---------------------+--------------------------------------+--------------------------------------+-----------------------------+-----------------------------+----------------------------+----------------------------+-----------------------------+-----------------------------+--------------------+--------------------+-------------------------------------+-------------------------------------+----------------------------+----------------------------+---------------------------+---------------------------+
; COLUMNA[0]    ; 2.5 V        ; 0 s                 ; 0 s                 ; 2.62 V                       ; 4.11e-08 V                   ; 2.73 V              ; -0.0566 V           ; 0.191 V                              ; 0.12 V                               ; 2.69e-10 s                  ; 2.76e-10 s                  ; Yes                        ; Yes                        ; 2.62 V                      ; 4.11e-08 V                  ; 2.73 V             ; -0.0566 V          ; 0.191 V                             ; 0.12 V                              ; 2.69e-10 s                 ; 2.76e-10 s                 ; Yes                       ; Yes                       ;
; COLUMNA[1]    ; 2.5 V        ; 0 s                 ; 0 s                 ; 2.62 V                       ; 4.11e-08 V                   ; 2.73 V              ; -0.0566 V           ; 0.191 V                              ; 0.12 V                               ; 2.69e-10 s                  ; 2.76e-10 s                  ; Yes                        ; Yes                        ; 2.62 V                      ; 4.11e-08 V                  ; 2.73 V             ; -0.0566 V          ; 0.191 V                             ; 0.12 V                              ; 2.69e-10 s                 ; 2.76e-10 s                 ; Yes                       ; Yes                       ;
; COLUMNA[2]    ; 2.5 V        ; 0 s                 ; 0 s                 ; 2.62 V                       ; 4.11e-08 V                   ; 2.73 V              ; -0.0566 V           ; 0.191 V                              ; 0.12 V                               ; 2.69e-10 s                  ; 2.76e-10 s                  ; Yes                        ; Yes                        ; 2.62 V                      ; 4.11e-08 V                  ; 2.73 V             ; -0.0566 V          ; 0.191 V                             ; 0.12 V                              ; 2.69e-10 s                 ; 2.76e-10 s                 ; Yes                       ; Yes                       ;
; COLUMNA[3]    ; 2.5 V        ; 0 s                 ; 0 s                 ; 2.62 V                       ; 4.11e-08 V                   ; 2.73 V              ; -0.0566 V           ; 0.191 V                              ; 0.12 V                               ; 2.69e-10 s                  ; 2.76e-10 s                  ; Yes                        ; Yes                        ; 2.62 V                      ; 4.11e-08 V                  ; 2.73 V             ; -0.0566 V          ; 0.191 V                             ; 0.12 V                              ; 2.69e-10 s                 ; 2.76e-10 s                 ; Yes                       ; Yes                       ;
; HEX0[0]       ; 2.5 V        ; 0 s                 ; 0 s                 ; 2.62 V                       ; 4.11e-08 V                   ; 2.73 V              ; -0.0566 V           ; 0.191 V                              ; 0.12 V                               ; 2.69e-10 s                  ; 2.76e-10 s                  ; Yes                        ; Yes                        ; 2.62 V                      ; 4.11e-08 V                  ; 2.73 V             ; -0.0566 V          ; 0.191 V                             ; 0.12 V                              ; 2.69e-10 s                 ; 2.76e-10 s                 ; Yes                       ; Yes                       ;
; HEX0[1]       ; 2.5 V        ; 0 s                 ; 0 s                 ; 2.62 V                       ; 4.11e-08 V                   ; 2.73 V              ; -0.0566 V           ; 0.191 V                              ; 0.12 V                               ; 2.69e-10 s                  ; 2.76e-10 s                  ; Yes                        ; Yes                        ; 2.62 V                      ; 4.11e-08 V                  ; 2.73 V             ; -0.0566 V          ; 0.191 V                             ; 0.12 V                              ; 2.69e-10 s                 ; 2.76e-10 s                 ; Yes                       ; Yes                       ;
; HEX0[2]       ; 2.5 V        ; 0 s                 ; 0 s                 ; 2.62 V                       ; 4.11e-08 V                   ; 2.73 V              ; -0.0566 V           ; 0.191 V                              ; 0.12 V                               ; 2.69e-10 s                  ; 2.76e-10 s                  ; Yes                        ; Yes                        ; 2.62 V                      ; 4.11e-08 V                  ; 2.73 V             ; -0.0566 V          ; 0.191 V                             ; 0.12 V                              ; 2.69e-10 s                 ; 2.76e-10 s                 ; Yes                       ; Yes                       ;
; HEX0[3]       ; 2.5 V        ; 0 s                 ; 0 s                 ; 2.62 V                       ; 4.11e-08 V                   ; 2.73 V              ; -0.0566 V           ; 0.191 V                              ; 0.12 V                               ; 2.69e-10 s                  ; 2.76e-10 s                  ; Yes                        ; Yes                        ; 2.62 V                      ; 4.11e-08 V                  ; 2.73 V             ; -0.0566 V          ; 0.191 V                             ; 0.12 V                              ; 2.69e-10 s                 ; 2.76e-10 s                 ; Yes                       ; Yes                       ;
; HEX0[4]       ; 2.5 V        ; 0 s                 ; 0 s                 ; 2.62 V                       ; 4.11e-08 V                   ; 2.73 V              ; -0.0566 V           ; 0.191 V                              ; 0.12 V                               ; 2.69e-10 s                  ; 2.76e-10 s                  ; Yes                        ; Yes                        ; 2.62 V                      ; 4.11e-08 V                  ; 2.73 V             ; -0.0566 V          ; 0.191 V                             ; 0.12 V                              ; 2.69e-10 s                 ; 2.76e-10 s                 ; Yes                       ; Yes                       ;
; HEX0[5]       ; 2.5 V        ; 0 s                 ; 0 s                 ; 2.62 V                       ; 4.11e-08 V                   ; 2.73 V              ; -0.0566 V           ; 0.191 V                              ; 0.12 V                               ; 2.69e-10 s                  ; 2.76e-10 s                  ; Yes                        ; Yes                        ; 2.62 V                      ; 4.11e-08 V                  ; 2.73 V             ; -0.0566 V          ; 0.191 V                             ; 0.12 V                              ; 2.69e-10 s                 ; 2.76e-10 s                 ; Yes                       ; Yes                       ;
; HEX0[6]       ; 2.5 V        ; 0 s                 ; 0 s                 ; 2.62 V                       ; 4.11e-08 V                   ; 2.73 V              ; -0.0566 V           ; 0.191 V                              ; 0.12 V                               ; 2.69e-10 s                  ; 2.76e-10 s                  ; Yes                        ; Yes                        ; 2.62 V                      ; 4.11e-08 V                  ; 2.73 V             ; -0.0566 V          ; 0.191 V                             ; 0.12 V                              ; 2.69e-10 s                 ; 2.76e-10 s                 ; Yes                       ; Yes                       ;
; HEX1[0]       ; 2.5 V        ; 0 s                 ; 0 s                 ; 2.62 V                       ; 4.11e-08 V                   ; 2.73 V              ; -0.0566 V           ; 0.191 V                              ; 0.12 V                               ; 2.69e-10 s                  ; 2.76e-10 s                  ; Yes                        ; Yes                        ; 2.62 V                      ; 4.11e-08 V                  ; 2.73 V             ; -0.0566 V          ; 0.191 V                             ; 0.12 V                              ; 2.69e-10 s                 ; 2.76e-10 s                 ; Yes                       ; Yes                       ;
; HEX1[1]       ; 2.5 V        ; 0 s                 ; 0 s                 ; 2.62 V                       ; 4.11e-08 V                   ; 2.73 V              ; -0.0566 V           ; 0.191 V                              ; 0.12 V                               ; 2.69e-10 s                  ; 2.76e-10 s                  ; Yes                        ; Yes                        ; 2.62 V                      ; 4.11e-08 V                  ; 2.73 V             ; -0.0566 V          ; 0.191 V                             ; 0.12 V                              ; 2.69e-10 s                 ; 2.76e-10 s                 ; Yes                       ; Yes                       ;
; HEX1[2]       ; 2.5 V        ; 0 s                 ; 0 s                 ; 2.62 V                       ; 4.11e-08 V                   ; 2.73 V              ; -0.0566 V           ; 0.191 V                              ; 0.12 V                               ; 2.69e-10 s                  ; 2.76e-10 s                  ; Yes                        ; Yes                        ; 2.62 V                      ; 4.11e-08 V                  ; 2.73 V             ; -0.0566 V          ; 0.191 V                             ; 0.12 V                              ; 2.69e-10 s                 ; 2.76e-10 s                 ; Yes                       ; Yes                       ;
; HEX1[3]       ; 2.5 V        ; 0 s                 ; 0 s                 ; 2.62 V                       ; 4.11e-08 V                   ; 2.73 V              ; -0.0566 V           ; 0.191 V                              ; 0.12 V                               ; 2.69e-10 s                  ; 2.76e-10 s                  ; Yes                        ; Yes                        ; 2.62 V                      ; 4.11e-08 V                  ; 2.73 V             ; -0.0566 V          ; 0.191 V                             ; 0.12 V                              ; 2.69e-10 s                 ; 2.76e-10 s                 ; Yes                       ; Yes                       ;
; HEX1[4]       ; 2.5 V        ; 0 s                 ; 0 s                 ; 2.62 V                       ; 4.11e-08 V                   ; 2.73 V              ; -0.0566 V           ; 0.191 V                              ; 0.12 V                               ; 2.69e-10 s                  ; 2.76e-10 s                  ; Yes                        ; Yes                        ; 2.62 V                      ; 4.11e-08 V                  ; 2.73 V             ; -0.0566 V          ; 0.191 V                             ; 0.12 V                              ; 2.69e-10 s                 ; 2.76e-10 s                 ; Yes                       ; Yes                       ;
; HEX1[5]       ; 2.5 V        ; 0 s                 ; 0 s                 ; 2.62 V                       ; 4.11e-08 V                   ; 2.73 V              ; -0.0566 V           ; 0.191 V                              ; 0.12 V                               ; 2.69e-10 s                  ; 2.76e-10 s                  ; Yes                        ; Yes                        ; 2.62 V                      ; 4.11e-08 V                  ; 2.73 V             ; -0.0566 V          ; 0.191 V                             ; 0.12 V                              ; 2.69e-10 s                 ; 2.76e-10 s                 ; Yes                       ; Yes                       ;
; HEX1[6]       ; 2.5 V        ; 0 s                 ; 0 s                 ; 2.62 V                       ; 4.11e-08 V                   ; 2.73 V              ; -0.0566 V           ; 0.191 V                              ; 0.12 V                               ; 2.69e-10 s                  ; 2.76e-10 s                  ; Yes                        ; Yes                        ; 2.62 V                      ; 4.11e-08 V                  ; 2.73 V             ; -0.0566 V          ; 0.191 V                             ; 0.12 V                              ; 2.69e-10 s                 ; 2.76e-10 s                 ; Yes                       ; Yes                       ;
; HEX2[0]       ; 2.5 V        ; 0 s                 ; 0 s                 ; 2.62 V                       ; 4.11e-08 V                   ; 2.73 V              ; -0.0566 V           ; 0.191 V                              ; 0.12 V                               ; 2.69e-10 s                  ; 2.76e-10 s                  ; Yes                        ; Yes                        ; 2.62 V                      ; 4.11e-08 V                  ; 2.73 V             ; -0.0566 V          ; 0.191 V                             ; 0.12 V                              ; 2.69e-10 s                 ; 2.76e-10 s                 ; Yes                       ; Yes                       ;
; HEX2[1]       ; 2.5 V        ; 0 s                 ; 0 s                 ; 2.62 V                       ; 4.11e-08 V                   ; 2.73 V              ; -0.0566 V           ; 0.191 V                              ; 0.12 V                               ; 2.69e-10 s                  ; 2.76e-10 s                  ; Yes                        ; Yes                        ; 2.62 V                      ; 4.11e-08 V                  ; 2.73 V             ; -0.0566 V          ; 0.191 V                             ; 0.12 V                              ; 2.69e-10 s                 ; 2.76e-10 s                 ; Yes                       ; Yes                       ;
; HEX2[2]       ; 2.5 V        ; 0 s                 ; 0 s                 ; 2.62 V                       ; 4.11e-08 V                   ; 2.73 V              ; -0.0566 V           ; 0.191 V                              ; 0.12 V                               ; 2.69e-10 s                  ; 2.76e-10 s                  ; Yes                        ; Yes                        ; 2.62 V                      ; 4.11e-08 V                  ; 2.73 V             ; -0.0566 V          ; 0.191 V                             ; 0.12 V                              ; 2.69e-10 s                 ; 2.76e-10 s                 ; Yes                       ; Yes                       ;
; HEX2[3]       ; 2.5 V        ; 0 s                 ; 0 s                 ; 2.62 V                       ; 4.11e-08 V                   ; 2.73 V              ; -0.0566 V           ; 0.191 V                              ; 0.12 V                               ; 2.69e-10 s                  ; 2.76e-10 s                  ; Yes                        ; Yes                        ; 2.62 V                      ; 4.11e-08 V                  ; 2.73 V             ; -0.0566 V          ; 0.191 V                             ; 0.12 V                              ; 2.69e-10 s                 ; 2.76e-10 s                 ; Yes                       ; Yes                       ;
; HEX2[4]       ; 2.5 V        ; 0 s                 ; 0 s                 ; 2.62 V                       ; 4.11e-08 V                   ; 2.73 V              ; -0.0566 V           ; 0.191 V                              ; 0.12 V                               ; 2.69e-10 s                  ; 2.76e-10 s                  ; Yes                        ; Yes                        ; 2.62 V                      ; 4.11e-08 V                  ; 2.73 V             ; -0.0566 V          ; 0.191 V                             ; 0.12 V                              ; 2.69e-10 s                 ; 2.76e-10 s                 ; Yes                       ; Yes                       ;
; HEX2[5]       ; 2.5 V        ; 0 s                 ; 0 s                 ; 2.62 V                       ; 4.11e-08 V                   ; 2.73 V              ; -0.0566 V           ; 0.191 V                              ; 0.12 V                               ; 2.69e-10 s                  ; 2.76e-10 s                  ; Yes                        ; Yes                        ; 2.62 V                      ; 4.11e-08 V                  ; 2.73 V             ; -0.0566 V          ; 0.191 V                             ; 0.12 V                              ; 2.69e-10 s                 ; 2.76e-10 s                 ; Yes                       ; Yes                       ;
; HEX2[6]       ; 2.5 V        ; 0 s                 ; 0 s                 ; 2.62 V                       ; 4.11e-08 V                   ; 2.73 V              ; -0.0566 V           ; 0.191 V                              ; 0.12 V                               ; 2.69e-10 s                  ; 2.76e-10 s                  ; Yes                        ; Yes                        ; 2.62 V                      ; 4.11e-08 V                  ; 2.73 V             ; -0.0566 V          ; 0.191 V                             ; 0.12 V                              ; 2.69e-10 s                 ; 2.76e-10 s                 ; Yes                       ; Yes                       ;
; HEX3[0]       ; 2.5 V        ; 0 s                 ; 0 s                 ; 2.62 V                       ; 4.11e-08 V                   ; 2.73 V              ; -0.0566 V           ; 0.191 V                              ; 0.12 V                               ; 2.69e-10 s                  ; 2.76e-10 s                  ; Yes                        ; Yes                        ; 2.62 V                      ; 4.11e-08 V                  ; 2.73 V             ; -0.0566 V          ; 0.191 V                             ; 0.12 V                              ; 2.69e-10 s                 ; 2.76e-10 s                 ; Yes                       ; Yes                       ;
; HEX3[1]       ; 2.5 V        ; 0 s                 ; 0 s                 ; 2.62 V                       ; 4.11e-08 V                   ; 2.73 V              ; -0.0566 V           ; 0.191 V                              ; 0.12 V                               ; 2.69e-10 s                  ; 2.76e-10 s                  ; Yes                        ; Yes                        ; 2.62 V                      ; 4.11e-08 V                  ; 2.73 V             ; -0.0566 V          ; 0.191 V                             ; 0.12 V                              ; 2.69e-10 s                 ; 2.76e-10 s                 ; Yes                       ; Yes                       ;
; HEX3[2]       ; 2.5 V        ; 0 s                 ; 0 s                 ; 2.62 V                       ; 4.11e-08 V                   ; 2.73 V              ; -0.0566 V           ; 0.191 V                              ; 0.12 V                               ; 2.69e-10 s                  ; 2.76e-10 s                  ; Yes                        ; Yes                        ; 2.62 V                      ; 4.11e-08 V                  ; 2.73 V             ; -0.0566 V          ; 0.191 V                             ; 0.12 V                              ; 2.69e-10 s                 ; 2.76e-10 s                 ; Yes                       ; Yes                       ;
; HEX3[3]       ; 2.5 V        ; 0 s                 ; 0 s                 ; 2.62 V                       ; 4.11e-08 V                   ; 2.73 V              ; -0.0566 V           ; 0.191 V                              ; 0.12 V                               ; 2.69e-10 s                  ; 2.76e-10 s                  ; Yes                        ; Yes                        ; 2.62 V                      ; 4.11e-08 V                  ; 2.73 V             ; -0.0566 V          ; 0.191 V                             ; 0.12 V                              ; 2.69e-10 s                 ; 2.76e-10 s                 ; Yes                       ; Yes                       ;
; HEX3[4]       ; 2.5 V        ; 0 s                 ; 0 s                 ; 2.62 V                       ; 4.11e-08 V                   ; 2.73 V              ; -0.0566 V           ; 0.191 V                              ; 0.12 V                               ; 2.69e-10 s                  ; 2.76e-10 s                  ; Yes                        ; Yes                        ; 2.62 V                      ; 4.11e-08 V                  ; 2.73 V             ; -0.0566 V          ; 0.191 V                             ; 0.12 V                              ; 2.69e-10 s                 ; 2.76e-10 s                 ; Yes                       ; Yes                       ;
; HEX3[5]       ; 2.5 V        ; 0 s                 ; 0 s                 ; 2.62 V                       ; 4.11e-08 V                   ; 2.73 V              ; -0.0566 V           ; 0.191 V                              ; 0.12 V                               ; 2.69e-10 s                  ; 2.76e-10 s                  ; Yes                        ; Yes                        ; 2.62 V                      ; 4.11e-08 V                  ; 2.73 V             ; -0.0566 V          ; 0.191 V                             ; 0.12 V                              ; 2.69e-10 s                 ; 2.76e-10 s                 ; Yes                       ; Yes                       ;
; HEX3[6]       ; 2.5 V        ; 0 s                 ; 0 s                 ; 2.62 V                       ; 4.11e-08 V                   ; 2.73 V              ; -0.0566 V           ; 0.191 V                              ; 0.12 V                               ; 2.69e-10 s                  ; 2.76e-10 s                  ; Yes                        ; Yes                        ; 2.62 V                      ; 4.11e-08 V                  ; 2.73 V             ; -0.0566 V          ; 0.191 V                             ; 0.12 V                              ; 2.69e-10 s                 ; 2.76e-10 s                 ; Yes                       ; Yes                       ;
; SERVO_PWM     ; 2.5 V        ; 0 s                 ; 0 s                 ; 2.62 V                       ; 4.11e-08 V                   ; 2.73 V              ; -0.0566 V           ; 0.191 V                              ; 0.12 V                               ; 2.69e-10 s                  ; 2.76e-10 s                  ; Yes                        ; Yes                        ; 2.62 V                      ; 4.11e-08 V                  ; 2.73 V             ; -0.0566 V          ; 0.191 V                             ; 0.12 V                              ; 2.69e-10 s                 ; 2.76e-10 s                 ; Yes                       ; Yes                       ;
; BUZZER_OUT    ; 2.5 V        ; 0 s                 ; 0 s                 ; 2.62 V                       ; 4.11e-08 V                   ; 2.73 V              ; -0.0566 V           ; 0.191 V                              ; 0.12 V                               ; 2.69e-10 s                  ; 2.76e-10 s                  ; Yes                        ; Yes                        ; 2.62 V                      ; 4.11e-08 V                  ; 2.73 V             ; -0.0566 V          ; 0.191 V                             ; 0.12 V                              ; 2.69e-10 s                 ; 2.76e-10 s                 ; Yes                       ; Yes                       ;
; LED_ABRIR     ; 2.5 V        ; 0 s                 ; 0 s                 ; 2.62 V                       ; 2.78e-08 V                   ; 2.71 V              ; -0.0349 V           ; 0.253 V                              ; 0.069 V                              ; 4.96e-10 s                  ; 5.19e-10 s                  ; No                         ; Yes                        ; 2.62 V                      ; 2.78e-08 V                  ; 2.71 V             ; -0.0349 V          ; 0.253 V                             ; 0.069 V                             ; 4.96e-10 s                 ; 5.19e-10 s                 ; No                        ; Yes                       ;
; LED_ALARMA    ; 2.5 V        ; 0 s                 ; 0 s                 ; 2.62 V                       ; 2.78e-08 V                   ; 2.64 V              ; -0.0109 V           ; 0.244 V                              ; 0.16 V                               ; 2.42e-09 s                  ; 2.37e-09 s                  ; No                         ; Yes                        ; 2.62 V                      ; 2.78e-08 V                  ; 2.64 V             ; -0.0109 V          ; 0.244 V                             ; 0.16 V                              ; 2.42e-09 s                 ; 2.37e-09 s                 ; No                        ; Yes                       ;
; LED_BLOQUEO   ; 2.5 V        ; 0 s                 ; 0 s                 ; 2.62 V                       ; 2.78e-08 V                   ; 2.71 V              ; -0.0349 V           ; 0.253 V                              ; 0.069 V                              ; 4.96e-10 s                  ; 5.19e-10 s                  ; No                         ; Yes                        ; 2.62 V                      ; 2.78e-08 V                  ; 2.71 V             ; -0.0349 V          ; 0.253 V                             ; 0.069 V                             ; 4.96e-10 s                 ; 5.19e-10 s                 ; No                        ; Yes                       ;
; LED_MANANA    ; 2.5 V        ; 0 s                 ; 0 s                 ; 2.62 V                       ; 2.78e-08 V                   ; 2.71 V              ; -0.0349 V           ; 0.253 V                              ; 0.069 V                              ; 4.96e-10 s                  ; 5.19e-10 s                  ; No                         ; Yes                        ; 2.62 V                      ; 2.78e-08 V                  ; 2.71 V             ; -0.0349 V          ; 0.253 V                             ; 0.069 V                             ; 4.96e-10 s                 ; 5.19e-10 s                 ; No                        ; Yes                       ;
; LED_TARDE     ; 2.5 V        ; 0 s                 ; 0 s                 ; 2.62 V                       ; 2.78e-08 V                   ; 2.71 V              ; -0.0349 V           ; 0.253 V                              ; 0.069 V                              ; 4.96e-10 s                  ; 5.19e-10 s                  ; No                         ; Yes                        ; 2.62 V                      ; 2.78e-08 V                  ; 2.71 V             ; -0.0349 V          ; 0.253 V                             ; 0.069 V                             ; 4.96e-10 s                 ; 5.19e-10 s                 ; No                        ; Yes                       ;
; LED_NOCHE     ; 2.5 V        ; 0 s                 ; 0 s                 ; 2.62 V                       ; 2.78e-08 V                   ; 2.71 V              ; -0.0349 V           ; 0.253 V                              ; 0.069 V                              ; 4.96e-10 s                  ; 5.19e-10 s                  ; No                         ; Yes                        ; 2.62 V                      ; 2.78e-08 V                  ; 2.71 V             ; -0.0349 V          ; 0.253 V                             ; 0.069 V                             ; 4.96e-10 s                 ; 5.19e-10 s                 ; No                        ; Yes                       ;
; LED_FIN       ; 2.5 V        ; 0 s                 ; 0 s                 ; 2.62 V                       ; 2.78e-08 V                   ; 2.71 V              ; -0.0349 V           ; 0.253 V                              ; 0.069 V                              ; 4.96e-10 s                  ; 5.19e-10 s                  ; No                         ; Yes                        ; 2.62 V                      ; 2.78e-08 V                  ; 2.71 V             ; -0.0349 V          ; 0.253 V                             ; 0.069 V                             ; 4.96e-10 s                 ; 5.19e-10 s                 ; No                        ; Yes                       ;
; ~ALTERA_DCLK~ ; 2.5 V        ; 0 s                 ; 0 s                 ; 2.62 V                       ; 2.22e-08 V                   ; 2.72 V              ; -0.0747 V           ; 0.28 V                               ; 0.169 V                              ; 3.1e-10 s                   ; 3.01e-10 s                  ; No                         ; Yes                        ; 2.62 V                      ; 2.22e-08 V                  ; 2.72 V             ; -0.0747 V          ; 0.28 V                              ; 0.169 V                             ; 3.1e-10 s                  ; 3.01e-10 s                 ; No                        ; Yes                       ;
; ~ALTERA_nCEO~ ; 2.5 V        ; 0 s                 ; 0 s                 ; 2.62 V                       ; 3.53e-08 V                   ; 2.7 V               ; -0.0212 V           ; 0.204 V                              ; 0.049 V                              ; 4.85e-10 s                  ; 6.73e-10 s                  ; No                         ; Yes                        ; 2.62 V                      ; 3.53e-08 V                  ; 2.7 V              ; -0.0212 V          ; 0.204 V                             ; 0.049 V                             ; 4.85e-10 s                 ; 6.73e-10 s                 ; No                        ; Yes                       ;
+---------------+--------------+---------------------+---------------------+------------------------------+------------------------------+---------------------+---------------------+--------------------------------------+--------------------------------------+-----------------------------+-----------------------------+----------------------------+----------------------------+-----------------------------+-----------------------------+--------------------+--------------------+-------------------------------------+-------------------------------------+----------------------------+----------------------------+---------------------------+---------------------------+


+-------------------------------------------------------------------+
; Setup Transfers                                                   ;
+------------+----------+----------+----------+----------+----------+
; From Clock ; To Clock ; RR Paths ; FR Paths ; RF Paths ; FF Paths ;
+------------+----------+----------+----------+----------+----------+
; CLOCK_50   ; CLOCK_50 ; 62321    ; 0        ; 0        ; 0        ;
+------------+----------+----------+----------+----------+----------+
Entries labeled "false path" only account for clock-to-clock false paths and not path-based false paths. As a result, actual path counts may be lower than reported.


+-------------------------------------------------------------------+
; Hold Transfers                                                    ;
+------------+----------+----------+----------+----------+----------+
; From Clock ; To Clock ; RR Paths ; FR Paths ; RF Paths ; FF Paths ;
+------------+----------+----------+----------+----------+----------+
; CLOCK_50   ; CLOCK_50 ; 62321    ; 0        ; 0        ; 0        ;
+------------+----------+----------+----------+----------+----------+
Entries labeled "false path" only account for clock-to-clock false paths and not path-based false paths. As a result, actual path counts may be lower than reported.


+-------------------------------------------------------------------+
; Recovery Transfers                                                ;
+------------+----------+----------+----------+----------+----------+
; From Clock ; To Clock ; RR Paths ; FR Paths ; RF Paths ; FF Paths ;
+------------+----------+----------+----------+----------+----------+
; CLOCK_50   ; CLOCK_50 ; 51       ; 0        ; 0        ; 0        ;
+------------+----------+----------+----------+----------+----------+
Entries labeled "false path" only account for clock-to-clock false paths and not path-based false paths. As a result, actual path counts may be lower than reported.


+-------------------------------------------------------------------+
; Removal Transfers                                                 ;
+------------+----------+----------+----------+----------+----------+
; From Clock ; To Clock ; RR Paths ; FR Paths ; RF Paths ; FF Paths ;
+------------+----------+----------+----------+----------+----------+
; CLOCK_50   ; CLOCK_50 ; 51       ; 0        ; 0        ; 0        ;
+------------+----------+----------+----------+----------+----------+
Entries labeled "false path" only account for clock-to-clock false paths and not path-based false paths. As a result, actual path counts may be lower than reported.


---------------
; Report TCCS ;
---------------
No dedicated SERDES Transmitter circuitry present in device or used in design


---------------
; Report RSKM ;
---------------
No non-DPA dedicated SERDES Receiver circuitry present in device or used in design


+------------------------------------------------+
; Unconstrained Paths                            ;
+---------------------------------+-------+------+
; Property                        ; Setup ; Hold ;
+---------------------------------+-------+------+
; Illegal Clocks                  ; 0     ; 0    ;
; Unconstrained Clocks            ; 0     ; 0    ;
; Unconstrained Input Ports       ; 8     ; 8    ;
; Unconstrained Input Port Paths  ; 532   ; 532  ;
; Unconstrained Output Ports      ; 41    ; 41   ;
; Unconstrained Output Port Paths ; 628   ; 628  ;
+---------------------------------+-------+------+


+------------------------------------+
; TimeQuest Timing Analyzer Messages ;
+------------------------------------+
Info: *******************************************************************
Info: Running Quartus II 64-Bit TimeQuest Timing Analyzer
    Info: Version 13.1.0 Build 162 10/23/2013 SJ Web Edition
    Info: Processing started: Tue May 12 17:43:04 2026
Info: Command: quartus_sta top_principal -c top_principal
Info: qsta_default_script.tcl version: #1
Info (11104): Parallel Compilation has detected 4 hyper-threaded processors. However, the extra hyper-threaded processors will not be used by default. Parallel Compilation will use 2 of the 2 physical processors detected instead.
Info (21077): Core supply voltage is 1.2V
Info (21077): Low junction temperature is 0 degrees C
Info (21077): High junction temperature is 85 degrees C
Critical Warning (332012): Synopsys Design Constraints File file not found: 'top_principal.sdc'. A Synopsys Design Constraints File is required by the TimeQuest Timing Analyzer to get proper timing constraints. Without it, the Compiler will not properly optimize the design.
Info (332142): No user constrained base clocks found in the design. Calling "derive_clocks -period 1.0"
Info (332105): Deriving Clocks
    Info (332105): create_clock -period 1.000 -name CLOCK_50 CLOCK_50
Info (332143): No user constrained clock uncertainty found in the design. Calling "derive_clock_uncertainty"
Info (332123): Deriving Clock Uncertainty. Please refer to report_sdc in TimeQuest to see clock uncertainties.
Info: Found TIMEQUEST_REPORT_SCRIPT_INCLUDE_DEFAULT_ANALYSIS = ON
Info: Analyzing Slow 1200mV 85C Model
Critical Warning (332148): Timing requirements not met
    Info (11105): For recommendations on closing timing, run Report Timing Closure Recommendations in the TimeQuest Timing Analyzer.
Info (332146): Worst-case setup slack is -5.370
    Info (332119):     Slack       End Point TNS Clock 
    Info (332119): ========= =================== =====================
    Info (332119):    -5.370           -1780.584 CLOCK_50 
Info (332146): Worst-case hold slack is 0.344
    Info (332119):     Slack       End Point TNS Clock 
    Info (332119): ========= =================== =====================
    Info (332119):     0.344               0.000 CLOCK_50 
Info (332146): Worst-case recovery slack is -1.135
    Info (332119):     Slack       End Point TNS Clock 
    Info (332119): ========= =================== =====================
    Info (332119):    -1.135             -18.112 CLOCK_50 
Info (332146): Worst-case removal slack is 1.187
    Info (332119):     Slack       End Point TNS Clock 
    Info (332119): ========= =================== =====================
    Info (332119):     1.187               0.000 CLOCK_50 
Info (332146): Worst-case minimum pulse width slack is -3.000
    Info (332119):     Slack       End Point TNS Clock 
    Info (332119): ========= =================== =====================
    Info (332119):    -3.000            -517.000 CLOCK_50 
Info: Analyzing Slow 1200mV 0C Model
Info (334003): Started post-fitting delay annotation
Info (334004): Delay annotation completed successfully
Info (332123): Deriving Clock Uncertainty. Please refer to report_sdc in TimeQuest to see clock uncertainties.
Critical Warning (332148): Timing requirements not met
    Info (11105): For recommendations on closing timing, run Report Timing Closure Recommendations in the TimeQuest Timing Analyzer.
Info (332146): Worst-case setup slack is -4.799
    Info (332119):     Slack       End Point TNS Clock 
    Info (332119): ========= =================== =====================
    Info (332119):    -4.799           -1551.589 CLOCK_50 
Info (332146): Worst-case hold slack is 0.299
    Info (332119):     Slack       End Point TNS Clock 
    Info (332119): ========= =================== =====================
    Info (332119):     0.299               0.000 CLOCK_50 
Info (332146): Worst-case recovery slack is -0.916
    Info (332119):     Slack       End Point TNS Clock 
    Info (332119): ========= =================== =====================
    Info (332119):    -0.916             -14.485 CLOCK_50 
Info (332146): Worst-case removal slack is 1.065
    Info (332119):     Slack       End Point TNS Clock 
    Info (332119): ========= =================== =====================
    Info (332119):     1.065               0.000 CLOCK_50 
Info (332146): Worst-case minimum pulse width slack is -3.000
    Info (332119):     Slack       End Point TNS Clock 
    Info (332119): ========= =================== =====================
    Info (332119):    -3.000            -517.000 CLOCK_50 
Info: Analyzing Fast 1200mV 0C Model
Info (332123): Deriving Clock Uncertainty. Please refer to report_sdc in TimeQuest to see clock uncertainties.
Critical Warning (332148): Timing requirements not met
    Info (11105): For recommendations on closing timing, run Report Timing Closure Recommendations in the TimeQuest Timing Analyzer.
Info (332146): Worst-case setup slack is -2.615
    Info (332119):     Slack       End Point TNS Clock 
    Info (332119): ========= =================== =====================
    Info (332119):    -2.615            -817.991 CLOCK_50 
Info (332146): Worst-case hold slack is 0.180
    Info (332119):     Slack       End Point TNS Clock 
    Info (332119): ========= =================== =====================
    Info (332119):     0.180               0.000 CLOCK_50 
Info (332146): Worst-case recovery slack is -0.206
    Info (332119):     Slack       End Point TNS Clock 
    Info (332119): ========= =================== =====================
    Info (332119):    -0.206              -2.839 CLOCK_50 
Info (332146): Worst-case removal slack is 0.655
    Info (332119):     Slack       End Point TNS Clock 
    Info (332119): ========= =================== =====================
    Info (332119):     0.655               0.000 CLOCK_50 
Info (332146): Worst-case minimum pulse width slack is -3.000
    Info (332119):     Slack       End Point TNS Clock 
    Info (332119): ========= =================== =====================
    Info (332119):    -3.000            -546.599 CLOCK_50 
Info (332102): Design is not fully constrained for setup requirements
Info (332102): Design is not fully constrained for hold requirements
Info: Quartus II 64-Bit TimeQuest Timing Analyzer was successful. 0 errors, 4 warnings
    Info: Peak virtual memory: 4672 megabytes
    Info: Processing ended: Tue May 12 17:43:18 2026
    Info: Elapsed time: 00:00:14
    Info: Total CPU time (on all processors): 00:00:01


