Fitter report for top_principal
Tue May 12 17:42:48 2026
Quartus II 64-Bit Version 13.1.0 Build 162 10/23/2013 SJ Web Edition


---------------------
; Table of Contents ;
---------------------
  1. Legal Notice
  2. Fitter Summary
  3. Fitter Settings
  4. Parallel Compilation
  5. I/O Assignment Warnings
  6. Incremental Compilation Preservation Summary
  7. Incremental Compilation Partition Settings
  8. Incremental Compilation Placement Preservation
  9. Pin-Out File
 10. Fitter Resource Usage Summary
 11. Fitter Partition Statistics
 12. Input Pins
 13. Output Pins
 14. Dual Purpose and Dedicated Pins
 15. I/O Bank Usage
 16. All Package Pins
 17. Fitter Resource Utilization by Entity
 18. Delay Chain Summary
 19. Pad To Core Delay Chain Fanout
 20. Control Signals
 21. Global & Other Fast Signals
 22. Non-Global High Fan-Out Signals
 23. Routing Usage Summary
 24. LAB Logic Elements
 25. LAB-wide Signals
 26. LAB Signals Sourced
 27. LAB Signals Sourced Out
 28. LAB Distinct Inputs
 29. I/O Rules Summary
 30. I/O Rules Details
 31. I/O Rules Matrix
 32. Fitter Device Options
 33. Operating Settings and Conditions
 34. Fitter Messages
 35. Fitter Suppressed Messages



----------------
; Legal Notice ;
----------------
Copyright (C) 1991-2013 Altera Corporation
Your use of Altera Corporation's design tools, logic functions 
and other software and tools, and its AMPP partner logic 
functions, and any output files from any of the foregoing 
(including device programming or simulation files), and any 
associated documentation or information are expressly subject 
to the terms and conditions of the Altera Program License 
Subscription Agreement, Altera MegaCore Function License 
Agreement, or other applicable license agreement, including, 
without limitation, that your use is for the sole purpose of 
programming logic devices manufactured by Altera and sold by 
Altera or its authorized distributors.  Please refer to the 
applicable agreement for further details.



+---------------------------------------------------------------------------------+
; Fitter Summary                                                                  ;
+------------------------------------+--------------------------------------------+
; Fitter Status                      ; Successful - Tue May 12 17:42:48 2026      ;
; Quartus II 64-Bit Version          ; 13.1.0 Build 162 10/23/2013 SJ Web Edition ;
; Revision Name                      ; top_principal                              ;
; Top-level Entity Name              ; top_principal                              ;
; Family                             ; Cyclone III                                ;
; Device                             ; EP3C16F484C6                               ;
; Timing Models                      ; Final                                      ;
; Total logic elements               ; 1,082 / 15,408 ( 7 % )                     ;
;     Total combinational functions  ; 975 / 15,408 ( 6 % )                       ;
;     Dedicated logic registers      ; 514 / 15,408 ( 3 % )                       ;
; Total registers                    ; 514                                        ;
; Total pins                         ; 50 / 347 ( 14 % )                          ;
; Total virtual pins                 ; 0                                          ;
; Total memory bits                  ; 0 / 516,096 ( 0 % )                        ;
; Embedded Multiplier 9-bit elements ; 0 / 112 ( 0 % )                            ;
; Total PLLs                         ; 0 / 4 ( 0 % )                              ;
+------------------------------------+--------------------------------------------+


+------------------------------------------------------------------------------------------------------------------------------------------------------------+
; Fitter Settings                                                                                                                                            ;
+----------------------------------------------------------------------------+---------------------------------------+---------------------------------------+
; Option                                                                     ; Setting                               ; Default Value                         ;
+----------------------------------------------------------------------------+---------------------------------------+---------------------------------------+
; Device                                                                     ; EP3C16F484C6                          ;                                       ;
; Nominal Core Supply Voltage                                                ; 1.2V                                  ;                                       ;
; Minimum Core Junction Temperature                                          ; 0                                     ;                                       ;
; Maximum Core Junction Temperature                                          ; 85                                    ;                                       ;
; Fit Attempts to Skip                                                       ; 0                                     ; 0.0                                   ;
; Device I/O Standard                                                        ; 2.5 V                                 ;                                       ;
; Use smart compilation                                                      ; Off                                   ; Off                                   ;
; Enable parallel Assembler and TimeQuest Timing Analyzer during compilation ; On                                    ; On                                    ;
; Enable compact report table                                                ; Off                                   ; Off                                   ;
; Auto Merge PLLs                                                            ; On                                    ; On                                    ;
; Router Timing Optimization Level                                           ; Normal                                ; Normal                                ;
; Perform Clocking Topology Analysis During Routing                          ; Off                                   ; Off                                   ;
; Placement Effort Multiplier                                                ; 1.0                                   ; 1.0                                   ;
; Router Effort Multiplier                                                   ; 1.0                                   ; 1.0                                   ;
; Optimize Hold Timing                                                       ; All Paths                             ; All Paths                             ;
; Optimize Multi-Corner Timing                                               ; On                                    ; On                                    ;
; PowerPlay Power Optimization                                               ; Normal compilation                    ; Normal compilation                    ;
; SSN Optimization                                                           ; Off                                   ; Off                                   ;
; Optimize Timing                                                            ; Normal compilation                    ; Normal compilation                    ;
; Optimize Timing for ECOs                                                   ; Off                                   ; Off                                   ;
; Regenerate full fit report during ECO compiles                             ; Off                                   ; Off                                   ;
; Optimize IOC Register Placement for Timing                                 ; Normal                                ; Normal                                ;
; Limit to One Fitting Attempt                                               ; Off                                   ; Off                                   ;
; Final Placement Optimizations                                              ; Automatically                         ; Automatically                         ;
; Fitter Aggressive Routability Optimizations                                ; Automatically                         ; Automatically                         ;
; Fitter Initial Placement Seed                                              ; 1                                     ; 1                                     ;
; PCI I/O                                                                    ; Off                                   ; Off                                   ;
; Weak Pull-Up Resistor                                                      ; Off                                   ; Off                                   ;
; Enable Bus-Hold Circuitry                                                  ; Off                                   ; Off                                   ;
; Auto Packed Registers                                                      ; Auto                                  ; Auto                                  ;
; Auto Delay Chains                                                          ; On                                    ; On                                    ;
; Auto Delay Chains for High Fanout Input Pins                               ; Off                                   ; Off                                   ;
; Allow Single-ended Buffer for Differential-XSTL Input                      ; Off                                   ; Off                                   ;
; Treat Bidirectional Pin as Output Pin                                      ; Off                                   ; Off                                   ;
; Perform Physical Synthesis for Combinational Logic for Fitting             ; Off                                   ; Off                                   ;
; Perform Physical Synthesis for Combinational Logic for Performance         ; Off                                   ; Off                                   ;
; Perform Register Duplication for Performance                               ; Off                                   ; Off                                   ;
; Perform Logic to Memory Mapping for Fitting                                ; Off                                   ; Off                                   ;
; Perform Register Retiming for Performance                                  ; Off                                   ; Off                                   ;
; Perform Asynchronous Signal Pipelining                                     ; Off                                   ; Off                                   ;
; Fitter Effort                                                              ; Auto Fit                              ; Auto Fit                              ;
; Physical Synthesis Effort Level                                            ; Normal                                ; Normal                                ;
; Logic Cell Insertion - Logic Duplication                                   ; Auto                                  ; Auto                                  ;
; Auto Register Duplication                                                  ; Auto                                  ; Auto                                  ;
; Auto Global Clock                                                          ; On                                    ; On                                    ;
; Auto Global Register Control Signals                                       ; On                                    ; On                                    ;
; Reserve all unused pins                                                    ; As input tri-stated with weak pull-up ; As input tri-stated with weak pull-up ;
; Synchronizer Identification                                                ; Off                                   ; Off                                   ;
; Enable Beneficial Skew Optimization                                        ; On                                    ; On                                    ;
; Optimize Design for Metastability                                          ; On                                    ; On                                    ;
; Force Fitter to Avoid Periphery Placement Warnings                         ; Off                                   ; Off                                   ;
; RAM Bit Reservation (Cyclone III)                                          ; Off                                   ; Off                                   ;
; Enable input tri-state on active configuration pins in user mode           ; Off                                   ; Off                                   ;
+----------------------------------------------------------------------------+---------------------------------------+---------------------------------------+


+------------------------------------------+
; Parallel Compilation                     ;
+----------------------------+-------------+
; Processors                 ; Number      ;
+----------------------------+-------------+
; Number detected on machine ; 4           ;
; Maximum allowed            ; 2           ;
;                            ;             ;
; Average used               ; 1.25        ;
; Maximum used               ; 2           ;
;                            ;             ;
; Usage by Processor         ; % Time Used ;
;     Processor 1            ; 100.0%      ;
;     Processor 2            ;  25.0%      ;
;     Processors 3-4         ;   0.0%      ;
+----------------------------+-------------+


+----------------------------------------------------+
; I/O Assignment Warnings                            ;
+-------------+--------------------------------------+
; Pin Name    ; Reason                               ;
+-------------+--------------------------------------+
; COLUMNA[0]  ; Missing drive strength and slew rate ;
; COLUMNA[1]  ; Missing drive strength and slew rate ;
; COLUMNA[2]  ; Missing drive strength and slew rate ;
; COLUMNA[3]  ; Missing drive strength and slew rate ;
; HEX0[0]     ; Missing drive strength and slew rate ;
; HEX0[1]     ; Missing drive strength and slew rate ;
; HEX0[2]     ; Missing drive strength and slew rate ;
; HEX0[3]     ; Missing drive strength and slew rate ;
; HEX0[4]     ; Missing drive strength and slew rate ;
; HEX0[5]     ; Missing drive strength and slew rate ;
; HEX0[6]     ; Missing drive strength and slew rate ;
; HEX1[0]     ; Missing drive strength and slew rate ;
; HEX1[1]     ; Missing drive strength and slew rate ;
; HEX1[2]     ; Missing drive strength and slew rate ;
; HEX1[3]     ; Missing drive strength and slew rate ;
; HEX1[4]     ; Missing drive strength and slew rate ;
; HEX1[5]     ; Missing drive strength and slew rate ;
; HEX1[6]     ; Missing drive strength and slew rate ;
; HEX2[0]     ; Missing drive strength and slew rate ;
; HEX2[1]     ; Missing drive strength and slew rate ;
; HEX2[2]     ; Missing drive strength and slew rate ;
; HEX2[3]     ; Missing drive strength and slew rate ;
; HEX2[4]     ; Missing drive strength and slew rate ;
; HEX2[5]     ; Missing drive strength and slew rate ;
; HEX2[6]     ; Missing drive strength and slew rate ;
; HEX3[0]     ; Missing drive strength and slew rate ;
; HEX3[1]     ; Missing drive strength and slew rate ;
; HEX3[2]     ; Missing drive strength and slew rate ;
; HEX3[3]     ; Missing drive strength and slew rate ;
; HEX3[4]     ; Missing drive strength and slew rate ;
; HEX3[5]     ; Missing drive strength and slew rate ;
; HEX3[6]     ; Missing drive strength and slew rate ;
; SERVO_PWM   ; Missing drive strength and slew rate ;
; BUZZER_OUT  ; Missing drive strength and slew rate ;
; LED_ABRIR   ; Missing drive strength and slew rate ;
; LED_ALARMA  ; Missing drive strength and slew rate ;
; LED_BLOQUEO ; Missing drive strength and slew rate ;
; LED_MANANA  ; Missing drive strength and slew rate ;
; LED_TARDE   ; Missing drive strength and slew rate ;
; LED_NOCHE   ; Missing drive strength and slew rate ;
; LED_FIN     ; Missing drive strength and slew rate ;
+-------------+--------------------------------------+


+---------------------------------------------------------------------------------------------------+
; Incremental Compilation Preservation Summary                                                      ;
+---------------------+---------------------+----------------------------+--------------------------+
; Type                ; Total [A + B]       ; From Design Partitions [A] ; From Rapid Recompile [B] ;
+---------------------+---------------------+----------------------------+--------------------------+
; Placement (by node) ;                     ;                            ;                          ;
;     -- Requested    ; 0.00 % ( 0 / 1600 ) ; 0.00 % ( 0 / 1600 )        ; 0.00 % ( 0 / 1600 )      ;
;     -- Achieved     ; 0.00 % ( 0 / 1600 ) ; 0.00 % ( 0 / 1600 )        ; 0.00 % ( 0 / 1600 )      ;
;                     ;                     ;                            ;                          ;
; Routing (by net)    ;                     ;                            ;                          ;
;     -- Requested    ; 0.00 % ( 0 / 0 )    ; 0.00 % ( 0 / 0 )           ; 0.00 % ( 0 / 0 )         ;
;     -- Achieved     ; 0.00 % ( 0 / 0 )    ; 0.00 % ( 0 / 0 )           ; 0.00 % ( 0 / 0 )         ;
+---------------------+---------------------+----------------------------+--------------------------+


+----------------------------------------------------------------------------------------------------------------------------------------------------------------------------------------+
; Incremental Compilation Partition Settings                                                                                                                                             ;
+--------------------------------+----------------+-------------------+-------------------------+------------------------+------------------------------+--------------------------------+
; Partition Name                 ; Partition Type ; Netlist Type Used ; Preservation Level Used ; Netlist Type Requested ; Preservation Level Requested ; Contents                       ;
+--------------------------------+----------------+-------------------+-------------------------+------------------------+------------------------------+--------------------------------+
; Top                            ; User-created   ; Source File       ; N/A                     ; Source File            ; N/A                          ;                                ;
; hard_block:auto_generated_inst ; Auto-generated ; Source File       ; N/A                     ; Source File            ; N/A                          ; hard_block:auto_generated_inst ;
+--------------------------------+----------------+-------------------+-------------------------+------------------------+------------------------------+--------------------------------+


+------------------------------------------------------------------------------------------------------------------------------------+
; Incremental Compilation Placement Preservation                                                                                     ;
+--------------------------------+-----------------------+-------------------------+-------------------+---------------------+-------+
; Partition Name                 ; Preservation Achieved ; Preservation Level Used ; Netlist Type Used ; Preservation Method ; Notes ;
+--------------------------------+-----------------------+-------------------------+-------------------+---------------------+-------+
; Top                            ; 0.00 % ( 0 / 1590 )   ; N/A                     ; Source File       ; N/A                 ;       ;
; hard_block:auto_generated_inst ; 0.00 % ( 0 / 10 )     ; N/A                     ; Source File       ; N/A                 ;       ;
+--------------------------------+-----------------------+-------------------------+-------------------+---------------------+-------+


+--------------+
; Pin-Out File ;
+--------------+
The pin-out file can be found in E:/trabajoVHDL/trabajoVHDL/top_principal/output_files/top_principal.pin.


+----------------------------------------------------------------------+
; Fitter Resource Usage Summary                                        ;
+---------------------------------------------+------------------------+
; Resource                                    ; Usage                  ;
+---------------------------------------------+------------------------+
; Total logic elements                        ; 1,082 / 15,408 ( 7 % ) ;
;     -- Combinational with no register       ; 568                    ;
;     -- Register only                        ; 107                    ;
;     -- Combinational with a register        ; 407                    ;
;                                             ;                        ;
; Logic element usage by number of LUT inputs ;                        ;
;     -- 4 input functions                    ; 553                    ;
;     -- 3 input functions                    ; 106                    ;
;     -- <=2 input functions                  ; 316                    ;
;     -- Register only                        ; 107                    ;
;                                             ;                        ;
; Logic elements by mode                      ;                        ;
;     -- normal mode                          ; 851                    ;
;     -- arithmetic mode                      ; 124                    ;
;                                             ;                        ;
; Total registers*                            ; 514 / 17,068 ( 3 % )   ;
;     -- Dedicated logic registers            ; 514 / 15,408 ( 3 % )   ;
;     -- I/O registers                        ; 0 / 1,660 ( 0 % )      ;
;                                             ;                        ;
; Total LABs:  partially or completely used   ; 82 / 963 ( 9 % )       ;
; Virtual pins                                ; 0                      ;
; I/O pins                                    ; 50 / 347 ( 14 % )      ;
;     -- Clock pins                           ; 1 / 8 ( 13 % )         ;
;     -- Dedicated input pins                 ; 0 / 9 ( 0 % )          ;
;                                             ;                        ;
; Global signals                              ; 1                      ;
; M9Ks                                        ; 0 / 56 ( 0 % )         ;
; Total block memory bits                     ; 0 / 516,096 ( 0 % )    ;
; Total block memory implementation bits      ; 0 / 516,096 ( 0 % )    ;
; Embedded Multiplier 9-bit elements          ; 0 / 112 ( 0 % )        ;
; PLLs                                        ; 0 / 4 ( 0 % )          ;
; Global clocks                               ; 1 / 20 ( 5 % )         ;
; JTAGs                                       ; 0 / 1 ( 0 % )          ;
; CRC blocks                                  ; 0 / 1 ( 0 % )          ;
; ASMI blocks                                 ; 0 / 1 ( 0 % )          ;
; Impedance control blocks                    ; 0 / 4 ( 0 % )          ;
; Average interconnect usage (total/H/V)      ; 2% / 2% / 2%           ;
; Peak interconnect usage (total/H/V)         ; 6% / 6% / 6%           ;
; Maximum fan-out                             ; 514                    ;
; Highest non-global fan-out                  ; 226                    ;
; Total fan-out                               ; 5018                   ;
; Average fan-out                             ; 2.94                   ;
+---------------------------------------------+------------------------+
*  Register count does not include registers inside RAM blocks or DSP blocks.



+-----------------------------------------------------------------------------------------------------+
; Fitter Partition Statistics                                                                         ;
+---------------------------------------------+----------------------+--------------------------------+
; Statistic                                   ; Top                  ; hard_block:auto_generated_inst ;
+---------------------------------------------+----------------------+--------------------------------+
; Difficulty Clustering Region                ; Low                  ; Low                            ;
;                                             ;                      ;                                ;
; Total logic elements                        ; 1082 / 15408 ( 7 % ) ; 0 / 15408 ( 0 % )              ;
;     -- Combinational with no register       ; 568                  ; 0                              ;
;     -- Register only                        ; 107                  ; 0                              ;
;     -- Combinational with a register        ; 407                  ; 0                              ;
;                                             ;                      ;                                ;
; Logic element usage by number of LUT inputs ;                      ;                                ;
;     -- 4 input functions                    ; 553                  ; 0                              ;
;     -- 3 input functions                    ; 106                  ; 0                              ;
;     -- <=2 input functions                  ; 316                  ; 0                              ;
;     -- Register only                        ; 107                  ; 0                              ;
;                                             ;                      ;                                ;
; Logic elements by mode                      ;                      ;                                ;
;     -- normal mode                          ; 851                  ; 0                              ;
;     -- arithmetic mode                      ; 124                  ; 0                              ;
;                                             ;                      ;                                ;
; Total registers                             ; 514                  ; 0                              ;
;     -- Dedicated logic registers            ; 514 / 15408 ( 3 % )  ; 0 / 15408 ( 0 % )              ;
;     -- I/O registers                        ; 0                    ; 0                              ;
;                                             ;                      ;                                ;
; Total LABs:  partially or completely used   ; 82 / 963 ( 9 % )     ; 0 / 963 ( 0 % )                ;
;                                             ;                      ;                                ;
; Virtual pins                                ; 0                    ; 0                              ;
; I/O pins                                    ; 50                   ; 0                              ;
; Embedded Multiplier 9-bit elements          ; 0 / 112 ( 0 % )      ; 0 / 112 ( 0 % )                ;
; Total memory bits                           ; 0                    ; 0                              ;
; Total RAM block bits                        ; 0                    ; 0                              ;
; Clock control block                         ; 1 / 24 ( 4 % )       ; 0 / 24 ( 0 % )                 ;
;                                             ;                      ;                                ;
; Connections                                 ;                      ;                                ;
;     -- Input Connections                    ; 0                    ; 0                              ;
;     -- Registered Input Connections         ; 0                    ; 0                              ;
;     -- Output Connections                   ; 0                    ; 0                              ;
;     -- Registered Output Connections        ; 0                    ; 0                              ;
;                                             ;                      ;                                ;
; Internal Connections                        ;                      ;                                ;
;     -- Total Connections                    ; 5013                 ; 5                              ;
;     -- Registered Connections               ; 1430                 ; 0                              ;
;                                             ;                      ;                                ;
; External Connections                        ;                      ;                                ;
;     -- Top                                  ; 0                    ; 0                              ;
;     -- hard_block:auto_generated_inst       ; 0                    ; 0                              ;
;                                             ;                      ;                                ;
; Partition Interface                         ;                      ;                                ;
;     -- Input Ports                          ; 9                    ; 0                              ;
;     -- Output Ports                         ; 41                   ; 0                              ;
;     -- Bidir Ports                          ; 0                    ; 0                              ;
;                                             ;                      ;                                ;
; Registered Ports                            ;                      ;                                ;
;     -- Registered Input Ports               ; 0                    ; 0                              ;
;     -- Registered Output Ports              ; 0                    ; 0                              ;
;                                             ;                      ;                                ;
; Port Connectivity                           ;                      ;                                ;
;     -- Input Ports driven by GND            ; 0                    ; 0                              ;
;     -- Output Ports driven by GND           ; 0                    ; 0                              ;
;     -- Input Ports driven by VCC            ; 0                    ; 0                              ;
;     -- Output Ports driven by VCC           ; 0                    ; 0                              ;
;     -- Input Ports with no Source           ; 0                    ; 0                              ;
;     -- Output Ports with no Source          ; 0                    ; 0                              ;
;     -- Input Ports with no Fanout           ; 0                    ; 0                              ;
;     -- Output Ports with no Fanout          ; 0                    ; 0                              ;
+---------------------------------------------+----------------------+--------------------------------+


+------------------------------------------------------------------------------------------------------------------------------------------------------------------------------------------------------------------------------------------------------------------------------------+
; Input Pins                                                                                                                                                                                                                                                                         ;
+---------------+-------+----------+--------------+--------------+--------------+-----------------------+--------------------+--------+----------------+---------------+-----------------+----------+--------------+--------------+---------------------------+----------------------+
; Name          ; Pin # ; I/O Bank ; X coordinate ; Y coordinate ; Z coordinate ; Combinational Fan-Out ; Registered Fan-Out ; Global ; Input Register ; Power Up High ; PCI I/O Enabled ; Bus Hold ; Weak Pull Up ; I/O Standard ; Termination Control Block ; Location assigned by ;
+---------------+-------+----------+--------------+--------------+--------------+-----------------------+--------------------+--------+----------------+---------------+-----------------+----------+--------------+--------------+---------------------------+----------------------+
; CLOCK_50      ; G21   ; 6        ; 41           ; 15           ; 0            ; 514                   ; 0                  ; yes    ; no             ; no            ; yes             ; no       ; Off          ; 2.5 V        ; --                        ; User                 ;
; FILA[0]       ; AA20  ; 4        ; 37           ; 0            ; 21           ; 3                     ; 0                  ; no     ; no             ; no            ; yes             ; no       ; On           ; 2.5 V        ; --                        ; User                 ;
; FILA[1]       ; AB20  ; 4        ; 37           ; 0            ; 14           ; 3                     ; 0                  ; no     ; no             ; no            ; yes             ; no       ; On           ; 2.5 V        ; --                        ; User                 ;
; FILA[2]       ; AB19  ; 4        ; 35           ; 0            ; 14           ; 2                     ; 0                  ; no     ; no             ; no            ; yes             ; no       ; On           ; 2.5 V        ; --                        ; User                 ;
; FILA[3]       ; AA18  ; 4        ; 35           ; 0            ; 28           ; 1                     ; 0                  ; no     ; no             ; no            ; yes             ; no       ; On           ; 2.5 V        ; --                        ; User                 ;
; INTRUSION_SW  ; D2    ; 1        ; 0            ; 25           ; 0            ; 1                     ; 0                  ; no     ; no             ; no            ; yes             ; no       ; Off          ; 2.5 V        ; --                        ; User                 ;
; RESET         ; J6    ; 1        ; 0            ; 24           ; 0            ; 226                   ; 0                  ; no     ; no             ; no            ; yes             ; no       ; Off          ; 2.5 V        ; --                        ; User                 ;
; SALIR_ADMIN   ; E4    ; 1        ; 0            ; 26           ; 0            ; 31                    ; 0                  ; no     ; no             ; no            ; yes             ; no       ; Off          ; 2.5 V        ; --                        ; User                 ;
; SENSOR_PUERTA ; R14   ; 4        ; 39           ; 0            ; 14           ; 1                     ; 0                  ; no     ; no             ; no            ; yes             ; no       ; Off          ; 2.5 V        ; --                        ; User                 ;
+---------------+-------+----------+--------------+--------------+--------------+-----------------------+--------------------+--------+----------------+---------------+-----------------+----------+--------------+--------------+---------------------------+----------------------+


+--------------------------------------------------------------------------------------------------------------------------------------------------------------------------------------------------------------------------------------------------------------------------------------------------------------------------------------------------------------------------------------------------------------------------------------------------------------+
; Output Pins                                                                                                                                                                                                                                                                                                                                                                                                                                                  ;
+-------------+-------+----------+--------------+--------------+--------------+-----------------+------------------------+---------------+-----------+-----------------+------------+---------------+----------+--------------+--------------+------------------+-----------------------------------+---------------------------+----------------------------+-----------------------------+----------------------+----------------------+---------------------+
; Name        ; Pin # ; I/O Bank ; X coordinate ; Y coordinate ; Z coordinate ; Output Register ; Output Enable Register ; Power Up High ; Slew Rate ; PCI I/O Enabled ; Open Drain ; TRI Primitive ; Bus Hold ; Weak Pull Up ; I/O Standard ; Current Strength ; Termination                       ; Termination Control Block ; Output Buffer Pre-emphasis ; Voltage Output Differential ; Location assigned by ; Output Enable Source ; Output Enable Group ;
+-------------+-------+----------+--------------+--------------+--------------+-----------------+------------------------+---------------+-----------+-----------------+------------+---------------+----------+--------------+--------------+------------------+-----------------------------------+---------------------------+----------------------------+-----------------------------+----------------------+----------------------+---------------------+
; BUZZER_OUT  ; AA9   ; 3        ; 16           ; 0            ; 7            ; no              ; no                     ; no            ; 2         ; no              ; no         ; no            ; no       ; Off          ; 2.5 V        ; Default          ; Series 50 Ohm without Calibration ; --                        ; no                         ; no                          ; User                 ; -                    ; -                   ;
; COLUMNA[0]  ; W17   ; 4        ; 35           ; 0            ; 7            ; no              ; no                     ; no            ; 2         ; no              ; no         ; no            ; no       ; Off          ; 2.5 V        ; Default          ; Series 50 Ohm without Calibration ; --                        ; no                         ; no                          ; User                 ; -                    ; -                   ;
; COLUMNA[1]  ; T15   ; 4        ; 32           ; 0            ; 7            ; no              ; no                     ; no            ; 2         ; no              ; no         ; no            ; no       ; Off          ; 2.5 V        ; Default          ; Series 50 Ohm without Calibration ; --                        ; no                         ; no                          ; User                 ; -                    ; -                   ;
; COLUMNA[2]  ; V15   ; 4        ; 32           ; 0            ; 28           ; no              ; no                     ; no            ; 2         ; no              ; no         ; no            ; no       ; Off          ; 2.5 V        ; Default          ; Series 50 Ohm without Calibration ; --                        ; no                         ; no                          ; User                 ; -                    ; -                   ;
; COLUMNA[3]  ; AB9   ; 3        ; 16           ; 0            ; 0            ; no              ; no                     ; no            ; 2         ; no              ; no         ; no            ; no       ; Off          ; 2.5 V        ; Default          ; Series 50 Ohm without Calibration ; --                        ; no                         ; no                          ; User                 ; -                    ; -                   ;
; HEX0[0]     ; E11   ; 7        ; 21           ; 29           ; 21           ; no              ; no                     ; no            ; 2         ; no              ; no         ; no            ; no       ; Off          ; 2.5 V        ; Default          ; Series 50 Ohm without Calibration ; --                        ; no                         ; no                          ; User                 ; -                    ; -                   ;
; HEX0[1]     ; F11   ; 7        ; 21           ; 29           ; 28           ; no              ; no                     ; no            ; 2         ; no              ; no         ; no            ; no       ; Off          ; 2.5 V        ; Default          ; Series 50 Ohm without Calibration ; --                        ; no                         ; no                          ; User                 ; -                    ; -                   ;
; HEX0[2]     ; H12   ; 7        ; 26           ; 29           ; 0            ; no              ; no                     ; no            ; 2         ; no              ; no         ; no            ; no       ; Off          ; 2.5 V        ; Default          ; Series 50 Ohm without Calibration ; --                        ; no                         ; no                          ; User                 ; -                    ; -                   ;
; HEX0[3]     ; H13   ; 7        ; 28           ; 29           ; 28           ; no              ; no                     ; no            ; 2         ; no              ; no         ; no            ; no       ; Off          ; 2.5 V        ; Default          ; Series 50 Ohm without Calibration ; --                        ; no                         ; no                          ; User                 ; -                    ; -                   ;
; HEX0[4]     ; G12   ; 7        ; 26           ; 29           ; 7            ; no              ; no                     ; no            ; 2         ; no              ; no         ; no            ; no       ; Off          ; 2.5 V        ; Default          ; Series 50 Ohm without Calibration ; --                        ; no                         ; no                          ; User                 ; -                    ; -                   ;
; HEX0[5]     ; F12   ; 7        ; 28           ; 29           ; 21           ; no              ; no                     ; no            ; 2         ; no              ; no         ; no            ; no       ; Off          ; 2.5 V        ; Default          ; Series 50 Ohm without Calibration ; --                        ; no                         ; no                          ; User                 ; -                    ; -                   ;
; HEX0[6]     ; F13   ; 7        ; 26           ; 29           ; 14           ; no              ; no                     ; no            ; 2         ; no              ; no         ; no            ; no       ; Off          ; 2.5 V        ; Default          ; Series 50 Ohm without Calibration ; --                        ; no                         ; no                          ; User                 ; -                    ; -                   ;
; HEX1[0]     ; A13   ; 7        ; 21           ; 29           ; 0            ; no              ; no                     ; no            ; 2         ; no              ; no         ; no            ; no       ; Off          ; 2.5 V        ; Default          ; Series 50 Ohm without Calibration ; --                        ; no                         ; no                          ; User                 ; -                    ; -                   ;
; HEX1[1]     ; B13   ; 7        ; 21           ; 29           ; 7            ; no              ; no                     ; no            ; 2         ; no              ; no         ; no            ; no       ; Off          ; 2.5 V        ; Default          ; Series 50 Ohm without Calibration ; --                        ; no                         ; no                          ; User                 ; -                    ; -                   ;
; HEX1[2]     ; C13   ; 7        ; 23           ; 29           ; 0            ; no              ; no                     ; no            ; 2         ; no              ; no         ; no            ; no       ; Off          ; 2.5 V        ; Default          ; Series 50 Ohm without Calibration ; --                        ; no                         ; no                          ; User                 ; -                    ; -                   ;
; HEX1[3]     ; A14   ; 7        ; 23           ; 29           ; 21           ; no              ; no                     ; no            ; 2         ; no              ; no         ; no            ; no       ; Off          ; 2.5 V        ; Default          ; Series 50 Ohm without Calibration ; --                        ; no                         ; no                          ; User                 ; -                    ; -                   ;
; HEX1[4]     ; B14   ; 7        ; 23           ; 29           ; 28           ; no              ; no                     ; no            ; 2         ; no              ; no         ; no            ; no       ; Off          ; 2.5 V        ; Default          ; Series 50 Ohm without Calibration ; --                        ; no                         ; no                          ; User                 ; -                    ; -                   ;
; HEX1[5]     ; E14   ; 7        ; 28           ; 29           ; 14           ; no              ; no                     ; no            ; 2         ; no              ; no         ; no            ; no       ; Off          ; 2.5 V        ; Default          ; Series 50 Ohm without Calibration ; --                        ; no                         ; no                          ; User                 ; -                    ; -                   ;
; HEX1[6]     ; A15   ; 7        ; 26           ; 29           ; 21           ; no              ; no                     ; no            ; 2         ; no              ; no         ; no            ; no       ; Off          ; 2.5 V        ; Default          ; Series 50 Ohm without Calibration ; --                        ; no                         ; no                          ; User                 ; -                    ; -                   ;
; HEX2[0]     ; D15   ; 7        ; 32           ; 29           ; 28           ; no              ; no                     ; no            ; 2         ; no              ; no         ; no            ; no       ; Off          ; 2.5 V        ; Default          ; Series 50 Ohm without Calibration ; --                        ; no                         ; no                          ; User                 ; -                    ; -                   ;
; HEX2[1]     ; A16   ; 7        ; 30           ; 29           ; 28           ; no              ; no                     ; no            ; 2         ; no              ; no         ; no            ; no       ; Off          ; 2.5 V        ; Default          ; Series 50 Ohm without Calibration ; --                        ; no                         ; no                          ; User                 ; -                    ; -                   ;
; HEX2[2]     ; B16   ; 7        ; 28           ; 29           ; 0            ; no              ; no                     ; no            ; 2         ; no              ; no         ; no            ; no       ; Off          ; 2.5 V        ; Default          ; Series 50 Ohm without Calibration ; --                        ; no                         ; no                          ; User                 ; -                    ; -                   ;
; HEX2[3]     ; E15   ; 7        ; 30           ; 29           ; 0            ; no              ; no                     ; no            ; 2         ; no              ; no         ; no            ; no       ; Off          ; 2.5 V        ; Default          ; Series 50 Ohm without Calibration ; --                        ; no                         ; no                          ; User                 ; -                    ; -                   ;
; HEX2[4]     ; A17   ; 7        ; 30           ; 29           ; 14           ; no              ; no                     ; no            ; 2         ; no              ; no         ; no            ; no       ; Off          ; 2.5 V        ; Default          ; Series 50 Ohm without Calibration ; --                        ; no                         ; no                          ; User                 ; -                    ; -                   ;
; HEX2[5]     ; B17   ; 7        ; 30           ; 29           ; 21           ; no              ; no                     ; no            ; 2         ; no              ; no         ; no            ; no       ; Off          ; 2.5 V        ; Default          ; Series 50 Ohm without Calibration ; --                        ; no                         ; no                          ; User                 ; -                    ; -                   ;
; HEX2[6]     ; F14   ; 7        ; 37           ; 29           ; 0            ; no              ; no                     ; no            ; 2         ; no              ; no         ; no            ; no       ; Off          ; 2.5 V        ; Default          ; Series 50 Ohm without Calibration ; --                        ; no                         ; no                          ; User                 ; -                    ; -                   ;
; HEX3[0]     ; B18   ; 7        ; 32           ; 29           ; 21           ; no              ; no                     ; no            ; 2         ; no              ; no         ; no            ; no       ; Off          ; 2.5 V        ; Default          ; Series 50 Ohm without Calibration ; --                        ; no                         ; no                          ; User                 ; -                    ; -                   ;
; HEX3[1]     ; F15   ; 7        ; 39           ; 29           ; 14           ; no              ; no                     ; no            ; 2         ; no              ; no         ; no            ; no       ; Off          ; 2.5 V        ; Default          ; Series 50 Ohm without Calibration ; --                        ; no                         ; no                          ; User                 ; -                    ; -                   ;
; HEX3[2]     ; A19   ; 7        ; 32           ; 29           ; 7            ; no              ; no                     ; no            ; 2         ; no              ; no         ; no            ; no       ; Off          ; 2.5 V        ; Default          ; Series 50 Ohm without Calibration ; --                        ; no                         ; no                          ; User                 ; -                    ; -                   ;
; HEX3[3]     ; B19   ; 7        ; 32           ; 29           ; 0            ; no              ; no                     ; no            ; 2         ; no              ; no         ; no            ; no       ; Off          ; 2.5 V        ; Default          ; Series 50 Ohm without Calibration ; --                        ; no                         ; no                          ; User                 ; -                    ; -                   ;
; HEX3[4]     ; C19   ; 7        ; 37           ; 29           ; 21           ; no              ; no                     ; no            ; 2         ; no              ; no         ; no            ; no       ; Off          ; 2.5 V        ; Default          ; Series 50 Ohm without Calibration ; --                        ; no                         ; no                          ; User                 ; -                    ; -                   ;
; HEX3[5]     ; D19   ; 7        ; 37           ; 29           ; 28           ; no              ; no                     ; no            ; 2         ; no              ; no         ; no            ; no       ; Off          ; 2.5 V        ; Default          ; Series 50 Ohm without Calibration ; --                        ; no                         ; no                          ; User                 ; -                    ; -                   ;
; HEX3[6]     ; G15   ; 7        ; 39           ; 29           ; 28           ; no              ; no                     ; no            ; 2         ; no              ; no         ; no            ; no       ; Off          ; 2.5 V        ; Default          ; Series 50 Ohm without Calibration ; --                        ; no                         ; no                          ; User                 ; -                    ; -                   ;
; LED_ABRIR   ; J1    ; 1        ; 0            ; 20           ; 7            ; no              ; no                     ; no            ; 2         ; no              ; no         ; no            ; no       ; Off          ; 2.5 V        ; Default          ; Series 50 Ohm without Calibration ; --                        ; no                         ; no                          ; User                 ; -                    ; -                   ;
; LED_ALARMA  ; J3    ; 1        ; 0            ; 21           ; 21           ; no              ; no                     ; no            ; 2         ; no              ; no         ; no            ; no       ; Off          ; 2.5 V        ; Default          ; Series 50 Ohm without Calibration ; --                        ; no                         ; no                          ; User                 ; -                    ; -                   ;
; LED_BLOQUEO ; J2    ; 1        ; 0            ; 20           ; 0            ; no              ; no                     ; no            ; 2         ; no              ; no         ; no            ; no       ; Off          ; 2.5 V        ; Default          ; Series 50 Ohm without Calibration ; --                        ; no                         ; no                          ; User                 ; -                    ; -                   ;
; LED_FIN     ; C1    ; 1        ; 0            ; 26           ; 21           ; no              ; no                     ; no            ; 2         ; no              ; no         ; no            ; no       ; Off          ; 2.5 V        ; Default          ; Series 50 Ohm without Calibration ; --                        ; no                         ; no                          ; User                 ; -                    ; -                   ;
; LED_MANANA  ; B1    ; 1        ; 0            ; 27           ; 14           ; no              ; no                     ; no            ; 2         ; no              ; no         ; no            ; no       ; Off          ; 2.5 V        ; Default          ; Series 50 Ohm without Calibration ; --                        ; no                         ; no                          ; User                 ; -                    ; -                   ;
; LED_NOCHE   ; C2    ; 1        ; 0            ; 26           ; 14           ; no              ; no                     ; no            ; 2         ; no              ; no         ; no            ; no       ; Off          ; 2.5 V        ; Default          ; Series 50 Ohm without Calibration ; --                        ; no                         ; no                          ; User                 ; -                    ; -                   ;
; LED_TARDE   ; B2    ; 1        ; 0            ; 27           ; 7            ; no              ; no                     ; no            ; 2         ; no              ; no         ; no            ; no       ; Off          ; 2.5 V        ; Default          ; Series 50 Ohm without Calibration ; --                        ; no                         ; no                          ; User                 ; -                    ; -                   ;
; SERVO_PWM   ; AB7   ; 3        ; 11           ; 0            ; 7            ; no              ; no                     ; no            ; 2         ; no              ; no         ; no            ; no       ; Off          ; 2.5 V        ; Default          ; Series 50 Ohm without Calibration ; --                        ; no                         ; no                          ; User                 ; -                    ; -                   ;
+-------------+-------+----------+--------------+--------------+--------------+-----------------+------------------------+---------------+-----------+-----------------+------------+---------------+----------+--------------+--------------+------------------+-----------------------------------+---------------------------+----------------------------+-----------------------------+----------------------+----------------------+---------------------+


+------------------------------------------------------------------------------------------------------------------------------------+
; Dual Purpose and Dedicated Pins                                                                                                    ;
+----------+----------------------------------------+--------------------------+-------------------------+---------------------------+
; Location ; Pin Name                               ; Reserved As              ; User Signal Name        ; Pin Type                  ;
+----------+----------------------------------------+--------------------------+-------------------------+---------------------------+
; E4       ; DIFFIO_L2p, nRESET                     ; Use as regular IO        ; SALIR_ADMIN             ; Dual Purpose Pin          ;
; D1       ; DIFFIO_L4n, DATA1, ASDO                ; As input tri-stated      ; ~ALTERA_ASDO_DATA1~     ; Dual Purpose Pin          ;
; E2       ; DIFFIO_L6p, FLASH_nCE, nCSO            ; As input tri-stated      ; ~ALTERA_FLASH_nCE_nCSO~ ; Dual Purpose Pin          ;
; K6       ; nSTATUS                                ; -                        ; -                       ; Dedicated Programming Pin ;
; K2       ; DCLK                                   ; As output driving ground ; ~ALTERA_DCLK~           ; Dual Purpose Pin          ;
; K1       ; DATA0                                  ; As input tri-stated      ; ~ALTERA_DATA0~          ; Dual Purpose Pin          ;
; K5       ; nCONFIG                                ; -                        ; -                       ; Dedicated Programming Pin ;
; L3       ; nCE                                    ; -                        ; -                       ; Dedicated Programming Pin ;
; M18      ; CONF_DONE                              ; -                        ; -                       ; Dedicated Programming Pin ;
; M17      ; MSEL0                                  ; -                        ; -                       ; Dedicated Programming Pin ;
; L18      ; MSEL1                                  ; -                        ; -                       ; Dedicated Programming Pin ;
; L17      ; MSEL2                                  ; -                        ; -                       ; Dedicated Programming Pin ;
; K20      ; MSEL3                                  ; -                        ; -                       ; Dedicated Programming Pin ;
; K22      ; DIFFIO_R16n, nCEO                      ; Use as programming pin   ; ~ALTERA_nCEO~           ; Dual Purpose Pin          ;
; B18      ; DIFFIO_T27p, PADD0                     ; Use as regular IO        ; HEX3[0]                 ; Dual Purpose Pin          ;
; A17      ; DIFFIO_T25n, PADD1                     ; Use as regular IO        ; HEX2[4]                 ; Dual Purpose Pin          ;
; B17      ; DIFFIO_T25p, PADD2                     ; Use as regular IO        ; HEX2[5]                 ; Dual Purpose Pin          ;
; E14      ; DIFFIO_T23n, PADD3                     ; Use as regular IO        ; HEX1[5]                 ; Dual Purpose Pin          ;
; F13      ; DIFFIO_T21p, PADD4, DQS2T/CQ3T,DPCLK8  ; Use as regular IO        ; HEX0[6]                 ; Dual Purpose Pin          ;
; A15      ; DIFFIO_T20n, PADD5                     ; Use as regular IO        ; HEX1[6]                 ; Dual Purpose Pin          ;
; C13      ; DIFFIO_T19n, PADD7                     ; Use as regular IO        ; HEX1[2]                 ; Dual Purpose Pin          ;
; A14      ; DIFFIO_T18n, PADD9                     ; Use as regular IO        ; HEX1[3]                 ; Dual Purpose Pin          ;
; B14      ; DIFFIO_T18p, PADD10                    ; Use as regular IO        ; HEX1[4]                 ; Dual Purpose Pin          ;
; A13      ; DIFFIO_T17n, PADD11                    ; Use as regular IO        ; HEX1[0]                 ; Dual Purpose Pin          ;
; B13      ; DIFFIO_T17p, PADD12, DQS4T/CQ5T,DPCLK9 ; Use as regular IO        ; HEX1[1]                 ; Dual Purpose Pin          ;
; E11      ; DIFFIO_T16n, PADD13                    ; Use as regular IO        ; HEX0[0]                 ; Dual Purpose Pin          ;
; F11      ; DIFFIO_T16p, PADD14                    ; Use as regular IO        ; HEX0[1]                 ; Dual Purpose Pin          ;
+----------+----------------------------------------+--------------------------+-------------------------+---------------------------+


+------------------------------------------------------------+
; I/O Bank Usage                                             ;
+----------+------------------+---------------+--------------+
; I/O Bank ; Usage            ; VCCIO Voltage ; VREF Voltage ;
+----------+------------------+---------------+--------------+
; 1        ; 14 / 33 ( 42 % ) ; 2.5V          ; --           ;
; 2        ; 0 / 48 ( 0 % )   ; 2.5V          ; --           ;
; 3        ; 3 / 46 ( 7 % )   ; 2.5V          ; --           ;
; 4        ; 8 / 41 ( 20 % )  ; 2.5V          ; --           ;
; 5        ; 0 / 46 ( 0 % )   ; 2.5V          ; --           ;
; 6        ; 2 / 43 ( 5 % )   ; 2.5V          ; --           ;
; 7        ; 28 / 47 ( 60 % ) ; 2.5V          ; --           ;
; 8        ; 0 / 43 ( 0 % )   ; 2.5V          ; --           ;
+----------+------------------+---------------+--------------+


+-----------------------------------------------------------------------------------------------------------------------------------------------------------------------------------------+
; All Package Pins                                                                                                                                                                        ;
+----------+------------+----------+-----------------------------------------------------------+--------+--------------+---------+------------+-----------------+----------+--------------+
; Location ; Pad Number ; I/O Bank ; Pin Name/Usage                                            ; Dir.   ; I/O Standard ; Voltage ; I/O Type   ; User Assignment ; Bus Hold ; Weak Pull Up ;
+----------+------------+----------+-----------------------------------------------------------+--------+--------------+---------+------------+-----------------+----------+--------------+
; A1       ;            ;          ; GND                                                       ; gnd    ;              ;         ; --         ;                 ; --       ; --           ;
; A2       ;            ; 8        ; VCCIO8                                                    ; power  ;              ; 2.5V    ; --         ;                 ; --       ; --           ;
; A3       ; 354        ; 8        ; RESERVED_INPUT_WITH_WEAK_PULLUP                           ;        ;              ;         ; Column I/O ;                 ; no       ; On           ;
; A4       ; 350        ; 8        ; RESERVED_INPUT_WITH_WEAK_PULLUP                           ;        ;              ;         ; Column I/O ;                 ; no       ; On           ;
; A5       ; 345        ; 8        ; RESERVED_INPUT_WITH_WEAK_PULLUP                           ;        ;              ;         ; Column I/O ;                 ; no       ; On           ;
; A6       ; 336        ; 8        ; RESERVED_INPUT_WITH_WEAK_PULLUP                           ;        ;              ;         ; Column I/O ;                 ; no       ; On           ;
; A7       ; 334        ; 8        ; RESERVED_INPUT_WITH_WEAK_PULLUP                           ;        ;              ;         ; Column I/O ;                 ; no       ; On           ;
; A8       ; 332        ; 8        ; RESERVED_INPUT_WITH_WEAK_PULLUP                           ;        ;              ;         ; Column I/O ;                 ; no       ; On           ;
; A9       ; 328        ; 8        ; RESERVED_INPUT_WITH_WEAK_PULLUP                           ;        ;              ;         ; Column I/O ;                 ; no       ; On           ;
; A10      ; 326        ; 8        ; RESERVED_INPUT_WITH_WEAK_PULLUP                           ;        ;              ;         ; Column I/O ;                 ; no       ; On           ;
; A11      ; 321        ; 8        ; GND+                                                      ;        ;              ;         ; Column I/O ;                 ; --       ; --           ;
; A12      ; 319        ; 7        ; GND+                                                      ;        ;              ;         ; Column I/O ;                 ; --       ; --           ;
; A13      ; 314        ; 7        ; HEX1[0]                                                   ; output ; 2.5 V        ;         ; Column I/O ; Y               ; no       ; Off          ;
; A14      ; 312        ; 7        ; HEX1[3]                                                   ; output ; 2.5 V        ;         ; Column I/O ; Y               ; no       ; Off          ;
; A15      ; 307        ; 7        ; HEX1[6]                                                   ; output ; 2.5 V        ;         ; Column I/O ; Y               ; no       ; Off          ;
; A16      ; 298        ; 7        ; HEX2[1]                                                   ; output ; 2.5 V        ;         ; Column I/O ; Y               ; no       ; Off          ;
; A17      ; 296        ; 7        ; HEX2[4]                                                   ; output ; 2.5 V        ;         ; Column I/O ; Y               ; no       ; Off          ;
; A18      ; 291        ; 7        ; RESERVED_INPUT_WITH_WEAK_PULLUP                           ;        ;              ;         ; Column I/O ;                 ; no       ; On           ;
; A19      ; 290        ; 7        ; HEX3[2]                                                   ; output ; 2.5 V        ;         ; Column I/O ; Y               ; no       ; Off          ;
; A20      ; 284        ; 7        ; RESERVED_INPUT_WITH_WEAK_PULLUP                           ;        ;              ;         ; Column I/O ;                 ; no       ; On           ;
; A21      ;            ; 7        ; VCCIO7                                                    ; power  ;              ; 2.5V    ; --         ;                 ; --       ; --           ;
; A22      ;            ;          ; GND                                                       ; gnd    ;              ;         ; --         ;                 ; --       ; --           ;
; AA1      ; 76         ; 2        ; RESERVED_INPUT_WITH_WEAK_PULLUP                           ;        ;              ;         ; Row I/O    ;                 ; no       ; On           ;
; AA2      ; 75         ; 2        ; RESERVED_INPUT_WITH_WEAK_PULLUP                           ;        ;              ;         ; Row I/O    ;                 ; no       ; On           ;
; AA3      ; 102        ; 3        ; RESERVED_INPUT_WITH_WEAK_PULLUP                           ;        ;              ;         ; Column I/O ;                 ; no       ; On           ;
; AA4      ; 106        ; 3        ; RESERVED_INPUT_WITH_WEAK_PULLUP                           ;        ;              ;         ; Column I/O ;                 ; no       ; On           ;
; AA5      ; 108        ; 3        ; RESERVED_INPUT_WITH_WEAK_PULLUP                           ;        ;              ;         ; Column I/O ;                 ; no       ; On           ;
; AA6      ;            ; 3        ; VCCIO3                                                    ; power  ;              ; 2.5V    ; --         ;                 ; --       ; --           ;
; AA7      ; 115        ; 3        ; RESERVED_INPUT_WITH_WEAK_PULLUP                           ;        ;              ;         ; Column I/O ;                 ; no       ; On           ;
; AA8      ; 123        ; 3        ; RESERVED_INPUT_WITH_WEAK_PULLUP                           ;        ;              ;         ; Column I/O ;                 ; no       ; On           ;
; AA9      ; 126        ; 3        ; BUZZER_OUT                                                ; output ; 2.5 V        ;         ; Column I/O ; Y               ; no       ; Off          ;
; AA10     ; 132        ; 3        ; RESERVED_INPUT_WITH_WEAK_PULLUP                           ;        ;              ;         ; Column I/O ;                 ; no       ; On           ;
; AA11     ; 134        ; 3        ; GND+                                                      ;        ;              ;         ; Column I/O ;                 ; --       ; --           ;
; AA12     ; 136        ; 4        ; GND+                                                      ;        ;              ;         ; Column I/O ;                 ; --       ; --           ;
; AA13     ; 138        ; 4        ; RESERVED_INPUT_WITH_WEAK_PULLUP                           ;        ;              ;         ; Column I/O ;                 ; no       ; On           ;
; AA14     ; 140        ; 4        ; RESERVED_INPUT_WITH_WEAK_PULLUP                           ;        ;              ;         ; Column I/O ;                 ; no       ; On           ;
; AA15     ; 145        ; 4        ; RESERVED_INPUT_WITH_WEAK_PULLUP                           ;        ;              ;         ; Column I/O ;                 ; no       ; On           ;
; AA16     ; 149        ; 4        ; RESERVED_INPUT_WITH_WEAK_PULLUP                           ;        ;              ;         ; Column I/O ;                 ; no       ; On           ;
; AA17     ; 151        ; 4        ; RESERVED_INPUT_WITH_WEAK_PULLUP                           ;        ;              ;         ; Column I/O ;                 ; no       ; On           ;
; AA18     ; 163        ; 4        ; FILA[3]                                                   ; input  ; 2.5 V        ;         ; Column I/O ; Y               ; no       ; On           ;
; AA19     ; 164        ; 4        ; RESERVED_INPUT_WITH_WEAK_PULLUP                           ;        ;              ;         ; Column I/O ;                 ; no       ; On           ;
; AA20     ; 169        ; 4        ; FILA[0]                                                   ; input  ; 2.5 V        ;         ; Column I/O ; Y               ; no       ; On           ;
; AA21     ; 179        ; 5        ; RESERVED_INPUT_WITH_WEAK_PULLUP                           ;        ;              ;         ; Row I/O    ;                 ; no       ; On           ;
; AA22     ; 178        ; 5        ; RESERVED_INPUT_WITH_WEAK_PULLUP                           ;        ;              ;         ; Row I/O    ;                 ; no       ; On           ;
; AB1      ;            ;          ; GND                                                       ; gnd    ;              ;         ; --         ;                 ; --       ; --           ;
; AB2      ;            ; 3        ; VCCIO3                                                    ; power  ;              ; 2.5V    ; --         ;                 ; --       ; --           ;
; AB3      ; 103        ; 3        ; RESERVED_INPUT_WITH_WEAK_PULLUP                           ;        ;              ;         ; Column I/O ;                 ; no       ; On           ;
; AB4      ; 107        ; 3        ; RESERVED_INPUT_WITH_WEAK_PULLUP                           ;        ;              ;         ; Column I/O ;                 ; no       ; On           ;
; AB5      ; 109        ; 3        ; RESERVED_INPUT_WITH_WEAK_PULLUP                           ;        ;              ;         ; Column I/O ;                 ; no       ; On           ;
; AB6      ;            ;          ; GND                                                       ; gnd    ;              ;         ; --         ;                 ; --       ; --           ;
; AB7      ; 116        ; 3        ; SERVO_PWM                                                 ; output ; 2.5 V        ;         ; Column I/O ; Y               ; no       ; Off          ;
; AB8      ; 124        ; 3        ; RESERVED_INPUT_WITH_WEAK_PULLUP                           ;        ;              ;         ; Column I/O ;                 ; no       ; On           ;
; AB9      ; 127        ; 3        ; COLUMNA[3]                                                ; output ; 2.5 V        ;         ; Column I/O ; Y               ; no       ; Off          ;
; AB10     ; 133        ; 3        ; RESERVED_INPUT_WITH_WEAK_PULLUP                           ;        ;              ;         ; Column I/O ;                 ; no       ; On           ;
; AB11     ; 135        ; 3        ; GND+                                                      ;        ;              ;         ; Column I/O ;                 ; --       ; --           ;
; AB12     ; 137        ; 4        ; GND+                                                      ;        ;              ;         ; Column I/O ;                 ; --       ; --           ;
; AB13     ; 139        ; 4        ; RESERVED_INPUT_WITH_WEAK_PULLUP                           ;        ;              ;         ; Column I/O ;                 ; no       ; On           ;
; AB14     ; 141        ; 4        ; RESERVED_INPUT_WITH_WEAK_PULLUP                           ;        ;              ;         ; Column I/O ;                 ; no       ; On           ;
; AB15     ; 146        ; 4        ; RESERVED_INPUT_WITH_WEAK_PULLUP                           ;        ;              ;         ; Column I/O ;                 ; no       ; On           ;
; AB16     ; 150        ; 4        ; RESERVED_INPUT_WITH_WEAK_PULLUP                           ;        ;              ;         ; Column I/O ;                 ; no       ; On           ;
; AB17     ; 152        ; 4        ; RESERVED_INPUT_WITH_WEAK_PULLUP                           ;        ;              ;         ; Column I/O ;                 ; no       ; On           ;
; AB18     ; 162        ; 4        ; RESERVED_INPUT_WITH_WEAK_PULLUP                           ;        ;              ;         ; Column I/O ;                 ; no       ; On           ;
; AB19     ; 165        ; 4        ; FILA[2]                                                   ; input  ; 2.5 V        ;         ; Column I/O ; Y               ; no       ; On           ;
; AB20     ; 170        ; 4        ; FILA[1]                                                   ; input  ; 2.5 V        ;         ; Column I/O ; Y               ; no       ; On           ;
; AB21     ;            ; 4        ; VCCIO4                                                    ; power  ;              ; 2.5V    ; --         ;                 ; --       ; --           ;
; AB22     ;            ;          ; GND                                                       ; gnd    ;              ;         ; --         ;                 ; --       ; --           ;
; B1       ; 2          ; 1        ; LED_MANANA                                                ; output ; 2.5 V        ;         ; Row I/O    ; Y               ; no       ; Off          ;
; B2       ; 1          ; 1        ; LED_TARDE                                                 ; output ; 2.5 V        ;         ; Row I/O    ; Y               ; no       ; Off          ;
; B3       ; 355        ; 8        ; RESERVED_INPUT_WITH_WEAK_PULLUP                           ;        ;              ;         ; Column I/O ;                 ; no       ; On           ;
; B4       ; 351        ; 8        ; RESERVED_INPUT_WITH_WEAK_PULLUP                           ;        ;              ;         ; Column I/O ;                 ; no       ; On           ;
; B5       ; 346        ; 8        ; RESERVED_INPUT_WITH_WEAK_PULLUP                           ;        ;              ;         ; Column I/O ;                 ; no       ; On           ;
; B6       ; 337        ; 8        ; RESERVED_INPUT_WITH_WEAK_PULLUP                           ;        ;              ;         ; Column I/O ;                 ; no       ; On           ;
; B7       ; 335        ; 8        ; RESERVED_INPUT_WITH_WEAK_PULLUP                           ;        ;              ;         ; Column I/O ;                 ; no       ; On           ;
; B8       ; 333        ; 8        ; RESERVED_INPUT_WITH_WEAK_PULLUP                           ;        ;              ;         ; Column I/O ;                 ; no       ; On           ;
; B9       ; 329        ; 8        ; RESERVED_INPUT_WITH_WEAK_PULLUP                           ;        ;              ;         ; Column I/O ;                 ; no       ; On           ;
; B10      ; 327        ; 8        ; RESERVED_INPUT_WITH_WEAK_PULLUP                           ;        ;              ;         ; Column I/O ;                 ; no       ; On           ;
; B11      ; 322        ; 8        ; GND+                                                      ;        ;              ;         ; Column I/O ;                 ; --       ; --           ;
; B12      ; 320        ; 7        ; GND+                                                      ;        ;              ;         ; Column I/O ;                 ; --       ; --           ;
; B13      ; 315        ; 7        ; HEX1[1]                                                   ; output ; 2.5 V        ;         ; Column I/O ; Y               ; no       ; Off          ;
; B14      ; 313        ; 7        ; HEX1[4]                                                   ; output ; 2.5 V        ;         ; Column I/O ; Y               ; no       ; Off          ;
; B15      ; 308        ; 7        ; RESERVED_INPUT_WITH_WEAK_PULLUP                           ;        ;              ;         ; Column I/O ;                 ; no       ; On           ;
; B16      ; 299        ; 7        ; HEX2[2]                                                   ; output ; 2.5 V        ;         ; Column I/O ; Y               ; no       ; Off          ;
; B17      ; 297        ; 7        ; HEX2[5]                                                   ; output ; 2.5 V        ;         ; Column I/O ; Y               ; no       ; Off          ;
; B18      ; 292        ; 7        ; HEX3[0]                                                   ; output ; 2.5 V        ;         ; Column I/O ; Y               ; no       ; Off          ;
; B19      ; 289        ; 7        ; HEX3[3]                                                   ; output ; 2.5 V        ;         ; Column I/O ; Y               ; no       ; Off          ;
; B20      ; 285        ; 7        ; RESERVED_INPUT_WITH_WEAK_PULLUP                           ;        ;              ;         ; Column I/O ;                 ; no       ; On           ;
; B21      ; 269        ; 6        ; RESERVED_INPUT_WITH_WEAK_PULLUP                           ;        ;              ;         ; Row I/O    ;                 ; no       ; On           ;
; B22      ; 268        ; 6        ; RESERVED_INPUT_WITH_WEAK_PULLUP                           ;        ;              ;         ; Row I/O    ;                 ; no       ; On           ;
; C1       ; 7          ; 1        ; LED_FIN                                                   ; output ; 2.5 V        ;         ; Row I/O    ; Y               ; no       ; Off          ;
; C2       ; 6          ; 1        ; LED_NOCHE                                                 ; output ; 2.5 V        ;         ; Row I/O    ; Y               ; no       ; Off          ;
; C3       ; 358        ; 8        ; RESERVED_INPUT_WITH_WEAK_PULLUP                           ;        ;              ;         ; Column I/O ;                 ; no       ; On           ;
; C4       ; 359        ; 8        ; RESERVED_INPUT_WITH_WEAK_PULLUP                           ;        ;              ;         ; Column I/O ;                 ; no       ; On           ;
; C5       ;            ;          ; GND                                                       ; gnd    ;              ;         ; --         ;                 ; --       ; --           ;
; C6       ; 349        ; 8        ; RESERVED_INPUT_WITH_WEAK_PULLUP                           ;        ;              ;         ; Column I/O ;                 ; no       ; On           ;
; C7       ; 340        ; 8        ; RESERVED_INPUT_WITH_WEAK_PULLUP                           ;        ;              ;         ; Column I/O ;                 ; no       ; On           ;
; C8       ; 339        ; 8        ; RESERVED_INPUT_WITH_WEAK_PULLUP                           ;        ;              ;         ; Column I/O ;                 ; no       ; On           ;
; C9       ;            ;          ; GND                                                       ; gnd    ;              ;         ; --         ;                 ; --       ; --           ;
; C10      ; 330        ; 8        ; RESERVED_INPUT_WITH_WEAK_PULLUP                           ;        ;              ;         ; Column I/O ;                 ; no       ; On           ;
; C11      ;            ;          ; GND                                                       ; gnd    ;              ;         ; --         ;                 ; --       ; --           ;
; C12      ;            ;          ; GND                                                       ; gnd    ;              ;         ; --         ;                 ; --       ; --           ;
; C13      ; 309        ; 7        ; HEX1[2]                                                   ; output ; 2.5 V        ;         ; Column I/O ; Y               ; no       ; Off          ;
; C14      ;            ;          ; GND                                                       ; gnd    ;              ;         ; --         ;                 ; --       ; --           ;
; C15      ; 300        ; 7        ; RESERVED_INPUT_WITH_WEAK_PULLUP                           ;        ;              ;         ; Column I/O ;                 ; --       ; --           ;
; C16      ;            ;          ; GND                                                       ; gnd    ;              ;         ; --         ;                 ; --       ; --           ;
; C17      ; 286        ; 7        ; RESERVED_INPUT_WITH_WEAK_PULLUP                           ;        ;              ;         ; Column I/O ;                 ; no       ; On           ;
; C18      ;            ;          ; GND                                                       ; gnd    ;              ;         ; --         ;                 ; --       ; --           ;
; C19      ; 282        ; 7        ; HEX3[4]                                                   ; output ; 2.5 V        ;         ; Column I/O ; Y               ; no       ; Off          ;
; C20      ; 270        ; 6        ; RESERVED_INPUT_WITH_WEAK_PULLUP                           ;        ;              ;         ; Row I/O    ;                 ; no       ; On           ;
; C21      ; 267        ; 6        ; RESERVED_INPUT_WITH_WEAK_PULLUP                           ;        ;              ;         ; Row I/O    ;                 ; no       ; On           ;
; C22      ; 266        ; 6        ; RESERVED_INPUT_WITH_WEAK_PULLUP                           ;        ;              ;         ; Row I/O    ;                 ; no       ; On           ;
; D1       ; 9          ; 1        ; ~ALTERA_ASDO_DATA1~ / RESERVED_INPUT_WITH_WEAK_PULLUP     ; input  ; 2.5 V        ;         ; Row I/O    ; N               ; no       ; On           ;
; D2       ; 8          ; 1        ; INTRUSION_SW                                              ; input  ; 2.5 V        ;         ; Row I/O    ; Y               ; no       ; Off          ;
; D3       ;            ;          ; GND                                                       ; gnd    ;              ;         ; --         ;                 ; --       ; --           ;
; D4       ;            ; 1        ; VCCIO1                                                    ; power  ;              ; 2.5V    ; --         ;                 ; --       ; --           ;
; D5       ;            ; 8        ; VCCIO8                                                    ; power  ;              ; 2.5V    ; --         ;                 ; --       ; --           ;
; D6       ; 356        ; 8        ; RESERVED_INPUT_WITH_WEAK_PULLUP                           ;        ;              ;         ; Column I/O ;                 ; --       ; --           ;
; D7       ;            ;          ; GND                                                       ; gnd    ;              ;         ; --         ;                 ; --       ; --           ;
; D8       ;            ;          ; GND                                                       ; gnd    ;              ;         ; --         ;                 ; --       ; --           ;
; D9       ;            ; 8        ; VCCIO8                                                    ; power  ;              ; 2.5V    ; --         ;                 ; --       ; --           ;
; D10      ; 324        ; 8        ; RESERVED_INPUT_WITH_WEAK_PULLUP                           ;        ;              ;         ; Column I/O ;                 ; no       ; On           ;
; D11      ;            ; 8        ; VCCIO8                                                    ; power  ;              ; 2.5V    ; --         ;                 ; --       ; --           ;
; D12      ;            ; 7        ; VCCIO7                                                    ; power  ;              ; 2.5V    ; --         ;                 ; --       ; --           ;
; D13      ; 310        ; 7        ; RESERVED_INPUT_WITH_WEAK_PULLUP                           ;        ;              ;         ; Column I/O ;                 ; no       ; On           ;
; D14      ;            ; 7        ; VCCIO7                                                    ; power  ;              ; 2.5V    ; --         ;                 ; --       ; --           ;
; D15      ; 293        ; 7        ; HEX2[0]                                                   ; output ; 2.5 V        ;         ; Column I/O ; Y               ; no       ; Off          ;
; D16      ;            ; 7        ; VCCIO7                                                    ; power  ;              ; 2.5V    ; --         ;                 ; --       ; --           ;
; D17      ; 281        ; 7        ; RESERVED_INPUT_WITH_WEAK_PULLUP                           ;        ;              ;         ; Column I/O ;                 ; --       ; --           ;
; D18      ;            ; 7        ; VCCIO7                                                    ; power  ;              ; 2.5V    ; --         ;                 ; --       ; --           ;
; D19      ; 283        ; 7        ; HEX3[5]                                                   ; output ; 2.5 V        ;         ; Column I/O ; Y               ; no       ; Off          ;
; D20      ; 271        ; 6        ; RESERVED_INPUT_WITH_WEAK_PULLUP                           ;        ;              ;         ; Row I/O    ;                 ; no       ; On           ;
; D21      ; 261        ; 6        ; RESERVED_INPUT_WITH_WEAK_PULLUP                           ;        ;              ;         ; Row I/O    ;                 ; no       ; On           ;
; D22      ; 260        ; 6        ; RESERVED_INPUT_WITH_WEAK_PULLUP                           ;        ;              ;         ; Row I/O    ;                 ; no       ; On           ;
; E1       ; 14         ; 1        ; RESERVED_INPUT_WITH_WEAK_PULLUP                           ;        ;              ;         ; Row I/O    ;                 ; no       ; On           ;
; E2       ; 13         ; 1        ; ~ALTERA_FLASH_nCE_nCSO~ / RESERVED_INPUT_WITH_WEAK_PULLUP ; input  ; 2.5 V        ;         ; Row I/O    ; N               ; no       ; On           ;
; E3       ; 5          ; 1        ; RESERVED_INPUT_WITH_WEAK_PULLUP                           ;        ;              ;         ; Row I/O    ;                 ; no       ; On           ;
; E4       ; 4          ; 1        ; SALIR_ADMIN                                               ; input  ; 2.5 V        ;         ; Row I/O    ; Y               ; no       ; Off          ;
; E5       ; 363        ; 8        ; RESERVED_INPUT_WITH_WEAK_PULLUP                           ;        ;              ;         ; Column I/O ;                 ; no       ; On           ;
; E6       ; 362        ; 8        ; RESERVED_INPUT_WITH_WEAK_PULLUP                           ;        ;              ;         ; Column I/O ;                 ; no       ; On           ;
; E7       ; 357        ; 8        ; RESERVED_INPUT_WITH_WEAK_PULLUP                           ;        ;              ;         ; Column I/O ;                 ; no       ; On           ;
; E8       ;            ; 8        ; VCCIO8                                                    ; power  ;              ; 2.5V    ; --         ;                 ; --       ; --           ;
; E9       ; 338        ; 8        ; RESERVED_INPUT_WITH_WEAK_PULLUP                           ;        ;              ;         ; Column I/O ;                 ; --       ; --           ;
; E10      ; 325        ; 8        ; RESERVED_INPUT_WITH_WEAK_PULLUP                           ;        ;              ;         ; Column I/O ;                 ; no       ; On           ;
; E11      ; 317        ; 7        ; HEX0[0]                                                   ; output ; 2.5 V        ;         ; Column I/O ; Y               ; no       ; Off          ;
; E12      ; 316        ; 7        ; RESERVED_INPUT_WITH_WEAK_PULLUP                           ;        ;              ;         ; Column I/O ;                 ; no       ; On           ;
; E13      ; 311        ; 7        ; RESERVED_INPUT_WITH_WEAK_PULLUP                           ;        ;              ;         ; Column I/O ;                 ; no       ; On           ;
; E14      ; 301        ; 7        ; HEX1[5]                                                   ; output ; 2.5 V        ;         ; Column I/O ; Y               ; no       ; Off          ;
; E15      ; 294        ; 7        ; HEX2[3]                                                   ; output ; 2.5 V        ;         ; Column I/O ; Y               ; no       ; Off          ;
; E16      ; 275        ; 7        ; RESERVED_INPUT_WITH_WEAK_PULLUP                           ;        ;              ;         ; Column I/O ;                 ; no       ; On           ;
; E17      ;            ;          ; VCCD_PLL2                                                 ; power  ;              ; 1.2V    ; --         ;                 ; --       ; --           ;
; E18      ;            ;          ; GNDA2                                                     ; gnd    ;              ;         ; --         ;                 ; --       ; --           ;
; E19      ;            ; 6        ; VCCIO6                                                    ; power  ;              ; 2.5V    ; --         ;                 ; --       ; --           ;
; E20      ;            ;          ; GND                                                       ; gnd    ;              ;         ; --         ;                 ; --       ; --           ;
; E21      ; 256        ; 6        ; RESERVED_INPUT_WITH_WEAK_PULLUP                           ;        ;              ;         ; Row I/O    ;                 ; no       ; On           ;
; E22      ; 255        ; 6        ; RESERVED_INPUT_WITH_WEAK_PULLUP                           ;        ;              ;         ; Row I/O    ;                 ; no       ; On           ;
; F1       ; 16         ; 1        ; RESERVED_INPUT_WITH_WEAK_PULLUP                           ;        ;              ;         ; Row I/O    ;                 ; no       ; On           ;
; F2       ; 15         ; 1        ; RESERVED_INPUT_WITH_WEAK_PULLUP                           ;        ;              ;         ; Row I/O    ;                 ; no       ; On           ;
; F3       ;            ;          ; GND                                                       ; gnd    ;              ;         ; --         ;                 ; --       ; --           ;
; F4       ;            ; 1        ; VCCIO1                                                    ; power  ;              ; 2.5V    ; --         ;                 ; --       ; --           ;
; F5       ;            ;          ; GNDA3                                                     ; gnd    ;              ;         ; --         ;                 ; --       ; --           ;
; F6       ;            ;          ; VCCD_PLL3                                                 ; power  ;              ; 1.2V    ; --         ;                 ; --       ; --           ;
; F7       ; 360        ; 8        ; RESERVED_INPUT_WITH_WEAK_PULLUP                           ;        ;              ;         ; Column I/O ;                 ; no       ; On           ;
; F8       ; 352        ; 8        ; RESERVED_INPUT_WITH_WEAK_PULLUP                           ;        ;              ;         ; Column I/O ;                 ; no       ; On           ;
; F9       ; 347        ; 8        ; RESERVED_INPUT_WITH_WEAK_PULLUP                           ;        ;              ;         ; Column I/O ;                 ; no       ; On           ;
; F10      ; 348        ; 8        ; RESERVED_INPUT_WITH_WEAK_PULLUP                           ;        ;              ;         ; Column I/O ;                 ; no       ; On           ;
; F11      ; 318        ; 7        ; HEX0[1]                                                   ; output ; 2.5 V        ;         ; Column I/O ; Y               ; no       ; Off          ;
; F12      ; 302        ; 7        ; HEX0[5]                                                   ; output ; 2.5 V        ;         ; Column I/O ; Y               ; no       ; Off          ;
; F13      ; 306        ; 7        ; HEX0[6]                                                   ; output ; 2.5 V        ;         ; Column I/O ; Y               ; no       ; Off          ;
; F14      ; 279        ; 7        ; HEX2[6]                                                   ; output ; 2.5 V        ;         ; Column I/O ; Y               ; no       ; Off          ;
; F15      ; 276        ; 7        ; HEX3[1]                                                   ; output ; 2.5 V        ;         ; Column I/O ; Y               ; no       ; Off          ;
; F16      ; 274        ; 7        ; RESERVED_INPUT_WITH_WEAK_PULLUP                           ;        ;              ;         ; Column I/O ;                 ; no       ; On           ;
; F17      ; 272        ; 6        ; RESERVED_INPUT_WITH_WEAK_PULLUP                           ;        ;              ;         ; Row I/O    ;                 ; no       ; On           ;
; F18      ;            ; --       ; VCCA2                                                     ; power  ;              ; 2.5V    ; --         ;                 ; --       ; --           ;
; F19      ; 263        ; 6        ; RESERVED_INPUT_WITH_WEAK_PULLUP                           ;        ;              ;         ; Row I/O    ;                 ; no       ; On           ;
; F20      ; 262        ; 6        ; RESERVED_INPUT_WITH_WEAK_PULLUP                           ;        ;              ;         ; Row I/O    ;                 ; no       ; On           ;
; F21      ; 251        ; 6        ; RESERVED_INPUT_WITH_WEAK_PULLUP                           ;        ;              ;         ; Row I/O    ;                 ; no       ; On           ;
; F22      ; 250        ; 6        ; RESERVED_INPUT_WITH_WEAK_PULLUP                           ;        ;              ;         ; Row I/O    ;                 ; no       ; On           ;
; G1       ; 39         ; 1        ; GND+                                                      ;        ;              ;         ; Row I/O    ;                 ; --       ; --           ;
; G2       ; 38         ; 1        ; GND+                                                      ;        ;              ;         ; Row I/O    ;                 ; --       ; --           ;
; G3       ; 18         ; 1        ; RESERVED_INPUT_WITH_WEAK_PULLUP                           ;        ;              ;         ; Row I/O    ;                 ; no       ; On           ;
; G4       ; 17         ; 1        ; RESERVED_INPUT_WITH_WEAK_PULLUP                           ;        ;              ;         ; Row I/O    ;                 ; no       ; On           ;
; G5       ; 3          ; 1        ; RESERVED_INPUT_WITH_WEAK_PULLUP                           ;        ;              ;         ; Row I/O    ;                 ; no       ; On           ;
; G6       ;            ; --       ; VCCA3                                                     ; power  ;              ; 2.5V    ; --         ;                 ; --       ; --           ;
; G7       ; 361        ; 8        ; RESERVED_INPUT_WITH_WEAK_PULLUP                           ;        ;              ;         ; Column I/O ;                 ; no       ; On           ;
; G8       ; 353        ; 8        ; RESERVED_INPUT_WITH_WEAK_PULLUP                           ;        ;              ;         ; Column I/O ;                 ; no       ; On           ;
; G9       ; 342        ; 8        ; RESERVED_INPUT_WITH_WEAK_PULLUP                           ;        ;              ;         ; Column I/O ;                 ; no       ; On           ;
; G10      ; 341        ; 8        ; RESERVED_INPUT_WITH_WEAK_PULLUP                           ;        ;              ;         ; Column I/O ;                 ; no       ; On           ;
; G11      ; 331        ; 8        ; RESERVED_INPUT_WITH_WEAK_PULLUP                           ;        ;              ;         ; Column I/O ;                 ; no       ; On           ;
; G12      ; 305        ; 7        ; HEX0[4]                                                   ; output ; 2.5 V        ;         ; Column I/O ; Y               ; no       ; Off          ;
; G13      ; 295        ; 7        ; RESERVED_INPUT_WITH_WEAK_PULLUP                           ;        ;              ;         ; Column I/O ;                 ; no       ; On           ;
; G14      ; 280        ; 7        ; RESERVED_INPUT_WITH_WEAK_PULLUP                           ;        ;              ;         ; Column I/O ;                 ; no       ; On           ;
; G15      ; 278        ; 7        ; HEX3[6]                                                   ; output ; 2.5 V        ;         ; Column I/O ; Y               ; no       ; Off          ;
; G16      ; 277        ; 7        ; RESERVED_INPUT_WITH_WEAK_PULLUP                           ;        ;              ;         ; Column I/O ;                 ; no       ; On           ;
; G17      ; 273        ; 6        ; RESERVED_INPUT_WITH_WEAK_PULLUP                           ;        ;              ;         ; Row I/O    ;                 ; no       ; On           ;
; G18      ; 264        ; 6        ; RESERVED_INPUT_WITH_WEAK_PULLUP                           ;        ;              ;         ; Row I/O    ;                 ; no       ; On           ;
; G19      ;            ; 6        ; VCCIO6                                                    ; power  ;              ; 2.5V    ; --         ;                 ; --       ; --           ;
; G20      ;            ;          ; GND                                                       ; gnd    ;              ;         ; --         ;                 ; --       ; --           ;
; G21      ; 226        ; 6        ; CLOCK_50                                                  ; input  ; 2.5 V        ;         ; Row I/O    ; Y               ; no       ; Off          ;
; G22      ; 225        ; 6        ; GND+                                                      ;        ;              ;         ; Row I/O    ;                 ; --       ; --           ;
; H1       ; 26         ; 1        ; RESERVED_INPUT_WITH_WEAK_PULLUP                           ;        ;              ;         ; Row I/O    ;                 ; no       ; On           ;
; H2       ; 25         ; 1        ; RESERVED_INPUT_WITH_WEAK_PULLUP                           ;        ;              ;         ; Row I/O    ;                 ; no       ; On           ;
; H3       ;            ;          ; GND                                                       ; gnd    ;              ;         ; --         ;                 ; --       ; --           ;
; H4       ;            ; 1        ; VCCIO1                                                    ; power  ;              ; 2.5V    ; --         ;                 ; --       ; --           ;
; H5       ; 0          ; 1        ; RESERVED_INPUT_WITH_WEAK_PULLUP                           ;        ;              ;         ; Row I/O    ;                 ; no       ; On           ;
; H6       ; 11         ; 1        ; RESERVED_INPUT_WITH_WEAK_PULLUP                           ;        ;              ;         ; Row I/O    ;                 ; no       ; On           ;
; H7       ; 10         ; 1        ; RESERVED_INPUT_WITH_WEAK_PULLUP                           ;        ;              ;         ; Row I/O    ;                 ; --       ; --           ;
; H8       ;            ;          ; GND                                                       ; gnd    ;              ;         ; --         ;                 ; --       ; --           ;
; H9       ; 344        ; 8        ; RESERVED_INPUT_WITH_WEAK_PULLUP                           ;        ;              ;         ; Column I/O ;                 ; no       ; On           ;
; H10      ; 343        ; 8        ; RESERVED_INPUT_WITH_WEAK_PULLUP                           ;        ;              ;         ; Column I/O ;                 ; no       ; On           ;
; H11      ; 323        ; 8        ; RESERVED_INPUT_WITH_WEAK_PULLUP                           ;        ;              ;         ; Column I/O ;                 ; no       ; On           ;
; H12      ; 304        ; 7        ; HEX0[2]                                                   ; output ; 2.5 V        ;         ; Column I/O ; Y               ; no       ; Off          ;
; H13      ; 303        ; 7        ; HEX0[3]                                                   ; output ; 2.5 V        ;         ; Column I/O ; Y               ; no       ; Off          ;
; H14      ; 288        ; 7        ; RESERVED_INPUT_WITH_WEAK_PULLUP                           ;        ;              ;         ; Column I/O ;                 ; no       ; On           ;
; H15      ; 287        ; 7        ; RESERVED_INPUT_WITH_WEAK_PULLUP                           ;        ;              ;         ; Column I/O ;                 ; no       ; On           ;
; H16      ; 259        ; 6        ; RESERVED_INPUT_WITH_WEAK_PULLUP                           ;        ;              ;         ; Row I/O    ;                 ; no       ; On           ;
; H17      ; 265        ; 6        ; RESERVED_INPUT_WITH_WEAK_PULLUP                           ;        ;              ;         ; Row I/O    ;                 ; no       ; On           ;
; H18      ; 257        ; 6        ; RESERVED_INPUT_WITH_WEAK_PULLUP                           ;        ;              ;         ; Row I/O    ;                 ; --       ; --           ;
; H19      ; 254        ; 6        ; RESERVED_INPUT_WITH_WEAK_PULLUP                           ;        ;              ;         ; Row I/O    ;                 ; no       ; On           ;
; H20      ; 253        ; 6        ; RESERVED_INPUT_WITH_WEAK_PULLUP                           ;        ;              ;         ; Row I/O    ;                 ; no       ; On           ;
; H21      ; 246        ; 6        ; RESERVED_INPUT_WITH_WEAK_PULLUP                           ;        ;              ;         ; Row I/O    ;                 ; no       ; On           ;
; H22      ; 245        ; 6        ; RESERVED_INPUT_WITH_WEAK_PULLUP                           ;        ;              ;         ; Row I/O    ;                 ; no       ; On           ;
; J1       ; 29         ; 1        ; LED_ABRIR                                                 ; output ; 2.5 V        ;         ; Row I/O    ; Y               ; no       ; Off          ;
; J2       ; 28         ; 1        ; LED_BLOQUEO                                               ; output ; 2.5 V        ;         ; Row I/O    ; Y               ; no       ; Off          ;
; J3       ; 27         ; 1        ; LED_ALARMA                                                ; output ; 2.5 V        ;         ; Row I/O    ; Y               ; no       ; Off          ;
; J4       ; 24         ; 1        ; RESERVED_INPUT_WITH_WEAK_PULLUP                           ;        ;              ;         ; Row I/O    ;                 ; no       ; On           ;
; J5       ;            ;          ; GND                                                       ; gnd    ;              ;         ; --         ;                 ; --       ; --           ;
; J6       ; 12         ; 1        ; RESET                                                     ; input  ; 2.5 V        ;         ; Row I/O    ; Y               ; no       ; Off          ;
; J7       ; 22         ; 1        ; RESERVED_INPUT_WITH_WEAK_PULLUP                           ;        ;              ;         ; Row I/O    ;                 ; no       ; On           ;
; J8       ;            ;          ; VCCINT                                                    ; power  ;              ; 1.2V    ; --         ;                 ; --       ; --           ;
; J9       ;            ;          ; GND                                                       ; gnd    ;              ;         ; --         ;                 ; --       ; --           ;
; J10      ;            ;          ; VCCINT                                                    ; power  ;              ; 1.2V    ; --         ;                 ; --       ; --           ;
; J11      ;            ;          ; VCCINT                                                    ; power  ;              ; 1.2V    ; --         ;                 ; --       ; --           ;
; J12      ;            ;          ; VCCINT                                                    ; power  ;              ; 1.2V    ; --         ;                 ; --       ; --           ;
; J13      ;            ;          ; VCCINT                                                    ; power  ;              ; 1.2V    ; --         ;                 ; --       ; --           ;
; J14      ;            ;          ; VCCINT                                                    ; power  ;              ; 1.2V    ; --         ;                 ; --       ; --           ;
; J15      ; 238        ; 6        ; RESERVED_INPUT_WITH_WEAK_PULLUP                           ;        ;              ;         ; Row I/O    ;                 ; no       ; On           ;
; J16      ; 243        ; 6        ; RESERVED_INPUT_WITH_WEAK_PULLUP                           ;        ;              ;         ; Row I/O    ;                 ; no       ; On           ;
; J17      ; 258        ; 6        ; RESERVED_INPUT_WITH_WEAK_PULLUP                           ;        ;              ;         ; Row I/O    ;                 ; no       ; On           ;
; J18      ; 249        ; 6        ; RESERVED_INPUT_WITH_WEAK_PULLUP                           ;        ;              ;         ; Row I/O    ;                 ; no       ; On           ;
; J19      ;            ;          ; GND                                                       ; gnd    ;              ;         ; --         ;                 ; --       ; --           ;
; J20      ;            ; 6        ; VCCIO6                                                    ; power  ;              ; 2.5V    ; --         ;                 ; --       ; --           ;
; J21      ; 242        ; 6        ; RESERVED_INPUT_WITH_WEAK_PULLUP                           ;        ;              ;         ; Row I/O    ;                 ; no       ; On           ;
; J22      ; 241        ; 6        ; RESERVED_INPUT_WITH_WEAK_PULLUP                           ;        ;              ;         ; Row I/O    ;                 ; no       ; On           ;
; K1       ; 31         ; 1        ; ~ALTERA_DATA0~ / RESERVED_INPUT_WITH_WEAK_PULLUP          ; input  ; 2.5 V        ;         ; Row I/O    ; N               ; no       ; On           ;
; K2       ; 30         ; 1        ; ~ALTERA_DCLK~                                             ; output ; 2.5 V        ;         ; Row I/O    ; N               ; no       ; On           ;
; K3       ;            ;          ; GND                                                       ; gnd    ;              ;         ; --         ;                 ; --       ; --           ;
; K4       ;            ; 1        ; VCCIO1                                                    ; power  ;              ; 2.5V    ; --         ;                 ; --       ; --           ;
; K5       ; 32         ; 1        ; ^nCONFIG                                                  ;        ;              ;         ; --         ;                 ; --       ; --           ;
; K6       ; 19         ; 1        ; ^nSTATUS                                                  ;        ;              ;         ; --         ;                 ; --       ; --           ;
; K7       ; 23         ; 1        ; RESERVED_INPUT_WITH_WEAK_PULLUP                           ;        ;              ;         ; Row I/O    ;                 ; no       ; On           ;
; K8       ; 21         ; 1        ; RESERVED_INPUT_WITH_WEAK_PULLUP                           ;        ;              ;         ; Row I/O    ;                 ; no       ; On           ;
; K9       ;            ;          ; VCCINT                                                    ; power  ;              ; 1.2V    ; --         ;                 ; --       ; --           ;
; K10      ;            ;          ; GND                                                       ; gnd    ;              ;         ; --         ;                 ; --       ; --           ;
; K11      ;            ;          ; GND                                                       ; gnd    ;              ;         ; --         ;                 ; --       ; --           ;
; K12      ;            ;          ; GND                                                       ; gnd    ;              ;         ; --         ;                 ; --       ; --           ;
; K13      ;            ;          ; GND                                                       ; gnd    ;              ;         ; --         ;                 ; --       ; --           ;
; K14      ;            ;          ; VCCINT                                                    ; power  ;              ; 1.2V    ; --         ;                 ; --       ; --           ;
; K15      ; 236        ; 6        ; RESERVED_INPUT_WITH_WEAK_PULLUP                           ;        ;              ;         ; Row I/O    ;                 ; no       ; On           ;
; K16      ; 244        ; 6        ; RESERVED_INPUT_WITH_WEAK_PULLUP                           ;        ;              ;         ; Row I/O    ;                 ; no       ; On           ;
; K17      ; 247        ; 6        ; RESERVED_INPUT_WITH_WEAK_PULLUP                           ;        ;              ;         ; Row I/O    ;                 ; no       ; On           ;
; K18      ; 248        ; 6        ; RESERVED_INPUT_WITH_WEAK_PULLUP                           ;        ;              ;         ; Row I/O    ;                 ; no       ; On           ;
; K19      ; 237        ; 6        ; RESERVED_INPUT_WITH_WEAK_PULLUP                           ;        ;              ;         ; Row I/O    ;                 ; --       ; --           ;
; K20      ; 231        ; 6        ; ^MSEL3                                                    ;        ;              ;         ; --         ;                 ; --       ; --           ;
; K21      ; 240        ; 6        ; RESERVED_INPUT_WITH_WEAK_PULLUP                           ;        ;              ;         ; Row I/O    ;                 ; no       ; On           ;
; K22      ; 239        ; 6        ; ~ALTERA_nCEO~ / RESERVED_OUTPUT_OPEN_DRAIN                ; output ; 2.5 V        ;         ; Row I/O    ; N               ; no       ; Off          ;
; L1       ; 35         ; 1        ; #TMS                                                      ; input  ;              ;         ; --         ;                 ; --       ; --           ;
; L2       ; 34         ; 1        ; #TCK                                                      ; input  ;              ;         ; --         ;                 ; --       ; --           ;
; L3       ; 37         ; 1        ; ^nCE                                                      ;        ;              ;         ; --         ;                 ; --       ; --           ;
; L4       ; 36         ; 1        ; #TDO                                                      ; output ;              ;         ; --         ;                 ; --       ; --           ;
; L5       ; 33         ; 1        ; #TDI                                                      ; input  ;              ;         ; --         ;                 ; --       ; --           ;
; L6       ; 42         ; 2        ; RESERVED_INPUT_WITH_WEAK_PULLUP                           ;        ;              ;         ; Row I/O    ;                 ; no       ; On           ;
; L7       ; 50         ; 2        ; RESERVED_INPUT_WITH_WEAK_PULLUP                           ;        ;              ;         ; Row I/O    ;                 ; no       ; On           ;
; L8       ; 20         ; 1        ; RESERVED_INPUT_WITH_WEAK_PULLUP                           ;        ;              ;         ; Row I/O    ;                 ; no       ; On           ;
; L9       ;            ;          ; VCCINT                                                    ; power  ;              ; 1.2V    ; --         ;                 ; --       ; --           ;
; L10      ;            ;          ; GND                                                       ; gnd    ;              ;         ; --         ;                 ; --       ; --           ;
; L11      ;            ;          ; GND                                                       ; gnd    ;              ;         ; --         ;                 ; --       ; --           ;
; L12      ;            ;          ; GND                                                       ; gnd    ;              ;         ; --         ;                 ; --       ; --           ;
; L13      ;            ;          ; GND                                                       ; gnd    ;              ;         ; --         ;                 ; --       ; --           ;
; L14      ;            ;          ; VCCINT                                                    ; power  ;              ; 1.2V    ; --         ;                 ; --       ; --           ;
; L15      ; 233        ; 6        ; RESERVED_INPUT_WITH_WEAK_PULLUP                           ;        ;              ;         ; Row I/O    ;                 ; no       ; On           ;
; L16      ; 232        ; 6        ; RESERVED_INPUT_WITH_WEAK_PULLUP                           ;        ;              ;         ; Row I/O    ;                 ; no       ; On           ;
; L17      ; 230        ; 6        ; ^MSEL2                                                    ;        ;              ;         ; --         ;                 ; --       ; --           ;
; L18      ; 229        ; 6        ; ^MSEL1                                                    ;        ;              ;         ; --         ;                 ; --       ; --           ;
; L19      ;            ; 6        ; VCCIO6                                                    ; power  ;              ; 2.5V    ; --         ;                 ; --       ; --           ;
; L20      ;            ;          ; GND                                                       ; gnd    ;              ;         ; --         ;                 ; --       ; --           ;
; L21      ; 235        ; 6        ; RESERVED_INPUT_WITH_WEAK_PULLUP                           ;        ;              ;         ; Row I/O    ;                 ; no       ; On           ;
; L22      ; 234        ; 6        ; RESERVED_INPUT_WITH_WEAK_PULLUP                           ;        ;              ;         ; Row I/O    ;                 ; no       ; On           ;
; M1       ; 45         ; 2        ; RESERVED_INPUT_WITH_WEAK_PULLUP                           ;        ;              ;         ; Row I/O    ;                 ; no       ; On           ;
; M2       ; 44         ; 2        ; RESERVED_INPUT_WITH_WEAK_PULLUP                           ;        ;              ;         ; Row I/O    ;                 ; no       ; On           ;
; M3       ; 47         ; 2        ; RESERVED_INPUT_WITH_WEAK_PULLUP                           ;        ;              ;         ; Row I/O    ;                 ; no       ; On           ;
; M4       ; 46         ; 2        ; RESERVED_INPUT_WITH_WEAK_PULLUP                           ;        ;              ;         ; Row I/O    ;                 ; no       ; On           ;
; M5       ; 51         ; 2        ; RESERVED_INPUT_WITH_WEAK_PULLUP                           ;        ;              ;         ; Row I/O    ;                 ; --       ; --           ;
; M6       ; 43         ; 2        ; RESERVED_INPUT_WITH_WEAK_PULLUP                           ;        ;              ;         ; Row I/O    ;                 ; no       ; On           ;
; M7       ; 65         ; 2        ; RESERVED_INPUT_WITH_WEAK_PULLUP                           ;        ;              ;         ; Row I/O    ;                 ; no       ; On           ;
; M8       ; 66         ; 2        ; RESERVED_INPUT_WITH_WEAK_PULLUP                           ;        ;              ;         ; Row I/O    ;                 ; no       ; On           ;
; M9       ;            ;          ; VCCINT                                                    ; power  ;              ; 1.2V    ; --         ;                 ; --       ; --           ;
; M10      ;            ;          ; GND                                                       ; gnd    ;              ;         ; --         ;                 ; --       ; --           ;
; M11      ;            ;          ; GND                                                       ; gnd    ;              ;         ; --         ;                 ; --       ; --           ;
; M12      ;            ;          ; GND                                                       ; gnd    ;              ;         ; --         ;                 ; --       ; --           ;
; M13      ;            ;          ; GND                                                       ; gnd    ;              ;         ; --         ;                 ; --       ; --           ;
; M14      ;            ;          ; VCCINT                                                    ; power  ;              ; 1.2V    ; --         ;                 ; --       ; --           ;
; M15      ; 195        ; 5        ; RESERVED_INPUT_WITH_WEAK_PULLUP                           ;        ;              ;         ; Row I/O    ;                 ; no       ; On           ;
; M16      ; 222        ; 5        ; RESERVED_INPUT_WITH_WEAK_PULLUP                           ;        ;              ;         ; Row I/O    ;                 ; no       ; On           ;
; M17      ; 228        ; 6        ; ^MSEL0                                                    ;        ;              ;         ; --         ;                 ; --       ; --           ;
; M18      ; 227        ; 6        ; ^CONF_DONE                                                ;        ;              ;         ; --         ;                 ; --       ; --           ;
; M19      ; 221        ; 5        ; RESERVED_INPUT_WITH_WEAK_PULLUP                           ;        ;              ;         ; Row I/O    ;                 ; no       ; On           ;
; M20      ; 220        ; 5        ; RESERVED_INPUT_WITH_WEAK_PULLUP                           ;        ;              ;         ; Row I/O    ;                 ; no       ; On           ;
; M21      ; 219        ; 5        ; RESERVED_INPUT_WITH_WEAK_PULLUP                           ;        ;              ;         ; Row I/O    ;                 ; no       ; On           ;
; M22      ; 218        ; 5        ; RESERVED_INPUT_WITH_WEAK_PULLUP                           ;        ;              ;         ; Row I/O    ;                 ; no       ; On           ;
; N1       ; 49         ; 2        ; RESERVED_INPUT_WITH_WEAK_PULLUP                           ;        ;              ;         ; Row I/O    ;                 ; no       ; On           ;
; N2       ; 48         ; 2        ; RESERVED_INPUT_WITH_WEAK_PULLUP                           ;        ;              ;         ; Row I/O    ;                 ; no       ; On           ;
; N3       ;            ;          ; GND                                                       ; gnd    ;              ;         ; --         ;                 ; --       ; --           ;
; N4       ;            ; 2        ; VCCIO2                                                    ; power  ;              ; 2.5V    ; --         ;                 ; --       ; --           ;
; N5       ; 56         ; 2        ; RESERVED_INPUT_WITH_WEAK_PULLUP                           ;        ;              ;         ; Row I/O    ;                 ; no       ; On           ;
; N6       ; 64         ; 2        ; RESERVED_INPUT_WITH_WEAK_PULLUP                           ;        ;              ;         ; Row I/O    ;                 ; no       ; On           ;
; N7       ; 73         ; 2        ; RESERVED_INPUT_WITH_WEAK_PULLUP                           ;        ;              ;         ; Row I/O    ;                 ; no       ; On           ;
; N8       ; 67         ; 2        ; RESERVED_INPUT_WITH_WEAK_PULLUP                           ;        ;              ;         ; Row I/O    ;                 ; no       ; On           ;
; N9       ;            ;          ; VCCINT                                                    ; power  ;              ; 1.2V    ; --         ;                 ; --       ; --           ;
; N10      ;            ;          ; GND                                                       ; gnd    ;              ;         ; --         ;                 ; --       ; --           ;
; N11      ;            ;          ; GND                                                       ; gnd    ;              ;         ; --         ;                 ; --       ; --           ;
; N12      ;            ;          ; GND                                                       ; gnd    ;              ;         ; --         ;                 ; --       ; --           ;
; N13      ;            ;          ; GND                                                       ; gnd    ;              ;         ; --         ;                 ; --       ; --           ;
; N14      ; 189        ; 5        ; RESERVED_INPUT_WITH_WEAK_PULLUP                           ;        ;              ;         ; Row I/O    ;                 ; no       ; On           ;
; N15      ; 196        ; 5        ; RESERVED_INPUT_WITH_WEAK_PULLUP                           ;        ;              ;         ; Row I/O    ;                 ; no       ; On           ;
; N16      ; 205        ; 5        ; RESERVED_INPUT_WITH_WEAK_PULLUP                           ;        ;              ;         ; Row I/O    ;                 ; no       ; On           ;
; N17      ; 214        ; 5        ; RESERVED_INPUT_WITH_WEAK_PULLUP                           ;        ;              ;         ; Row I/O    ;                 ; no       ; On           ;
; N18      ; 215        ; 5        ; RESERVED_INPUT_WITH_WEAK_PULLUP                           ;        ;              ;         ; Row I/O    ;                 ; no       ; On           ;
; N19      ; 213        ; 5        ; RESERVED_INPUT_WITH_WEAK_PULLUP                           ;        ;              ;         ; Row I/O    ;                 ; no       ; On           ;
; N20      ; 212        ; 5        ; RESERVED_INPUT_WITH_WEAK_PULLUP                           ;        ;              ;         ; Row I/O    ;                 ; no       ; On           ;
; N21      ; 217        ; 5        ; RESERVED_INPUT_WITH_WEAK_PULLUP                           ;        ;              ;         ; Row I/O    ;                 ; no       ; On           ;
; N22      ; 216        ; 5        ; RESERVED_INPUT_WITH_WEAK_PULLUP                           ;        ;              ;         ; Row I/O    ;                 ; no       ; On           ;
; P1       ; 53         ; 2        ; RESERVED_INPUT_WITH_WEAK_PULLUP                           ;        ;              ;         ; Row I/O    ;                 ; no       ; On           ;
; P2       ; 52         ; 2        ; RESERVED_INPUT_WITH_WEAK_PULLUP                           ;        ;              ;         ; Row I/O    ;                 ; no       ; On           ;
; P3       ; 58         ; 2        ; RESERVED_INPUT_WITH_WEAK_PULLUP                           ;        ;              ;         ; Row I/O    ;                 ; no       ; On           ;
; P4       ; 57         ; 2        ; RESERVED_INPUT_WITH_WEAK_PULLUP                           ;        ;              ;         ; Row I/O    ;                 ; no       ; On           ;
; P5       ; 63         ; 2        ; RESERVED_INPUT_WITH_WEAK_PULLUP                           ;        ;              ;         ; Row I/O    ;                 ; no       ; On           ;
; P6       ; 79         ; 2        ; RESERVED_INPUT_WITH_WEAK_PULLUP                           ;        ;              ;         ; Row I/O    ;                 ; no       ; On           ;
; P7       ; 74         ; 2        ; RESERVED_INPUT_WITH_WEAK_PULLUP                           ;        ;              ;         ; Row I/O    ;                 ; no       ; On           ;
; P8       ; 86         ; 2        ; RESERVED_INPUT_WITH_WEAK_PULLUP                           ;        ;              ;         ; Row I/O    ;                 ; no       ; On           ;
; P9       ;            ;          ; VCCINT                                                    ; power  ;              ; 1.2V    ; --         ;                 ; --       ; --           ;
; P10      ;            ;          ; VCCINT                                                    ; power  ;              ; 1.2V    ; --         ;                 ; --       ; --           ;
; P11      ;            ;          ; VCCINT                                                    ; power  ;              ; 1.2V    ; --         ;                 ; --       ; --           ;
; P12      ;            ;          ; VCCINT                                                    ; power  ;              ; 1.2V    ; --         ;                 ; --       ; --           ;
; P13      ;            ;          ; VCCINT                                                    ; power  ;              ; 1.2V    ; --         ;                 ; --       ; --           ;
; P14      ; 180        ; 5        ; RESERVED_INPUT_WITH_WEAK_PULLUP                           ;        ;              ;         ; Row I/O    ;                 ; no       ; On           ;
; P15      ; 192        ; 5        ; RESERVED_INPUT_WITH_WEAK_PULLUP                           ;        ;              ;         ; Row I/O    ;                 ; no       ; On           ;
; P16      ; 193        ; 5        ; RESERVED_INPUT_WITH_WEAK_PULLUP                           ;        ;              ;         ; Row I/O    ;                 ; no       ; On           ;
; P17      ; 197        ; 5        ; RESERVED_INPUT_WITH_WEAK_PULLUP                           ;        ;              ;         ; Row I/O    ;                 ; no       ; On           ;
; P18      ;            ; 5        ; VCCIO5                                                    ; power  ;              ; 2.5V    ; --         ;                 ; --       ; --           ;
; P19      ;            ;          ; GND                                                       ; gnd    ;              ;         ; --         ;                 ; --       ; --           ;
; P20      ; 208        ; 5        ; RESERVED_INPUT_WITH_WEAK_PULLUP                           ;        ;              ;         ; Row I/O    ;                 ; --       ; --           ;
; P21      ; 211        ; 5        ; RESERVED_INPUT_WITH_WEAK_PULLUP                           ;        ;              ;         ; Row I/O    ;                 ; no       ; On           ;
; P22      ; 210        ; 5        ; RESERVED_INPUT_WITH_WEAK_PULLUP                           ;        ;              ;         ; Row I/O    ;                 ; no       ; On           ;
; R1       ; 55         ; 2        ; RESERVED_INPUT_WITH_WEAK_PULLUP                           ;        ;              ;         ; Row I/O    ;                 ; no       ; On           ;
; R2       ; 54         ; 2        ; RESERVED_INPUT_WITH_WEAK_PULLUP                           ;        ;              ;         ; Row I/O    ;                 ; no       ; On           ;
; R3       ;            ;          ; GND                                                       ; gnd    ;              ;         ; --         ;                 ; --       ; --           ;
; R4       ;            ; 2        ; VCCIO2                                                    ; power  ;              ; 2.5V    ; --         ;                 ; --       ; --           ;
; R5       ; 80         ; 2        ; RESERVED_INPUT_WITH_WEAK_PULLUP                           ;        ;              ;         ; Row I/O    ;                 ; no       ; On           ;
; R6       ; 83         ; 2        ; RESERVED_INPUT_WITH_WEAK_PULLUP                           ;        ;              ;         ; Row I/O    ;                 ; no       ; On           ;
; R7       ; 84         ; 2        ; RESERVED_INPUT_WITH_WEAK_PULLUP                           ;        ;              ;         ; Row I/O    ;                 ; no       ; On           ;
; R8       ; 87         ; 2        ; RESERVED_INPUT_WITH_WEAK_PULLUP                           ;        ;              ;         ; Row I/O    ;                 ; no       ; On           ;
; R9       ; 88         ; 3        ; RESERVED_INPUT_WITH_WEAK_PULLUP                           ;        ;              ;         ; Column I/O ;                 ; no       ; On           ;
; R10      ; 90         ; 3        ; RESERVED_INPUT_WITH_WEAK_PULLUP                           ;        ;              ;         ; Column I/O ;                 ; no       ; On           ;
; R11      ; 97         ; 3        ; RESERVED_INPUT_WITH_WEAK_PULLUP                           ;        ;              ;         ; Column I/O ;                 ; no       ; On           ;
; R12      ; 98         ; 3        ; RESERVED_INPUT_WITH_WEAK_PULLUP                           ;        ;              ;         ; Column I/O ;                 ; no       ; On           ;
; R13      ; 153        ; 4        ; RESERVED_INPUT_WITH_WEAK_PULLUP                           ;        ;              ;         ; Column I/O ;                 ; no       ; On           ;
; R14      ; 175        ; 4        ; SENSOR_PUERTA                                             ; input  ; 2.5 V        ;         ; Column I/O ; Y               ; no       ; Off          ;
; R15      ; 176        ; 4        ; RESERVED_INPUT_WITH_WEAK_PULLUP                           ;        ;              ;         ; Column I/O ;                 ; no       ; On           ;
; R16      ; 172        ; 4        ; RESERVED_INPUT_WITH_WEAK_PULLUP                           ;        ;              ;         ; Column I/O ;                 ; no       ; On           ;
; R17      ; 194        ; 5        ; RESERVED_INPUT_WITH_WEAK_PULLUP                           ;        ;              ;         ; Row I/O    ;                 ; --       ; --           ;
; R18      ; 203        ; 5        ; RESERVED_INPUT_WITH_WEAK_PULLUP                           ;        ;              ;         ; Row I/O    ;                 ; no       ; On           ;
; R19      ; 204        ; 5        ; RESERVED_INPUT_WITH_WEAK_PULLUP                           ;        ;              ;         ; Row I/O    ;                 ; no       ; On           ;
; R20      ; 200        ; 5        ; RESERVED_INPUT_WITH_WEAK_PULLUP                           ;        ;              ;         ; Row I/O    ;                 ; no       ; On           ;
; R21      ; 207        ; 5        ; RESERVED_INPUT_WITH_WEAK_PULLUP                           ;        ;              ;         ; Row I/O    ;                 ; no       ; On           ;
; R22      ; 206        ; 5        ; RESERVED_INPUT_WITH_WEAK_PULLUP                           ;        ;              ;         ; Row I/O    ;                 ; no       ; On           ;
; T1       ; 41         ; 2        ; GND+                                                      ;        ;              ;         ; Row I/O    ;                 ; --       ; --           ;
; T2       ; 40         ; 2        ; GND+                                                      ;        ;              ;         ; Row I/O    ;                 ; --       ; --           ;
; T3       ; 72         ; 2        ; RESERVED_INPUT_WITH_WEAK_PULLUP                           ;        ;              ;         ; Row I/O    ;                 ; --       ; --           ;
; T4       ; 81         ; 2        ; RESERVED_INPUT_WITH_WEAK_PULLUP                           ;        ;              ;         ; Row I/O    ;                 ; no       ; On           ;
; T5       ; 82         ; 2        ; RESERVED_INPUT_WITH_WEAK_PULLUP                           ;        ;              ;         ; Row I/O    ;                 ; no       ; On           ;
; T6       ;            ; --       ; VCCA1                                                     ; power  ;              ; 2.5V    ; --         ;                 ; --       ; --           ;
; T7       ; 85         ; 2        ; RESERVED_INPUT_WITH_WEAK_PULLUP                           ;        ;              ;         ; Row I/O    ;                 ; no       ; On           ;
; T8       ; 89         ; 3        ; RESERVED_INPUT_WITH_WEAK_PULLUP                           ;        ;              ;         ; Column I/O ;                 ; no       ; On           ;
; T9       ; 91         ; 3        ; RESERVED_INPUT_WITH_WEAK_PULLUP                           ;        ;              ;         ; Column I/O ;                 ; no       ; On           ;
; T10      ; 121        ; 3        ; RESERVED_INPUT_WITH_WEAK_PULLUP                           ;        ;              ;         ; Column I/O ;                 ; no       ; On           ;
; T11      ; 125        ; 3        ; RESERVED_INPUT_WITH_WEAK_PULLUP                           ;        ;              ;         ; Column I/O ;                 ; no       ; On           ;
; T12      ; 148        ; 4        ; RESERVED_INPUT_WITH_WEAK_PULLUP                           ;        ;              ;         ; Column I/O ;                 ; no       ; On           ;
; T13      ;            ;          ; VCCINT                                                    ; power  ;              ; 1.2V    ; --         ;                 ; --       ; --           ;
; T14      ; 160        ; 4        ; RESERVED_INPUT_WITH_WEAK_PULLUP                           ;        ;              ;         ; Column I/O ;                 ; no       ; On           ;
; T15      ; 161        ; 4        ; COLUMNA[1]                                                ; output ; 2.5 V        ;         ; Column I/O ; Y               ; no       ; Off          ;
; T16      ; 171        ; 4        ; RESERVED_INPUT_WITH_WEAK_PULLUP                           ;        ;              ;         ; Column I/O ;                 ; no       ; On           ;
; T17      ; 181        ; 5        ; RESERVED_INPUT_WITH_WEAK_PULLUP                           ;        ;              ;         ; Row I/O    ;                 ; no       ; On           ;
; T18      ; 182        ; 5        ; RESERVED_INPUT_WITH_WEAK_PULLUP                           ;        ;              ;         ; Row I/O    ;                 ; no       ; On           ;
; T19      ;            ; 5        ; VCCIO5                                                    ; power  ;              ; 2.5V    ; --         ;                 ; --       ; --           ;
; T20      ;            ;          ; GND                                                       ; gnd    ;              ;         ; --         ;                 ; --       ; --           ;
; T21      ; 224        ; 5        ; GND+                                                      ;        ;              ;         ; Row I/O    ;                 ; --       ; --           ;
; T22      ; 223        ; 5        ; GND+                                                      ;        ;              ;         ; Row I/O    ;                 ; --       ; --           ;
; U1       ; 60         ; 2        ; RESERVED_INPUT_WITH_WEAK_PULLUP                           ;        ;              ;         ; Row I/O    ;                 ; no       ; On           ;
; U2       ; 59         ; 2        ; RESERVED_INPUT_WITH_WEAK_PULLUP                           ;        ;              ;         ; Row I/O    ;                 ; no       ; On           ;
; U3       ;            ;          ; GND                                                       ; gnd    ;              ;         ; --         ;                 ; --       ; --           ;
; U4       ;            ; 2        ; VCCIO2                                                    ; power  ;              ; 2.5V    ; --         ;                 ; --       ; --           ;
; U5       ;            ;          ; GNDA1                                                     ; gnd    ;              ;         ; --         ;                 ; --       ; --           ;
; U6       ;            ;          ; VCCD_PLL1                                                 ; power  ;              ; 1.2V    ; --         ;                 ; --       ; --           ;
; U7       ; 94         ; 3        ; RESERVED_INPUT_WITH_WEAK_PULLUP                           ;        ;              ;         ; Column I/O ;                 ; no       ; On           ;
; U8       ; 95         ; 3        ; RESERVED_INPUT_WITH_WEAK_PULLUP                           ;        ;              ;         ; Column I/O ;                 ; no       ; On           ;
; U9       ; 112        ; 3        ; RESERVED_INPUT_WITH_WEAK_PULLUP                           ;        ;              ;         ; Column I/O ;                 ; no       ; On           ;
; U10      ; 122        ; 3        ; RESERVED_INPUT_WITH_WEAK_PULLUP                           ;        ;              ;         ; Column I/O ;                 ; no       ; On           ;
; U11      ; 128        ; 3        ; RESERVED_INPUT_WITH_WEAK_PULLUP                           ;        ;              ;         ; Column I/O ;                 ; no       ; On           ;
; U12      ; 147        ; 4        ; RESERVED_INPUT_WITH_WEAK_PULLUP                           ;        ;              ;         ; Column I/O ;                 ; no       ; On           ;
; U13      ; 156        ; 4        ; RESERVED_INPUT_WITH_WEAK_PULLUP                           ;        ;              ;         ; Column I/O ;                 ; no       ; On           ;
; U14      ; 174        ; 4        ; RESERVED_INPUT_WITH_WEAK_PULLUP                           ;        ;              ;         ; Column I/O ;                 ; no       ; On           ;
; U15      ; 173        ; 4        ; RESERVED_INPUT_WITH_WEAK_PULLUP                           ;        ;              ;         ; Column I/O ;                 ; no       ; On           ;
; U16      ;            ;          ; VCCINT                                                    ; power  ;              ; 1.2V    ; --         ;                 ; --       ; --           ;
; U17      ;            ;          ; VCCINT                                                    ; power  ;              ; 1.2V    ; --         ;                 ; --       ; --           ;
; U18      ;            ; --       ; VCCA4                                                     ; power  ;              ; 2.5V    ; --         ;                 ; --       ; --           ;
; U19      ; 188        ; 5        ; RESERVED_INPUT_WITH_WEAK_PULLUP                           ;        ;              ;         ; Row I/O    ;                 ; no       ; On           ;
; U20      ; 187        ; 5        ; RESERVED_INPUT_WITH_WEAK_PULLUP                           ;        ;              ;         ; Row I/O    ;                 ; no       ; On           ;
; U21      ; 202        ; 5        ; RESERVED_INPUT_WITH_WEAK_PULLUP                           ;        ;              ;         ; Row I/O    ;                 ; no       ; On           ;
; U22      ; 201        ; 5        ; RESERVED_INPUT_WITH_WEAK_PULLUP                           ;        ;              ;         ; Row I/O    ;                 ; no       ; On           ;
; V1       ; 62         ; 2        ; RESERVED_INPUT_WITH_WEAK_PULLUP                           ;        ;              ;         ; Row I/O    ;                 ; no       ; On           ;
; V2       ; 61         ; 2        ; RESERVED_INPUT_WITH_WEAK_PULLUP                           ;        ;              ;         ; Row I/O    ;                 ; no       ; On           ;
; V3       ; 78         ; 2        ; RESERVED_INPUT_WITH_WEAK_PULLUP                           ;        ;              ;         ; Row I/O    ;                 ; no       ; On           ;
; V4       ; 77         ; 2        ; RESERVED_INPUT_WITH_WEAK_PULLUP                           ;        ;              ;         ; Row I/O    ;                 ; no       ; On           ;
; V5       ; 93         ; 3        ; RESERVED_INPUT_WITH_WEAK_PULLUP                           ;        ;              ;         ; Column I/O ;                 ; no       ; On           ;
; V6       ; 92         ; 3        ; RESERVED_INPUT_WITH_WEAK_PULLUP                           ;        ;              ;         ; Column I/O ;                 ; no       ; On           ;
; V7       ; 105        ; 3        ; RESERVED_INPUT_WITH_WEAK_PULLUP                           ;        ;              ;         ; Column I/O ;                 ; no       ; On           ;
; V8       ; 113        ; 3        ; RESERVED_INPUT_WITH_WEAK_PULLUP                           ;        ;              ;         ; Column I/O ;                 ; no       ; On           ;
; V9       ; 119        ; 3        ; RESERVED_INPUT_WITH_WEAK_PULLUP                           ;        ;              ;         ; Column I/O ;                 ; --       ; --           ;
; V10      ; 120        ; 3        ; RESERVED_INPUT_WITH_WEAK_PULLUP                           ;        ;              ;         ; Column I/O ;                 ; no       ; On           ;
; V11      ; 129        ; 3        ; RESERVED_INPUT_WITH_WEAK_PULLUP                           ;        ;              ;         ; Column I/O ;                 ; no       ; On           ;
; V12      ; 142        ; 4        ; RESERVED_INPUT_WITH_WEAK_PULLUP                           ;        ;              ;         ; Column I/O ;                 ; no       ; On           ;
; V13      ; 154        ; 4        ; RESERVED_INPUT_WITH_WEAK_PULLUP                           ;        ;              ;         ; Column I/O ;                 ; no       ; On           ;
; V14      ; 157        ; 4        ; RESERVED_INPUT_WITH_WEAK_PULLUP                           ;        ;              ;         ; Column I/O ;                 ; no       ; On           ;
; V15      ; 158        ; 4        ; COLUMNA[2]                                                ; output ; 2.5 V        ;         ; Column I/O ; Y               ; no       ; Off          ;
; V16      ; 168        ; 4        ; RESERVED_INPUT_WITH_WEAK_PULLUP                           ;        ;              ;         ; Column I/O ;                 ; --       ; --           ;
; V17      ;            ;          ; VCCD_PLL4                                                 ; power  ;              ; 1.2V    ; --         ;                 ; --       ; --           ;
; V18      ;            ;          ; GNDA4                                                     ; gnd    ;              ;         ; --         ;                 ; --       ; --           ;
; V19      ;            ; 5        ; VCCIO5                                                    ; power  ;              ; 2.5V    ; --         ;                 ; --       ; --           ;
; V20      ;            ;          ; GND                                                       ; gnd    ;              ;         ; --         ;                 ; --       ; --           ;
; V21      ; 199        ; 5        ; RESERVED_INPUT_WITH_WEAK_PULLUP                           ;        ;              ;         ; Row I/O    ;                 ; no       ; On           ;
; V22      ; 198        ; 5        ; RESERVED_INPUT_WITH_WEAK_PULLUP                           ;        ;              ;         ; Row I/O    ;                 ; no       ; On           ;
; W1       ; 69         ; 2        ; RESERVED_INPUT_WITH_WEAK_PULLUP                           ;        ;              ;         ; Row I/O    ;                 ; no       ; On           ;
; W2       ; 68         ; 2        ; RESERVED_INPUT_WITH_WEAK_PULLUP                           ;        ;              ;         ; Row I/O    ;                 ; no       ; On           ;
; W3       ;            ;          ; GND                                                       ; gnd    ;              ;         ; --         ;                 ; --       ; --           ;
; W4       ;            ; 2        ; VCCIO2                                                    ; power  ;              ; 2.5V    ; --         ;                 ; --       ; --           ;
; W5       ;            ; 3        ; VCCIO3                                                    ; power  ;              ; 2.5V    ; --         ;                 ; --       ; --           ;
; W6       ; 104        ; 3        ; RESERVED_INPUT_WITH_WEAK_PULLUP                           ;        ;              ;         ; Column I/O ;                 ; no       ; On           ;
; W7       ; 110        ; 3        ; RESERVED_INPUT_WITH_WEAK_PULLUP                           ;        ;              ;         ; Column I/O ;                 ; no       ; On           ;
; W8       ; 114        ; 3        ; RESERVED_INPUT_WITH_WEAK_PULLUP                           ;        ;              ;         ; Column I/O ;                 ; no       ; On           ;
; W9       ;            ; 3        ; VCCIO3                                                    ; power  ;              ; 2.5V    ; --         ;                 ; --       ; --           ;
; W10      ; 130        ; 3        ; RESERVED_INPUT_WITH_WEAK_PULLUP                           ;        ;              ;         ; Column I/O ;                 ; no       ; On           ;
; W11      ;            ; 3        ; VCCIO3                                                    ; power  ;              ; 2.5V    ; --         ;                 ; --       ; --           ;
; W12      ;            ; 4        ; VCCIO4                                                    ; power  ;              ; 2.5V    ; --         ;                 ; --       ; --           ;
; W13      ; 143        ; 4        ; RESERVED_INPUT_WITH_WEAK_PULLUP                           ;        ;              ;         ; Column I/O ;                 ; no       ; On           ;
; W14      ; 155        ; 4        ; RESERVED_INPUT_WITH_WEAK_PULLUP                           ;        ;              ;         ; Column I/O ;                 ; --       ; --           ;
; W15      ; 159        ; 4        ; RESERVED_INPUT_WITH_WEAK_PULLUP                           ;        ;              ;         ; Column I/O ;                 ; no       ; On           ;
; W16      ;            ; 4        ; VCCIO4                                                    ; power  ;              ; 2.5V    ; --         ;                 ; --       ; --           ;
; W17      ; 166        ; 4        ; COLUMNA[0]                                                ; output ; 2.5 V        ;         ; Column I/O ; Y               ; no       ; Off          ;
; W18      ;            ; 4        ; VCCIO4                                                    ; power  ;              ; 2.5V    ; --         ;                 ; --       ; --           ;
; W19      ; 184        ; 5        ; RESERVED_INPUT_WITH_WEAK_PULLUP                           ;        ;              ;         ; Row I/O    ;                 ; no       ; On           ;
; W20      ; 183        ; 5        ; RESERVED_INPUT_WITH_WEAK_PULLUP                           ;        ;              ;         ; Row I/O    ;                 ; no       ; On           ;
; W21      ; 191        ; 5        ; RESERVED_INPUT_WITH_WEAK_PULLUP                           ;        ;              ;         ; Row I/O    ;                 ; no       ; On           ;
; W22      ; 190        ; 5        ; RESERVED_INPUT_WITH_WEAK_PULLUP                           ;        ;              ;         ; Row I/O    ;                 ; no       ; On           ;
; Y1       ; 71         ; 2        ; RESERVED_INPUT_WITH_WEAK_PULLUP                           ;        ;              ;         ; Row I/O    ;                 ; no       ; On           ;
; Y2       ; 70         ; 2        ; RESERVED_INPUT_WITH_WEAK_PULLUP                           ;        ;              ;         ; Row I/O    ;                 ; no       ; On           ;
; Y3       ; 99         ; 3        ; RESERVED_INPUT_WITH_WEAK_PULLUP                           ;        ;              ;         ; Column I/O ;                 ; no       ; On           ;
; Y4       ; 96         ; 3        ; RESERVED_INPUT_WITH_WEAK_PULLUP                           ;        ;              ;         ; Column I/O ;                 ; --       ; --           ;
; Y5       ;            ;          ; GND                                                       ; gnd    ;              ;         ; --         ;                 ; --       ; --           ;
; Y6       ; 101        ; 3        ; RESERVED_INPUT_WITH_WEAK_PULLUP                           ;        ;              ;         ; Column I/O ;                 ; no       ; On           ;
; Y7       ; 111        ; 3        ; RESERVED_INPUT_WITH_WEAK_PULLUP                           ;        ;              ;         ; Column I/O ;                 ; no       ; On           ;
; Y8       ; 117        ; 3        ; RESERVED_INPUT_WITH_WEAK_PULLUP                           ;        ;              ;         ; Column I/O ;                 ; no       ; On           ;
; Y9       ;            ;          ; GND                                                       ; gnd    ;              ;         ; --         ;                 ; --       ; --           ;
; Y10      ; 131        ; 3        ; RESERVED_INPUT_WITH_WEAK_PULLUP                           ;        ;              ;         ; Column I/O ;                 ; no       ; On           ;
; Y11      ;            ;          ; GND                                                       ; gnd    ;              ;         ; --         ;                 ; --       ; --           ;
; Y12      ;            ;          ; GND                                                       ; gnd    ;              ;         ; --         ;                 ; --       ; --           ;
; Y13      ; 144        ; 4        ; RESERVED_INPUT_WITH_WEAK_PULLUP                           ;        ;              ;         ; Column I/O ;                 ; no       ; On           ;
; Y14      ;            ; 4        ; VCCIO4                                                    ; power  ;              ; 2.5V    ; --         ;                 ; --       ; --           ;
; Y15      ;            ;          ; GND                                                       ; gnd    ;              ;         ; --         ;                 ; --       ; --           ;
; Y16      ;            ;          ; GND                                                       ; gnd    ;              ;         ; --         ;                 ; --       ; --           ;
; Y17      ; 167        ; 4        ; RESERVED_INPUT_WITH_WEAK_PULLUP                           ;        ;              ;         ; Column I/O ;                 ; no       ; On           ;
; Y18      ;            ;          ; GND                                                       ; gnd    ;              ;         ; --         ;                 ; --       ; --           ;
; Y19      ;            ; 5        ; VCCIO5                                                    ; power  ;              ; 2.5V    ; --         ;                 ; --       ; --           ;
; Y20      ;            ;          ; GND                                                       ; gnd    ;              ;         ; --         ;                 ; --       ; --           ;
; Y21      ; 186        ; 5        ; RESERVED_INPUT_WITH_WEAK_PULLUP                           ;        ;              ;         ; Row I/O    ;                 ; no       ; On           ;
; Y22      ; 185        ; 5        ; RESERVED_INPUT_WITH_WEAK_PULLUP                           ;        ;              ;         ; Row I/O    ;                 ; no       ; On           ;
+----------+------------+----------+-----------------------------------------------------------+--------+--------------+---------+------------+-----------------+----------+--------------+
Note: Pin directions (input, output or bidir) are based on device operating in user mode.


+-------------------------------------------------------------------------------------------------------------------------------------------------------------------------------------------------------------------------------------------------------------------------------------------------------------------------------------------------------------------------------------+
; Fitter Resource Utilization by Entity                                                                                                                                                                                                                                                                                                                                               ;
+-----------------------------------------------------+-------------+---------------------------+---------------+-------------+------+--------------+---------+-----------+------+--------------+--------------+-------------------+------------------+----------------------------------------------------------------------------------------------------------------+--------------+
; Compilation Hierarchy Node                          ; Logic Cells ; Dedicated Logic Registers ; I/O Registers ; Memory Bits ; M9Ks ; DSP Elements ; DSP 9x9 ; DSP 18x18 ; Pins ; Virtual Pins ; LUT-Only LCs ; Register-Only LCs ; LUT/Register LCs ; Full Hierarchy Name                                                                                            ; Library Name ;
+-----------------------------------------------------+-------------+---------------------------+---------------+-------------+------+--------------+---------+-----------+------+--------------+--------------+-------------------+------------------+----------------------------------------------------------------------------------------------------------------+--------------+
; |top_principal                                      ; 1082 (113)  ; 514 (4)                   ; 0 (0)         ; 0           ; 0    ; 0            ; 0       ; 0         ; 50   ; 0            ; 568 (109)    ; 107 (0)           ; 407 (7)          ; |top_principal                                                                                                 ; work         ;
;    |comparador_clave_4_digitos:U_GESTOR|            ; 82 (82)     ; 46 (46)                   ; 0 (0)         ; 0           ; 0    ; 0            ; 0       ; 0         ; 0    ; 0            ; 35 (35)      ; 5 (5)             ; 42 (42)          ; |top_principal|comparador_clave_4_digitos:U_GESTOR                                                             ; work         ;
;    |contador_horario_180s:U_HORARIO|                ; 24 (24)     ; 8 (8)                     ; 0 (0)         ; 0           ; 0    ; 0            ; 0       ; 0         ; 0    ; 0            ; 16 (16)      ; 0 (0)             ; 8 (8)            ; |top_principal|contador_horario_180s:U_HORARIO                                                                 ; work         ;
;    |controlador_buzzer:U_BUZZER|                    ; 30 (30)     ; 17 (17)                   ; 0 (0)         ; 0           ; 0    ; 0            ; 0       ; 0         ; 0    ; 0            ; 12 (12)      ; 0 (0)             ; 18 (18)          ; |top_principal|controlador_buzzer:U_BUZZER                                                                     ; work         ;
;    |controlador_servo:U_SERVO|                      ; 35 (35)     ; 22 (22)                   ; 0 (0)         ; 0           ; 0    ; 0            ; 0       ; 0         ; 0    ; 0            ; 13 (13)      ; 1 (1)             ; 21 (21)          ; |top_principal|controlador_servo:U_SERVO                                                                       ; work         ;
;    |decodificador_7seg_alfanumerico:U_ADM_HEX0_COD| ; 7 (7)       ; 0 (0)                     ; 0 (0)         ; 0           ; 0    ; 0            ; 0       ; 0         ; 0    ; 0            ; 7 (7)        ; 0 (0)             ; 0 (0)            ; |top_principal|decodificador_7seg_alfanumerico:U_ADM_HEX0_COD                                                  ; work         ;
;    |decodificador_7seg_alfanumerico:U_ADM_HEX1|     ; 5 (5)       ; 0 (0)                     ; 0 (0)         ; 0           ; 0    ; 0            ; 0       ; 0         ; 0    ; 0            ; 5 (5)        ; 0 (0)             ; 0 (0)            ; |top_principal|decodificador_7seg_alfanumerico:U_ADM_HEX1                                                      ; work         ;
;    |fiveb:U_ADM_HEX0_NUM|                           ; 7 (7)       ; 0 (0)                     ; 0 (0)         ; 0           ; 0    ; 0            ; 0       ; 0         ; 0    ; 0            ; 7 (7)        ; 0 (0)             ; 0 (0)            ; |top_principal|fiveb:U_ADM_HEX0_NUM                                                                            ; work         ;
;    |fiveb:U_HEX0_NUM|                               ; 7 (7)       ; 0 (0)                     ; 0 (0)         ; 0           ; 0    ; 0            ; 0       ; 0         ; 0    ; 0            ; 7 (7)        ; 0 (0)             ; 0 (0)            ; |top_principal|fiveb:U_HEX0_NUM                                                                                ; work         ;
;    |fiveb:U_HEX1_NUM|                               ; 7 (7)       ; 0 (0)                     ; 0 (0)         ; 0           ; 0    ; 0            ; 0       ; 0         ; 0    ; 0            ; 7 (7)        ; 0 (0)             ; 0 (0)            ; |top_principal|fiveb:U_HEX1_NUM                                                                                ; work         ;
;    |fiveb:U_HEX2_NUM|                               ; 7 (7)       ; 0 (0)                     ; 0 (0)         ; 0           ; 0    ; 0            ; 0       ; 0         ; 0    ; 0            ; 7 (7)        ; 0 (0)             ; 0 (0)            ; |top_principal|fiveb:U_HEX2_NUM                                                                                ; work         ;
;    |fiveb:U_HEX3_NUM|                               ; 7 (7)       ; 0 (0)                     ; 0 (0)         ; 0           ; 0    ; 0            ; 0       ; 0         ; 0    ; 0            ; 7 (7)        ; 0 (0)             ; 0 (0)            ; |top_principal|fiveb:U_HEX3_NUM                                                                                ; work         ;
;    |fiveb:U_UNIDAD|                                 ; 7 (7)       ; 0 (0)                     ; 0 (0)         ; 0           ; 0    ; 0            ; 0       ; 0         ; 0    ; 0            ; 7 (7)        ; 0 (0)             ; 0 (0)            ; |top_principal|fiveb:U_UNIDAD                                                                                  ; work         ;
;    |generador_tick_1s:U_TICK|                       ; 48 (48)     ; 27 (27)                   ; 0 (0)         ; 0           ; 0    ; 0            ; 0       ; 0         ; 0    ; 0            ; 21 (21)      ; 1 (1)             ; 26 (26)          ; |top_principal|generador_tick_1s:U_TICK                                                                        ; work         ;
;    |gestor_admin:U_ADMIN|                           ; 122 (122)   ; 55 (55)                   ; 0 (0)         ; 0           ; 0    ; 0            ; 0       ; 0         ; 0    ; 0            ; 67 (67)      ; 8 (8)             ; 47 (47)          ; |top_principal|gestor_admin:U_ADMIN                                                                            ; work         ;
;    |lpm_divide:Mod0|                                ; 33 (0)      ; 0 (0)                     ; 0 (0)         ; 0           ; 0    ; 0            ; 0       ; 0         ; 0    ; 0            ; 33 (0)       ; 0 (0)             ; 0 (0)            ; |top_principal|lpm_divide:Mod0                                                                                 ; work         ;
;       |lpm_divide_d8m:auto_generated|               ; 33 (0)      ; 0 (0)                     ; 0 (0)         ; 0           ; 0    ; 0            ; 0       ; 0         ; 0    ; 0            ; 33 (0)       ; 0 (0)             ; 0 (0)            ; |top_principal|lpm_divide:Mod0|lpm_divide_d8m:auto_generated                                                   ; work         ;
;          |sign_div_unsign_bkh:divider|              ; 33 (0)      ; 0 (0)                     ; 0 (0)         ; 0           ; 0    ; 0            ; 0       ; 0         ; 0    ; 0            ; 33 (0)       ; 0 (0)             ; 0 (0)            ; |top_principal|lpm_divide:Mod0|lpm_divide_d8m:auto_generated|sign_div_unsign_bkh:divider                       ; work         ;
;             |alt_u_div_13f:divider|                 ; 33 (33)     ; 0 (0)                     ; 0 (0)         ; 0           ; 0    ; 0            ; 0       ; 0         ; 0    ; 0            ; 33 (33)      ; 0 (0)             ; 0 (0)            ; |top_principal|lpm_divide:Mod0|lpm_divide_d8m:auto_generated|sign_div_unsign_bkh:divider|alt_u_div_13f:divider ; work         ;
;    |lpm_divide:Mod1|                                ; 33 (0)      ; 0 (0)                     ; 0 (0)         ; 0           ; 0    ; 0            ; 0       ; 0         ; 0    ; 0            ; 33 (0)       ; 0 (0)             ; 0 (0)            ; |top_principal|lpm_divide:Mod1                                                                                 ; work         ;
;       |lpm_divide_d8m:auto_generated|               ; 33 (0)      ; 0 (0)                     ; 0 (0)         ; 0           ; 0    ; 0            ; 0       ; 0         ; 0    ; 0            ; 33 (0)       ; 0 (0)             ; 0 (0)            ; |top_principal|lpm_divide:Mod1|lpm_divide_d8m:auto_generated                                                   ; work         ;
;          |sign_div_unsign_bkh:divider|              ; 33 (0)      ; 0 (0)                     ; 0 (0)         ; 0           ; 0    ; 0            ; 0       ; 0         ; 0    ; 0            ; 33 (0)       ; 0 (0)             ; 0 (0)            ; |top_principal|lpm_divide:Mod1|lpm_divide_d8m:auto_generated|sign_div_unsign_bkh:divider                       ; work         ;
;             |alt_u_div_13f:divider|                 ; 33 (33)     ; 0 (0)                     ; 0 (0)         ; 0           ; 0    ; 0            ; 0       ; 0         ; 0    ; 0            ; 33 (33)      ; 0 (0)             ; 0 (0)            ; |top_principal|lpm_divide:Mod1|lpm_divide_d8m:auto_generated|sign_div_unsign_bkh:divider|alt_u_div_13f:divider ; work         ;
;    |maquina_estados_principal:U_FSM|                ; 47 (47)     ; 7 (7)                     ; 0 (0)         ; 0           ; 0    ; 0            ; 0       ; 0         ; 0    ; 0            ; 39 (39)      ; 0 (0)             ; 8 (8)            ; |top_principal|maquina_estados_principal:U_FSM                                                                 ; work         ;
;    |memoria_completa:U_MEMORIA|                     ; 356 (21)    ; 256 (0)                   ; 0 (0)         ; 0           ; 0    ; 0            ; 0       ; 0         ; 0    ; 0            ; 92 (13)      ; 92 (0)            ; 172 (8)          ; |top_principal|memoria_completa:U_MEMORIA                                                                      ; work         ;
;       |RAM:U_RAM|                                   ; 335 (335)   ; 256 (256)                 ; 0 (0)         ; 0           ; 0    ; 0            ; 0       ; 0         ; 0    ; 0            ; 79 (79)      ; 92 (92)           ; 164 (164)        ; |top_principal|memoria_completa:U_MEMORIA|RAM:U_RAM                                                            ; work         ;
;    |registro_clave_teclado:U_REGISTRO|              ; 27 (27)     ; 19 (19)                   ; 0 (0)         ; 0           ; 0    ; 0            ; 0       ; 0         ; 0    ; 0            ; 6 (6)        ; 0 (0)             ; 21 (21)          ; |top_principal|registro_clave_teclado:U_REGISTRO                                                               ; work         ;
;    |teclado_matricial_4x4:U_TECLADO|                ; 52 (52)     ; 29 (29)                   ; 0 (0)         ; 0           ; 0    ; 0            ; 0       ; 0         ; 0    ; 0            ; 23 (23)      ; 0 (0)             ; 29 (29)          ; |top_principal|teclado_matricial_4x4:U_TECLADO                                                                 ; work         ;
;    |temporizador_descendente:U_TIMER_BLOQUEO|       ; 11 (11)     ; 8 (8)                     ; 0 (0)         ; 0           ; 0    ; 0            ; 0       ; 0         ; 0    ; 0            ; 3 (3)        ; 0 (0)             ; 8 (8)            ; |top_principal|temporizador_descendente:U_TIMER_BLOQUEO                                                        ; work         ;
;    |temporizador_descendente:U_TIMER_ERROR|         ; 17 (17)     ; 8 (8)                     ; 0 (0)         ; 0           ; 0    ; 0            ; 0       ; 0         ; 0    ; 0            ; 9 (9)        ; 0 (0)             ; 8 (8)            ; |top_principal|temporizador_descendente:U_TIMER_ERROR                                                          ; work         ;
;    |temporizador_descendente:U_TIMER_OPEN|          ; 11 (11)     ; 8 (8)                     ; 0 (0)         ; 0           ; 0    ; 0            ; 0       ; 0         ; 0    ; 0            ; 3 (3)        ; 0 (0)             ; 8 (8)            ; |top_principal|temporizador_descendente:U_TIMER_OPEN                                                           ; work         ;
+-----------------------------------------------------+-------------+---------------------------+---------------+-------------+------+--------------+---------+-----------+------+--------------+--------------+-------------------+------------------+----------------------------------------------------------------------------------------------------------------+--------------+
Note: For table entries with two numbers listed, the numbers in parentheses indicate the number of resources of the given type used by the specific entity alone. The numbers listed outside of parentheses indicate the total resources of the given type used by the specific entity and all of its sub-entities in the hierarchy.


+-----------------------------------------------------------------------------------------------+
; Delay Chain Summary                                                                           ;
+---------------+----------+---------------+---------------+-----------------------+-----+------+
; Name          ; Pin Type ; Pad to Core 0 ; Pad to Core 1 ; Pad to Input Register ; TCO ; TCOE ;
+---------------+----------+---------------+---------------+-----------------------+-----+------+
; COLUMNA[0]    ; Output   ; --            ; --            ; --                    ; --  ; --   ;
; COLUMNA[1]    ; Output   ; --            ; --            ; --                    ; --  ; --   ;
; COLUMNA[2]    ; Output   ; --            ; --            ; --                    ; --  ; --   ;
; COLUMNA[3]    ; Output   ; --            ; --            ; --                    ; --  ; --   ;
; HEX0[0]       ; Output   ; --            ; --            ; --                    ; --  ; --   ;
; HEX0[1]       ; Output   ; --            ; --            ; --                    ; --  ; --   ;
; HEX0[2]       ; Output   ; --            ; --            ; --                    ; --  ; --   ;
; HEX0[3]       ; Output   ; --            ; --            ; --                    ; --  ; --   ;
; HEX0[4]       ; Output   ; --            ; --            ; --                    ; --  ; --   ;
; HEX0[5]       ; Output   ; --            ; --            ; --                    ; --  ; --   ;
; HEX0[6]       ; Output   ; --            ; --            ; --                    ; --  ; --   ;
; HEX1[0]       ; Output   ; --            ; --            ; --                    ; --  ; --   ;
; HEX1[1]       ; Output   ; --            ; --            ; --                    ; --  ; --   ;
; HEX1[2]       ; Output   ; --            ; --            ; --                    ; --  ; --   ;
; HEX1[3]       ; Output   ; --            ; --            ; --                    ; --  ; --   ;
; HEX1[4]       ; Output   ; --            ; --            ; --                    ; --  ; --   ;
; HEX1[5]       ; Output   ; --            ; --            ; --                    ; --  ; --   ;
; HEX1[6]       ; Output   ; --            ; --            ; --                    ; --  ; --   ;
; HEX2[0]       ; Output   ; --            ; --            ; --                    ; --  ; --   ;
; HEX2[1]       ; Output   ; --            ; --            ; --                    ; --  ; --   ;
; HEX2[2]       ; Output   ; --            ; --            ; --                    ; --  ; --   ;
; HEX2[3]       ; Output   ; --            ; --            ; --                    ; --  ; --   ;
; HEX2[4]       ; Output   ; --            ; --            ; --                    ; --  ; --   ;
; HEX2[5]       ; Output   ; --            ; --            ; --                    ; --  ; --   ;
; HEX2[6]       ; Output   ; --            ; --            ; --                    ; --  ; --   ;
; HEX3[0]       ; Output   ; --            ; --            ; --                    ; --  ; --   ;
; HEX3[1]       ; Output   ; --            ; --            ; --                    ; --  ; --   ;
; HEX3[2]       ; Output   ; --            ; --            ; --                    ; --  ; --   ;
; HEX3[3]       ; Output   ; --            ; --            ; --                    ; --  ; --   ;
; HEX3[4]       ; Output   ; --            ; --            ; --                    ; --  ; --   ;
; HEX3[5]       ; Output   ; --            ; --            ; --                    ; --  ; --   ;
; HEX3[6]       ; Output   ; --            ; --            ; --                    ; --  ; --   ;
; SERVO_PWM     ; Output   ; --            ; --            ; --                    ; --  ; --   ;
; BUZZER_OUT    ; Output   ; --            ; --            ; --                    ; --  ; --   ;
; LED_ABRIR     ; Output   ; --            ; --            ; --                    ; --  ; --   ;
; LED_ALARMA    ; Output   ; --            ; --            ; --                    ; --  ; --   ;
; LED_BLOQUEO   ; Output   ; --            ; --            ; --                    ; --  ; --   ;
; LED_MANANA    ; Output   ; --            ; --            ; --                    ; --  ; --   ;
; LED_TARDE     ; Output   ; --            ; --            ; --                    ; --  ; --   ;
; LED_NOCHE     ; Output   ; --            ; --            ; --                    ; --  ; --   ;
; LED_FIN       ; Output   ; --            ; --            ; --                    ; --  ; --   ;
; CLOCK_50      ; Input    ; (0) 0 ps      ; --            ; --                    ; --  ; --   ;
; RESET         ; Input    ; --            ; (6) 1314 ps   ; --                    ; --  ; --   ;
; INTRUSION_SW  ; Input    ; (6) 1314 ps   ; --            ; --                    ; --  ; --   ;
; SENSOR_PUERTA ; Input    ; --            ; (6) 1314 ps   ; --                    ; --  ; --   ;
; SALIR_ADMIN   ; Input    ; --            ; (6) 1314 ps   ; --                    ; --  ; --   ;
; FILA[0]       ; Input    ; --            ; (6) 1314 ps   ; --                    ; --  ; --   ;
; FILA[1]       ; Input    ; --            ; (6) 1314 ps   ; --                    ; --  ; --   ;
; FILA[2]       ; Input    ; --            ; (6) 1314 ps   ; --                    ; --  ; --   ;
; FILA[3]       ; Input    ; (6) 1314 ps   ; --            ; --                    ; --  ; --   ;
+---------------+----------+---------------+---------------+-----------------------+-----+------+


+-----------------------------------------------------------------------------------------------------+
; Pad To Core Delay Chain Fanout                                                                      ;
+-----------------------------------------------------------------------+-------------------+---------+
; Source Pin / Fanout                                                   ; Pad To Core Index ; Setting ;
+-----------------------------------------------------------------------+-------------------+---------+
; CLOCK_50                                                              ;                   ;         ;
; RESET                                                                 ;                   ;         ;
;      - modo_admin_prev_s                                              ; 1                 ; 6       ;
;      - teclado_matricial_4x4:U_TECLADO|tecla_valida                   ; 1                 ; 6       ;
;      - teclado_matricial_4x4:U_TECLADO|key_latched[0]                 ; 1                 ; 6       ;
;      - teclado_matricial_4x4:U_TECLADO|key_latched[1]                 ; 1                 ; 6       ;
;      - teclado_matricial_4x4:U_TECLADO|key_latched[2]                 ; 1                 ; 6       ;
;      - teclado_matricial_4x4:U_TECLADO|key_latched[3]                 ; 1                 ; 6       ;
;      - teclado_matricial_4x4:U_TECLADO|col_idx[0]                     ; 1                 ; 6       ;
;      - teclado_matricial_4x4:U_TECLADO|col_idx[1]                     ; 1                 ; 6       ;
;      - contador_horario_180s:U_HORARIO|contador[1]                    ; 1                 ; 6       ;
;      - contador_horario_180s:U_HORARIO|contador[2]                    ; 1                 ; 6       ;
;      - contador_horario_180s:U_HORARIO|contador[3]                    ; 1                 ; 6       ;
;      - contador_horario_180s:U_HORARIO|contador[4]                    ; 1                 ; 6       ;
;      - contador_horario_180s:U_HORARIO|contador[5]                    ; 1                 ; 6       ;
;      - contador_horario_180s:U_HORARIO|contador[6]                    ; 1                 ; 6       ;
;      - contador_horario_180s:U_HORARIO|contador[7]                    ; 1                 ; 6       ;
;      - registro_clave_teclado:U_REGISTRO|contador[0]                  ; 1                 ; 6       ;
;      - registro_clave_teclado:U_REGISTRO|contador[1]                  ; 1                 ; 6       ;
;      - registro_clave_teclado:U_REGISTRO|contador[2]                  ; 1                 ; 6       ;
;      - registro_clave_teclado:U_REGISTRO|d3[0]                        ; 1                 ; 6       ;
;      - registro_clave_teclado:U_REGISTRO|d3[1]                        ; 1                 ; 6       ;
;      - registro_clave_teclado:U_REGISTRO|d3[2]                        ; 1                 ; 6       ;
;      - registro_clave_teclado:U_REGISTRO|d3[3]                        ; 1                 ; 6       ;
;      - registro_clave_teclado:U_REGISTRO|d2[0]                        ; 1                 ; 6       ;
;      - registro_clave_teclado:U_REGISTRO|d2[1]                        ; 1                 ; 6       ;
;      - registro_clave_teclado:U_REGISTRO|d2[2]                        ; 1                 ; 6       ;
;      - registro_clave_teclado:U_REGISTRO|d2[3]                        ; 1                 ; 6       ;
;      - registro_clave_teclado:U_REGISTRO|d1[0]                        ; 1                 ; 6       ;
;      - registro_clave_teclado:U_REGISTRO|d1[1]                        ; 1                 ; 6       ;
;      - registro_clave_teclado:U_REGISTRO|d1[2]                        ; 1                 ; 6       ;
;      - registro_clave_teclado:U_REGISTRO|d1[3]                        ; 1                 ; 6       ;
;      - registro_clave_teclado:U_REGISTRO|d0[0]                        ; 1                 ; 6       ;
;      - registro_clave_teclado:U_REGISTRO|d0[1]                        ; 1                 ; 6       ;
;      - registro_clave_teclado:U_REGISTRO|d0[2]                        ; 1                 ; 6       ;
;      - registro_clave_teclado:U_REGISTRO|d0[3]                        ; 1                 ; 6       ;
;      - gestor_admin:U_ADMIN|ultimo_horario[0]                         ; 1                 ; 6       ;
;      - gestor_admin:U_ADMIN|ultimo_horario[1]                         ; 1                 ; 6       ;
;      - gestor_admin:U_ADMIN|ultimo_horario[2]                         ; 1                 ; 6       ;
;      - gestor_admin:U_ADMIN|ultimo_horario[3]                         ; 1                 ; 6       ;
;      - gestor_admin:U_ADMIN|ultimo_digito[0]                          ; 1                 ; 6       ;
;      - gestor_admin:U_ADMIN|ultimo_digito[1]                          ; 1                 ; 6       ;
;      - gestor_admin:U_ADMIN|ultimo_digito[2]                          ; 1                 ; 6       ;
;      - gestor_admin:U_ADMIN|ultimo_digito[3]                          ; 1                 ; 6       ;
;      - gestor_admin:U_ADMIN|usuario_sel[0]                            ; 1                 ; 6       ;
;      - gestor_admin:U_ADMIN|usuario_sel[1]                            ; 1                 ; 6       ;
;      - comparador_clave_4_digitos:U_GESTOR|base_addr_reg[3]           ; 1                 ; 6       ;
;      - comparador_clave_4_digitos:U_GESTOR|base_addr_reg[4]           ; 1                 ; 6       ;
;      - comparador_clave_4_digitos:U_GESTOR|es_admin                   ; 1                 ; 6       ;
;      - controlador_servo:U_SERVO|servo_pwm                            ; 1                 ; 6       ;
;      - gestor_admin:U_ADMIN|horario_ingresado                         ; 1                 ; 6       ;
;      - gestor_admin:U_ADMIN|write_step[2]                             ; 1                 ; 6       ;
;      - gestor_admin:U_ADMIN|write_step[0]                             ; 1                 ; 6       ;
;      - gestor_admin:U_ADMIN|write_step[1]                             ; 1                 ; 6       ;
;      - gestor_admin:U_ADMIN|dato_i[0]                                 ; 1                 ; 6       ;
;      - gestor_admin:U_ADMIN|dato_i[1]                                 ; 1                 ; 6       ;
;      - gestor_admin:U_ADMIN|dato_i[2]                                 ; 1                 ; 6       ;
;      - gestor_admin:U_ADMIN|dato_i[3]                                 ; 1                 ; 6       ;
;      - gestor_admin:U_ADMIN|we_i                                      ; 1                 ; 6       ;
;      - maquina_estados_principal:U_FSM|estado_actual.IDLE             ; 1                 ; 6       ;
;      - maquina_estados_principal:U_FSM|estado_actual.INGRESO          ; 1                 ; 6       ;
;      - maquina_estados_principal:U_FSM|estado_actual.ABRIR            ; 1                 ; 6       ;
;      - maquina_estados_principal:U_FSM|estado_actual.ERROR_CLAVE      ; 1                 ; 6       ;
;      - maquina_estados_principal:U_FSM|estado_actual.BLOQUEO          ; 1                 ; 6       ;
;      - gestor_admin:U_ADMIN|estado.ESPERA                             ; 1                 ; 6       ;
;      - gestor_admin:U_ADMIN|estado.CLAVE_ADMIN                        ; 1                 ; 6       ;
;      - gestor_admin:U_ADMIN|estado.ADMIN_OK                           ; 1                 ; 6       ;
;      - gestor_admin:U_ADMIN|estado.OP_AGREGAR_USR                     ; 1                 ; 6       ;
;      - gestor_admin:U_ADMIN|estado.OP_AGREGAR_CLV                     ; 1                 ; 6       ;
;      - gestor_admin:U_ADMIN|estado.OP_AGREGAR_HOR                     ; 1                 ; 6       ;
;      - gestor_admin:U_ADMIN|estado.OP_ELIMINAR_USR                    ; 1                 ; 6       ;
;      - temporizador_descendente:U_TIMER_BLOQUEO|contador[5]           ; 1                 ; 6       ;
;      - temporizador_descendente:U_TIMER_BLOQUEO|contador[4]           ; 1                 ; 6       ;
;      - temporizador_descendente:U_TIMER_BLOQUEO|contador[3]           ; 1                 ; 6       ;
;      - temporizador_descendente:U_TIMER_BLOQUEO|contador[2]           ; 1                 ; 6       ;
;      - temporizador_descendente:U_TIMER_BLOQUEO|contador[1]           ; 1                 ; 6       ;
;      - temporizador_descendente:U_TIMER_BLOQUEO|contador[0]           ; 1                 ; 6       ;
;      - temporizador_descendente:U_TIMER_OPEN|contador[5]              ; 1                 ; 6       ;
;      - temporizador_descendente:U_TIMER_OPEN|contador[4]              ; 1                 ; 6       ;
;      - temporizador_descendente:U_TIMER_OPEN|contador[3]              ; 1                 ; 6       ;
;      - temporizador_descendente:U_TIMER_OPEN|contador[2]              ; 1                 ; 6       ;
;      - temporizador_descendente:U_TIMER_OPEN|contador[1]              ; 1                 ; 6       ;
;      - temporizador_descendente:U_TIMER_OPEN|contador[0]              ; 1                 ; 6       ;
;      - controlador_servo:U_SERVO|counter[16]                          ; 1                 ; 6       ;
;      - controlador_servo:U_SERVO|counter[14]                          ; 1                 ; 6       ;
;      - controlador_servo:U_SERVO|counter[10]                          ; 1                 ; 6       ;
;      - controlador_servo:U_SERVO|counter[8]                           ; 1                 ; 6       ;
;      - controlador_servo:U_SERVO|counter[7]                           ; 1                 ; 6       ;
;      - controlador_servo:U_SERVO|counter[6]                           ; 1                 ; 6       ;
;      - controlador_servo:U_SERVO|counter[5]                           ; 1                 ; 6       ;
;      - controlador_servo:U_SERVO|counter[4]                           ; 1                 ; 6       ;
;      - controlador_servo:U_SERVO|counter[9]                           ; 1                 ; 6       ;
;      - controlador_servo:U_SERVO|counter[11]                          ; 1                 ; 6       ;
;      - controlador_servo:U_SERVO|counter[12]                          ; 1                 ; 6       ;
;      - controlador_servo:U_SERVO|counter[13]                          ; 1                 ; 6       ;
;      - controlador_servo:U_SERVO|counter[15]                          ; 1                 ; 6       ;
;      - controlador_servo:U_SERVO|counter[17]                          ; 1                 ; 6       ;
;      - controlador_servo:U_SERVO|counter[18]                          ; 1                 ; 6       ;
;      - controlador_servo:U_SERVO|counter[19]                          ; 1                 ; 6       ;
;      - controlador_servo:U_SERVO|counter[0]                           ; 1                 ; 6       ;
;      - controlador_servo:U_SERVO|counter[1]                           ; 1                 ; 6       ;
;      - controlador_servo:U_SERVO|counter[2]                           ; 1                 ; 6       ;
;      - controlador_servo:U_SERVO|counter[3]                           ; 1                 ; 6       ;
;      - teclado_matricial_4x4:U_TECLADO|release_count[0]               ; 1                 ; 6       ;
;      - teclado_matricial_4x4:U_TECLADO|release_count[1]               ; 1                 ; 6       ;
;      - teclado_matricial_4x4:U_TECLADO|release_count[2]               ; 1                 ; 6       ;
;      - teclado_matricial_4x4:U_TECLADO|release_count[3]               ; 1                 ; 6       ;
;      - teclado_matricial_4x4:U_TECLADO|release_count[4]               ; 1                 ; 6       ;
;      - teclado_matricial_4x4:U_TECLADO|scan_div[15]                   ; 1                 ; 6       ;
;      - teclado_matricial_4x4:U_TECLADO|scan_div[14]                   ; 1                 ; 6       ;
;      - teclado_matricial_4x4:U_TECLADO|scan_div[13]                   ; 1                 ; 6       ;
;      - teclado_matricial_4x4:U_TECLADO|scan_div[12]                   ; 1                 ; 6       ;
;      - teclado_matricial_4x4:U_TECLADO|scan_div[9]                    ; 1                 ; 6       ;
;      - teclado_matricial_4x4:U_TECLADO|scan_div[8]                    ; 1                 ; 6       ;
;      - teclado_matricial_4x4:U_TECLADO|scan_div[11]                   ; 1                 ; 6       ;
;      - teclado_matricial_4x4:U_TECLADO|scan_div[10]                   ; 1                 ; 6       ;
;      - teclado_matricial_4x4:U_TECLADO|scan_div[6]                    ; 1                 ; 6       ;
;      - teclado_matricial_4x4:U_TECLADO|scan_div[4]                    ; 1                 ; 6       ;
;      - teclado_matricial_4x4:U_TECLADO|scan_div[7]                    ; 1                 ; 6       ;
;      - teclado_matricial_4x4:U_TECLADO|scan_div[5]                    ; 1                 ; 6       ;
;      - teclado_matricial_4x4:U_TECLADO|scan_div[3]                    ; 1                 ; 6       ;
;      - teclado_matricial_4x4:U_TECLADO|scan_div[2]                    ; 1                 ; 6       ;
;      - teclado_matricial_4x4:U_TECLADO|scan_div[1]                    ; 1                 ; 6       ;
;      - teclado_matricial_4x4:U_TECLADO|scan_div[0]                    ; 1                 ; 6       ;
;      - comparador_clave_4_digitos:U_GESTOR|hay_usuario                ; 1                 ; 6       ;
;      - ignorar_sensor_s                                               ; 1                 ; 6       ;
;      - comparador_clave_4_digitos:U_GESTOR|estado_rd.LISTO            ; 1                 ; 6       ;
;      - temporizador_descendente:U_TIMER_BLOQUEO|fin                   ; 1                 ; 6       ;
;      - temporizador_descendente:U_TIMER_ERROR|fin                     ; 1                 ; 6       ;
;      - temporizador_descendente:U_TIMER_OPEN|fin                      ; 1                 ; 6       ;
;      - maquina_estados_principal:U_FSM|intentos[1]                    ; 1                 ; 6       ;
;      - comparador_clave_4_digitos:U_GESTOR|horario_ram[1]             ; 1                 ; 6       ;
;      - comparador_clave_4_digitos:U_GESTOR|horario_ram[0]             ; 1                 ; 6       ;
;      - comparador_clave_4_digitos:U_GESTOR|id_ram[7]                  ; 1                 ; 6       ;
;      - comparador_clave_4_digitos:U_GESTOR|id_ram[6]                  ; 1                 ; 6       ;
;      - comparador_clave_4_digitos:U_GESTOR|id_ram[5]                  ; 1                 ; 6       ;
;      - comparador_clave_4_digitos:U_GESTOR|id_ram[4]                  ; 1                 ; 6       ;
;      - comparador_clave_4_digitos:U_GESTOR|id_ram[3]                  ; 1                 ; 6       ;
;      - comparador_clave_4_digitos:U_GESTOR|id_ram[2]                  ; 1                 ; 6       ;
;      - comparador_clave_4_digitos:U_GESTOR|id_ram[1]                  ; 1                 ; 6       ;
;      - comparador_clave_4_digitos:U_GESTOR|id_ram[0]                  ; 1                 ; 6       ;
;      - comparador_clave_4_digitos:U_GESTOR|d0_ram[1]                  ; 1                 ; 6       ;
;      - comparador_clave_4_digitos:U_GESTOR|d0_ram[0]                  ; 1                 ; 6       ;
;      - comparador_clave_4_digitos:U_GESTOR|d0_ram[3]                  ; 1                 ; 6       ;
;      - comparador_clave_4_digitos:U_GESTOR|d0_ram[2]                  ; 1                 ; 6       ;
;      - comparador_clave_4_digitos:U_GESTOR|d1_ram[1]                  ; 1                 ; 6       ;
;      - comparador_clave_4_digitos:U_GESTOR|d1_ram[0]                  ; 1                 ; 6       ;
;      - comparador_clave_4_digitos:U_GESTOR|d1_ram[3]                  ; 1                 ; 6       ;
;      - comparador_clave_4_digitos:U_GESTOR|d1_ram[2]                  ; 1                 ; 6       ;
;      - comparador_clave_4_digitos:U_GESTOR|d2_ram[1]                  ; 1                 ; 6       ;
;      - comparador_clave_4_digitos:U_GESTOR|d2_ram[0]                  ; 1                 ; 6       ;
;      - comparador_clave_4_digitos:U_GESTOR|d2_ram[3]                  ; 1                 ; 6       ;
;      - comparador_clave_4_digitos:U_GESTOR|d2_ram[2]                  ; 1                 ; 6       ;
;      - comparador_clave_4_digitos:U_GESTOR|d3_ram[1]                  ; 1                 ; 6       ;
;      - comparador_clave_4_digitos:U_GESTOR|d3_ram[0]                  ; 1                 ; 6       ;
;      - comparador_clave_4_digitos:U_GESTOR|d3_ram[3]                  ; 1                 ; 6       ;
;      - comparador_clave_4_digitos:U_GESTOR|d3_ram[2]                  ; 1                 ; 6       ;
;      - gestor_admin:U_ADMIN|digito_admin[1]                           ; 1                 ; 6       ;
;      - gestor_admin:U_ADMIN|digito_admin[0]                           ; 1                 ; 6       ;
;      - gestor_admin:U_ADMIN|estado.ESCRIBIENDO                        ; 1                 ; 6       ;
;      - gestor_admin:U_ADMIN|digito_clave[1]                           ; 1                 ; 6       ;
;      - gestor_admin:U_ADMIN|digito_clave[0]                           ; 1                 ; 6       ;
;      - generador_tick_1s:U_TICK|tick_1s                               ; 1                 ; 6       ;
;      - temporizador_descendente:U_TIMER_OPEN|en_marcha                ; 1                 ; 6       ;
;      - temporizador_descendente:U_TIMER_BLOQUEO|en_marcha             ; 1                 ; 6       ;
;      - controlador_servo:U_SERVO|pulse_width[16]                      ; 1                 ; 6       ;
;      - teclado_matricial_4x4:U_TECLADO|key_armed                      ; 1                 ; 6       ;
;      - contador_horario_180s:U_HORARIO|contador[0]                    ; 1                 ; 6       ;
;      - delay_sensor[0]                                                ; 1                 ; 6       ;
;      - delay_sensor[1]                                                ; 1                 ; 6       ;
;      - comparador_clave_4_digitos:U_GESTOR|estado_rd.LEE_D3           ; 1                 ; 6       ;
;      - temporizador_descendente:U_TIMER_ERROR|contador[5]             ; 1                 ; 6       ;
;      - temporizador_descendente:U_TIMER_ERROR|contador[4]             ; 1                 ; 6       ;
;      - temporizador_descendente:U_TIMER_ERROR|contador[3]             ; 1                 ; 6       ;
;      - temporizador_descendente:U_TIMER_ERROR|contador[2]             ; 1                 ; 6       ;
;      - temporizador_descendente:U_TIMER_ERROR|contador[1]             ; 1                 ; 6       ;
;      - temporizador_descendente:U_TIMER_ERROR|contador[0]             ; 1                 ; 6       ;
;      - temporizador_descendente:U_TIMER_ERROR|en_marcha               ; 1                 ; 6       ;
;      - maquina_estados_principal:U_FSM|intentos[0]                    ; 1                 ; 6       ;
;      - gestor_admin:U_ADMIN|addr_i[2]                                 ; 1                 ; 6       ;
;      - comparador_clave_4_digitos:U_GESTOR|addr_rd[2]                 ; 1                 ; 6       ;
;      - gestor_admin:U_ADMIN|addr_i[3]                                 ; 1                 ; 6       ;
;      - comparador_clave_4_digitos:U_GESTOR|addr_rd[3]                 ; 1                 ; 6       ;
;      - gestor_admin:U_ADMIN|addr_i[4]                                 ; 1                 ; 6       ;
;      - comparador_clave_4_digitos:U_GESTOR|addr_rd[4]                 ; 1                 ; 6       ;
;      - gestor_admin:U_ADMIN|addr_i[1]                                 ; 1                 ; 6       ;
;      - comparador_clave_4_digitos:U_GESTOR|addr_rd[1]                 ; 1                 ; 6       ;
;      - gestor_admin:U_ADMIN|addr_i[0]                                 ; 1                 ; 6       ;
;      - comparador_clave_4_digitos:U_GESTOR|addr_rd[0]                 ; 1                 ; 6       ;
;      - comparador_clave_4_digitos:U_GESTOR|addr_rd[5]                 ; 1                 ; 6       ;
;      - comparador_clave_4_digitos:U_GESTOR|estado_rd.LEE_HOR          ; 1                 ; 6       ;
;      - comparador_clave_4_digitos:U_GESTOR|estado_rd.LEE_ID           ; 1                 ; 6       ;
;      - comparador_clave_4_digitos:U_GESTOR|estado_rd.LEE_D0           ; 1                 ; 6       ;
;      - comparador_clave_4_digitos:U_GESTOR|estado_rd.LEE_D1           ; 1                 ; 6       ;
;      - comparador_clave_4_digitos:U_GESTOR|estado_rd.LEE_D2           ; 1                 ; 6       ;
;      - generador_tick_1s:U_TICK|contador[25]                          ; 1                 ; 6       ;
;      - generador_tick_1s:U_TICK|contador[23]                          ; 1                 ; 6       ;
;      - generador_tick_1s:U_TICK|contador[22]                          ; 1                 ; 6       ;
;      - generador_tick_1s:U_TICK|contador[24]                          ; 1                 ; 6       ;
;      - generador_tick_1s:U_TICK|contador[21]                          ; 1                 ; 6       ;
;      - generador_tick_1s:U_TICK|contador[20]                          ; 1                 ; 6       ;
;      - generador_tick_1s:U_TICK|contador[19]                          ; 1                 ; 6       ;
;      - generador_tick_1s:U_TICK|contador[18]                          ; 1                 ; 6       ;
;      - generador_tick_1s:U_TICK|contador[17]                          ; 1                 ; 6       ;
;      - generador_tick_1s:U_TICK|contador[15]                          ; 1                 ; 6       ;
;      - generador_tick_1s:U_TICK|contador[14]                          ; 1                 ; 6       ;
;      - generador_tick_1s:U_TICK|contador[16]                          ; 1                 ; 6       ;
;      - generador_tick_1s:U_TICK|contador[13]                          ; 1                 ; 6       ;
;      - generador_tick_1s:U_TICK|contador[12]                          ; 1                 ; 6       ;
;      - generador_tick_1s:U_TICK|contador[11]                          ; 1                 ; 6       ;
;      - generador_tick_1s:U_TICK|contador[10]                          ; 1                 ; 6       ;
;      - generador_tick_1s:U_TICK|contador[6]                           ; 1                 ; 6       ;
;      - generador_tick_1s:U_TICK|contador[9]                           ; 1                 ; 6       ;
;      - generador_tick_1s:U_TICK|contador[8]                           ; 1                 ; 6       ;
;      - generador_tick_1s:U_TICK|contador[7]                           ; 1                 ; 6       ;
;      - generador_tick_1s:U_TICK|contador[5]                           ; 1                 ; 6       ;
;      - generador_tick_1s:U_TICK|contador[4]                           ; 1                 ; 6       ;
;      - generador_tick_1s:U_TICK|contador[3]                           ; 1                 ; 6       ;
;      - generador_tick_1s:U_TICK|contador[2]                           ; 1                 ; 6       ;
;      - generador_tick_1s:U_TICK|contador[1]                           ; 1                 ; 6       ;
;      - generador_tick_1s:U_TICK|contador[0]                           ; 1                 ; 6       ;
;      - comparador_clave_4_digitos:U_GESTOR|base_addr_reg[1]           ; 1                 ; 6       ;
;      - comparador_clave_4_digitos:U_GESTOR|base_addr_reg[2]           ; 1                 ; 6       ;
;      - comparador_clave_4_digitos:U_GESTOR|estado_rd.ESPERA_SELECCION ; 1                 ; 6       ;
;      - gestor_admin:U_ADMIN|dato_i[4]                                 ; 1                 ; 6       ;
;      - gestor_admin:U_ADMIN|clave_buf[2][0]~3                         ; 1                 ; 6       ;
;      - gestor_admin:U_ADMIN|clave_buf[0][0]~6                         ; 1                 ; 6       ;
;      - gestor_admin:U_ADMIN|horario_buf[0]~0                          ; 1                 ; 6       ;
; INTRUSION_SW                                                          ;                   ;         ;
;      - intrusion_total_s~0                                            ; 0                 ; 6       ;
; SENSOR_PUERTA                                                         ;                   ;         ;
;      - intrusion_total_s~0                                            ; 1                 ; 6       ;
; SALIR_ADMIN                                                           ;                   ;         ;
;      - gestor_admin:U_ADMIN|horario_ingresado                         ; 1                 ; 6       ;
;      - gestor_admin:U_ADMIN|write_step[2]                             ; 1                 ; 6       ;
;      - gestor_admin:U_ADMIN|write_step[0]                             ; 1                 ; 6       ;
;      - gestor_admin:U_ADMIN|write_step[1]                             ; 1                 ; 6       ;
;      - gestor_admin:U_ADMIN|we_i                                      ; 1                 ; 6       ;
;      - gestor_admin:U_ADMIN|estado~37                                 ; 1                 ; 6       ;
;      - gestor_admin:U_ADMIN|estado~39                                 ; 1                 ; 6       ;
;      - gestor_admin:U_ADMIN|estado~40                                 ; 1                 ; 6       ;
;      - gestor_admin:U_ADMIN|estado~43                                 ; 1                 ; 6       ;
;      - gestor_admin:U_ADMIN|estado~45                                 ; 1                 ; 6       ;
;      - gestor_admin:U_ADMIN|estado~47                                 ; 1                 ; 6       ;
;      - gestor_admin:U_ADMIN|usuario_sel[1]~0                          ; 1                 ; 6       ;
;      - gestor_admin:U_ADMIN|ultimo_digito[1]~2                        ; 1                 ; 6       ;
;      - gestor_admin:U_ADMIN|digito_clave[1]~2                         ; 1                 ; 6       ;
;      - gestor_admin:U_ADMIN|ultimo_horario~1                          ; 1                 ; 6       ;
;      - gestor_admin:U_ADMIN|ultimo_horario[3]~2                       ; 1                 ; 6       ;
;      - gestor_admin:U_ADMIN|ultimo_horario~3                          ; 1                 ; 6       ;
;      - gestor_admin:U_ADMIN|ultimo_horario~4                          ; 1                 ; 6       ;
;      - gestor_admin:U_ADMIN|ultimo_horario~5                          ; 1                 ; 6       ;
;      - gestor_admin:U_ADMIN|addr_i[1]                                 ; 1                 ; 6       ;
;      - gestor_admin:U_ADMIN|digito_admin~1                            ; 1                 ; 6       ;
;      - gestor_admin:U_ADMIN|digito_admin[1]~2                         ; 1                 ; 6       ;
;      - gestor_admin:U_ADMIN|digito_admin~3                            ; 1                 ; 6       ;
;      - gestor_admin:U_ADMIN|write_step[2]~2                           ; 1                 ; 6       ;
;      - gestor_admin:U_ADMIN|estado~50                                 ; 1                 ; 6       ;
;      - gestor_admin:U_ADMIN|digito_clave[1]~5                         ; 1                 ; 6       ;
;      - gestor_admin:U_ADMIN|digito_clave[0]~7                         ; 1                 ; 6       ;
;      - gestor_admin:U_ADMIN|addr_i[2]~1                               ; 1                 ; 6       ;
;      - gestor_admin:U_ADMIN|clave_buf[2][0]~3                         ; 1                 ; 6       ;
;      - gestor_admin:U_ADMIN|clave_buf[0][0]~6                         ; 1                 ; 6       ;
;      - gestor_admin:U_ADMIN|horario_buf[0]~0                          ; 1                 ; 6       ;
; FILA[0]                                                               ;                   ;         ;
;      - teclado_matricial_4x4:U_TECLADO|Equal1~0                       ; 1                 ; 6       ;
;      - teclado_matricial_4x4:U_TECLADO|Equal1~1                       ; 1                 ; 6       ;
;      - teclado_matricial_4x4:U_TECLADO|row_index~0                    ; 1                 ; 6       ;
; FILA[1]                                                               ;                   ;         ;
;      - teclado_matricial_4x4:U_TECLADO|Equal1~0                       ; 1                 ; 6       ;
;      - teclado_matricial_4x4:U_TECLADO|Equal1~1                       ; 1                 ; 6       ;
;      - teclado_matricial_4x4:U_TECLADO|row_index~0                    ; 1                 ; 6       ;
; FILA[2]                                                               ;                   ;         ;
;      - teclado_matricial_4x4:U_TECLADO|Equal1~0                       ; 1                 ; 6       ;
;      - teclado_matricial_4x4:U_TECLADO|row_index~0                    ; 1                 ; 6       ;
; FILA[3]                                                               ;                   ;         ;
;      - teclado_matricial_4x4:U_TECLADO|Equal1~0                       ; 0                 ; 6       ;
+-----------------------------------------------------------------------+-------------------+---------+


+--------------------------------------------------------------------------------------------------------------------------------------------------------------------------------------------------+
; Control Signals                                                                                                                                                                                  ;
+--------------------------------------------------------+--------------------+---------+---------------------------+--------+----------------------+------------------+---------------------------+
; Name                                                   ; Location           ; Fan-Out ; Usage                     ; Global ; Global Resource Used ; Global Line Name ; Enable Signal Source Name ;
+--------------------------------------------------------+--------------------+---------+---------------------------+--------+----------------------+------------------+---------------------------+
; CLOCK_50                                               ; PIN_G21            ; 514     ; Clock                     ; yes    ; Global Clock         ; GCLK9            ; --                        ;
; RESET                                                  ; PIN_J6             ; 226     ; Async. clear              ; no     ; --                   ; --               ; --                        ;
; SALIR_ADMIN                                            ; PIN_E4             ; 31      ; Clock enable, Sync. clear ; no     ; --                   ; --               ; --                        ;
; comparador_clave_4_digitos:U_GESTOR|addr_rd[2]~9       ; LCCOMB_X21_Y17_N28 ; 3       ; Clock enable              ; no     ; --                   ; --               ; --                        ;
; comparador_clave_4_digitos:U_GESTOR|base_addr_reg[4]~1 ; LCCOMB_X22_Y16_N4  ; 6       ; Clock enable              ; no     ; --                   ; --               ; --                        ;
; comparador_clave_4_digitos:U_GESTOR|d0_ram[3]~0        ; LCCOMB_X22_Y20_N10 ; 5       ; Clock enable              ; no     ; --                   ; --               ; --                        ;
; comparador_clave_4_digitos:U_GESTOR|d1_ram[3]~0        ; LCCOMB_X23_Y16_N14 ; 5       ; Clock enable              ; no     ; --                   ; --               ; --                        ;
; comparador_clave_4_digitos:U_GESTOR|d2_ram[3]~0        ; LCCOMB_X22_Y18_N16 ; 5       ; Clock enable              ; no     ; --                   ; --               ; --                        ;
; comparador_clave_4_digitos:U_GESTOR|d3_ram[3]~0        ; LCCOMB_X22_Y18_N22 ; 4       ; Clock enable              ; no     ; --                   ; --               ; --                        ;
; comparador_clave_4_digitos:U_GESTOR|horario_ram[0]~0   ; LCCOMB_X22_Y20_N16 ; 3       ; Clock enable              ; no     ; --                   ; --               ; --                        ;
; comparador_clave_4_digitos:U_GESTOR|id_ram[7]~0        ; LCCOMB_X22_Y17_N24 ; 9       ; Clock enable              ; no     ; --                   ; --               ; --                        ;
; controlador_servo:U_SERVO|LessThan0~6                  ; LCCOMB_X15_Y17_N22 ; 20      ; Sync. clear               ; no     ; --                   ; --               ; --                        ;
; delay_sensor[0]~1                                      ; LCCOMB_X19_Y17_N24 ; 2       ; Clock enable              ; no     ; --                   ; --               ; --                        ;
; generador_tick_1s:U_TICK|tick_1s                       ; FF_X19_Y17_N17     ; 19      ; Clock enable              ; no     ; --                   ; --               ; --                        ;
; gestor_admin:U_ADMIN|addr_i[2]~1                       ; LCCOMB_X17_Y20_N12 ; 9       ; Clock enable              ; no     ; --                   ; --               ; --                        ;
; gestor_admin:U_ADMIN|clave_buf[0][0]~7                 ; LCCOMB_X16_Y20_N22 ; 4       ; Clock enable              ; no     ; --                   ; --               ; --                        ;
; gestor_admin:U_ADMIN|clave_buf[1][0]~8                 ; LCCOMB_X16_Y20_N26 ; 4       ; Clock enable              ; no     ; --                   ; --               ; --                        ;
; gestor_admin:U_ADMIN|clave_buf[2][0]~4                 ; LCCOMB_X17_Y20_N18 ; 4       ; Clock enable              ; no     ; --                   ; --               ; --                        ;
; gestor_admin:U_ADMIN|clave_buf[3][0]~9                 ; LCCOMB_X17_Y20_N22 ; 4       ; Clock enable              ; no     ; --                   ; --               ; --                        ;
; gestor_admin:U_ADMIN|digito_admin[1]~2                 ; LCCOMB_X17_Y19_N20 ; 2       ; Clock enable              ; no     ; --                   ; --               ; --                        ;
; gestor_admin:U_ADMIN|estado.OP_ELIMINAR_USR            ; FF_X15_Y19_N23     ; 17      ; Sync. load                ; no     ; --                   ; --               ; --                        ;
; gestor_admin:U_ADMIN|horario_buf[0]~0                  ; LCCOMB_X17_Y21_N16 ; 2       ; Clock enable              ; no     ; --                   ; --               ; --                        ;
; gestor_admin:U_ADMIN|ultimo_digito[1]~8                ; LCCOMB_X17_Y18_N30 ; 4       ; Clock enable              ; no     ; --                   ; --               ; --                        ;
; gestor_admin:U_ADMIN|ultimo_horario[3]~2               ; LCCOMB_X20_Y20_N0  ; 4       ; Clock enable              ; no     ; --                   ; --               ; --                        ;
; gestor_admin:U_ADMIN|usuario_sel[1]~0                  ; LCCOMB_X17_Y18_N26 ; 2       ; Clock enable              ; no     ; --                   ; --               ; --                        ;
; gestor_admin:U_ADMIN|write_step[2]~2                   ; LCCOMB_X17_Y19_N8  ; 2       ; Clock enable              ; no     ; --                   ; --               ; --                        ;
; maquina_estados_principal:U_FSM|activar_alarma~0       ; LCCOMB_X20_Y19_N20 ; 18      ; Async. clear              ; no     ; --                   ; --               ; --                        ;
; maquina_estados_principal:U_FSM|iniciar_apertura~0     ; LCCOMB_X21_Y16_N20 ; 9       ; Sync. load                ; no     ; --                   ; --               ; --                        ;
; maquina_estados_principal:U_FSM|iniciar_bloqueo~3      ; LCCOMB_X24_Y16_N28 ; 9       ; Sync. load                ; no     ; --                   ; --               ; --                        ;
; memoria_completa:U_MEMORIA|RAM:U_RAM|mem~433           ; LCCOMB_X20_Y21_N4  ; 8       ; Clock enable              ; no     ; --                   ; --               ; --                        ;
; memoria_completa:U_MEMORIA|RAM:U_RAM|mem~435           ; LCCOMB_X19_Y20_N20 ; 8       ; Clock enable              ; no     ; --                   ; --               ; --                        ;
; memoria_completa:U_MEMORIA|RAM:U_RAM|mem~437           ; LCCOMB_X19_Y20_N28 ; 8       ; Clock enable              ; no     ; --                   ; --               ; --                        ;
; memoria_completa:U_MEMORIA|RAM:U_RAM|mem~439           ; LCCOMB_X19_Y21_N12 ; 8       ; Clock enable              ; no     ; --                   ; --               ; --                        ;
; memoria_completa:U_MEMORIA|RAM:U_RAM|mem~441           ; LCCOMB_X20_Y21_N14 ; 8       ; Clock enable              ; no     ; --                   ; --               ; --                        ;
; memoria_completa:U_MEMORIA|RAM:U_RAM|mem~443           ; LCCOMB_X22_Y21_N30 ; 8       ; Clock enable              ; no     ; --                   ; --               ; --                        ;
; memoria_completa:U_MEMORIA|RAM:U_RAM|mem~445           ; LCCOMB_X23_Y21_N24 ; 8       ; Clock enable              ; no     ; --                   ; --               ; --                        ;
; memoria_completa:U_MEMORIA|RAM:U_RAM|mem~447           ; LCCOMB_X23_Y21_N12 ; 8       ; Clock enable              ; no     ; --                   ; --               ; --                        ;
; memoria_completa:U_MEMORIA|RAM:U_RAM|mem~449           ; LCCOMB_X26_Y19_N0  ; 8       ; Clock enable              ; no     ; --                   ; --               ; --                        ;
; memoria_completa:U_MEMORIA|RAM:U_RAM|mem~451           ; LCCOMB_X20_Y22_N28 ; 8       ; Clock enable              ; no     ; --                   ; --               ; --                        ;
; memoria_completa:U_MEMORIA|RAM:U_RAM|mem~453           ; LCCOMB_X24_Y19_N8  ; 8       ; Clock enable              ; no     ; --                   ; --               ; --                        ;
; memoria_completa:U_MEMORIA|RAM:U_RAM|mem~455           ; LCCOMB_X24_Y19_N18 ; 8       ; Clock enable              ; no     ; --                   ; --               ; --                        ;
; memoria_completa:U_MEMORIA|RAM:U_RAM|mem~457           ; LCCOMB_X26_Y20_N12 ; 8       ; Clock enable              ; no     ; --                   ; --               ; --                        ;
; memoria_completa:U_MEMORIA|RAM:U_RAM|mem~459           ; LCCOMB_X24_Y22_N24 ; 8       ; Clock enable              ; no     ; --                   ; --               ; --                        ;
; memoria_completa:U_MEMORIA|RAM:U_RAM|mem~461           ; LCCOMB_X24_Y22_N4  ; 8       ; Clock enable              ; no     ; --                   ; --               ; --                        ;
; memoria_completa:U_MEMORIA|RAM:U_RAM|mem~463           ; LCCOMB_X23_Y22_N28 ; 8       ; Clock enable              ; no     ; --                   ; --               ; --                        ;
; memoria_completa:U_MEMORIA|RAM:U_RAM|mem~465           ; LCCOMB_X20_Y23_N24 ; 8       ; Clock enable              ; no     ; --                   ; --               ; --                        ;
; memoria_completa:U_MEMORIA|RAM:U_RAM|mem~466           ; LCCOMB_X20_Y22_N0  ; 8       ; Clock enable              ; no     ; --                   ; --               ; --                        ;
; memoria_completa:U_MEMORIA|RAM:U_RAM|mem~467           ; LCCOMB_X21_Y20_N24 ; 8       ; Clock enable              ; no     ; --                   ; --               ; --                        ;
; memoria_completa:U_MEMORIA|RAM:U_RAM|mem~468           ; LCCOMB_X21_Y22_N14 ; 8       ; Clock enable              ; no     ; --                   ; --               ; --                        ;
; memoria_completa:U_MEMORIA|RAM:U_RAM|mem~469           ; LCCOMB_X22_Y21_N0  ; 8       ; Clock enable              ; no     ; --                   ; --               ; --                        ;
; memoria_completa:U_MEMORIA|RAM:U_RAM|mem~470           ; LCCOMB_X23_Y19_N30 ; 8       ; Clock enable              ; no     ; --                   ; --               ; --                        ;
; memoria_completa:U_MEMORIA|RAM:U_RAM|mem~471           ; LCCOMB_X21_Y21_N14 ; 8       ; Clock enable              ; no     ; --                   ; --               ; --                        ;
; memoria_completa:U_MEMORIA|RAM:U_RAM|mem~472           ; LCCOMB_X21_Y21_N26 ; 8       ; Clock enable              ; no     ; --                   ; --               ; --                        ;
; memoria_completa:U_MEMORIA|RAM:U_RAM|mem~473           ; LCCOMB_X22_Y22_N0  ; 8       ; Clock enable              ; no     ; --                   ; --               ; --                        ;
; memoria_completa:U_MEMORIA|RAM:U_RAM|mem~474           ; LCCOMB_X22_Y23_N26 ; 8       ; Clock enable              ; no     ; --                   ; --               ; --                        ;
; memoria_completa:U_MEMORIA|RAM:U_RAM|mem~475           ; LCCOMB_X22_Y19_N28 ; 8       ; Clock enable              ; no     ; --                   ; --               ; --                        ;
; memoria_completa:U_MEMORIA|RAM:U_RAM|mem~476           ; LCCOMB_X21_Y23_N22 ; 8       ; Clock enable              ; no     ; --                   ; --               ; --                        ;
; memoria_completa:U_MEMORIA|RAM:U_RAM|mem~477           ; LCCOMB_X22_Y23_N16 ; 8       ; Clock enable              ; no     ; --                   ; --               ; --                        ;
; memoria_completa:U_MEMORIA|RAM:U_RAM|mem~478           ; LCCOMB_X23_Y23_N22 ; 8       ; Clock enable              ; no     ; --                   ; --               ; --                        ;
; memoria_completa:U_MEMORIA|RAM:U_RAM|mem~479           ; LCCOMB_X23_Y23_N2  ; 8       ; Clock enable              ; no     ; --                   ; --               ; --                        ;
; memoria_completa:U_MEMORIA|RAM:U_RAM|mem~480           ; LCCOMB_X24_Y23_N18 ; 8       ; Clock enable              ; no     ; --                   ; --               ; --                        ;
; registro_clave_teclado:U_REGISTRO|contador[1]~7        ; LCCOMB_X23_Y18_N6  ; 18      ; Clock enable              ; no     ; --                   ; --               ; --                        ;
; teclado_matricial_4x4:U_TECLADO|Equal0~4               ; LCCOMB_X23_Y15_N22 ; 12      ; Clock enable              ; no     ; --                   ; --               ; --                        ;
; teclado_matricial_4x4:U_TECLADO|Equal1~0               ; LCCOMB_X24_Y15_N24 ; 8       ; Sync. clear               ; no     ; --                   ; --               ; --                        ;
; teclado_matricial_4x4:U_TECLADO|release_count[4]~15    ; LCCOMB_X24_Y15_N8  ; 5       ; Clock enable              ; no     ; --                   ; --               ; --                        ;
; teclado_matricial_4x4:U_TECLADO|tecla_valida~0         ; LCCOMB_X21_Y15_N0  ; 5       ; Clock enable              ; no     ; --                   ; --               ; --                        ;
; temporizador_descendente:U_TIMER_BLOQUEO|contador[0]~8 ; LCCOMB_X24_Y16_N4  ; 6       ; Clock enable              ; no     ; --                   ; --               ; --                        ;
; temporizador_descendente:U_TIMER_ERROR|contador[2]~1   ; LCCOMB_X27_Y16_N4  ; 6       ; Clock enable              ; no     ; --                   ; --               ; --                        ;
; temporizador_descendente:U_TIMER_OPEN|contador[0]~8    ; LCCOMB_X26_Y16_N10 ; 6       ; Clock enable              ; no     ; --                   ; --               ; --                        ;
+--------------------------------------------------------+--------------------+---------+---------------------------+--------+----------------------+------------------+---------------------------+


+--------------------------------------------------------------------------------------------------------------------------------------------+
; Global & Other Fast Signals                                                                                                                ;
+----------+----------+---------+--------------------------------------+----------------------+------------------+---------------------------+
; Name     ; Location ; Fan-Out ; Fan-Out Using Intentional Clock Skew ; Global Resource Used ; Global Line Name ; Enable Signal Source Name ;
+----------+----------+---------+--------------------------------------+----------------------+------------------+---------------------------+
; CLOCK_50 ; PIN_G21  ; 514     ; 32                                   ; Global Clock         ; GCLK9            ; --                        ;
+----------+----------+---------+--------------------------------------+----------------------+------------------+---------------------------+


+--------------------------------------------------------------------------------------------------------------------------------------+
; Non-Global High Fan-Out Signals                                                                                                      ;
+----------------------------------------------------------------------------------------------------------------------------+---------+
; Name                                                                                                                       ; Fan-Out ;
+----------------------------------------------------------------------------------------------------------------------------+---------+
; RESET~input                                                                                                                ; 226     ;
; mem_data_in_s[7]~2                                                                                                         ; 128     ;
; mem_address_s[1]~3                                                                                                         ; 83      ;
; mem_address_s[0]~4                                                                                                         ; 79      ;
; mem_address_s[3]~1                                                                                                         ; 79      ;
; mem_address_s[2]~0                                                                                                         ; 79      ;
; gestor_admin:U_ADMIN|estado.ESPERA                                                                                         ; 55      ;
; maquina_estados_principal:U_FSM|estado_actual.INGRESO                                                                      ; 39      ;
; mem_data_in_s[2]~4                                                                                                         ; 32      ;
; mem_data_in_s[3]~3                                                                                                         ; 32      ;
; mem_data_in_s[0]~1                                                                                                         ; 32      ;
; mem_data_in_s[1]~0                                                                                                         ; 32      ;
; registro_clave_teclado:U_REGISTRO|contador~4                                                                               ; 32      ;
; SALIR_ADMIN~input                                                                                                          ; 31      ;
; maquina_estados_principal:U_FSM|estado_actual.BLOQUEO                                                                      ; 29      ;
; maquina_estados_principal:U_FSM|estado_actual.ABRIR                                                                        ; 25      ;
; maquina_estados_principal:U_FSM|volver_idle~1                                                                              ; 24      ;
; teclado_matricial_4x4:U_TECLADO|tecla_valida                                                                               ; 21      ;
; controlador_servo:U_SERVO|LessThan0~6                                                                                      ; 20      ;
; teclado_matricial_4x4:U_TECLADO|key_latched[3]                                                                             ; 20      ;
; generador_tick_1s:U_TICK|tick_1s                                                                                           ; 19      ;
; teclado_matricial_4x4:U_TECLADO|key_latched[1]                                                                             ; 19      ;
; teclado_matricial_4x4:U_TECLADO|key_latched[2]                                                                             ; 19      ;
; maquina_estados_principal:U_FSM|estado_actual.ERROR_CLAVE                                                                  ; 19      ;
; registro_clave_teclado:U_REGISTRO|contador[1]~7                                                                            ; 18      ;
; maquina_estados_principal:U_FSM|activar_alarma~0                                                                           ; 18      ;
; gestor_admin:U_ADMIN|usuario_sel[0]                                                                                        ; 18      ;
; Equal5~0                                                                                                                   ; 18      ;
; gestor_admin:U_ADMIN|estado.OP_ELIMINAR_USR                                                                                ; 17      ;
; gestor_admin:U_ADMIN|write_step[2]                                                                                         ; 17      ;
; memoria_completa:U_MEMORIA|RAM:U_RAM|mem~464                                                                               ; 16      ;
; memoria_completa:U_MEMORIA|RAM:U_RAM|mem~431                                                                               ; 16      ;
; comparador_clave_4_digitos:U_GESTOR|es_admin                                                                               ; 16      ;
; gestor_admin:U_ADMIN|Equal4~0                                                                                              ; 15      ;
; gestor_admin:U_ADMIN|usuario_sel[1]                                                                                        ; 15      ;
; mem_address_s[4]~2                                                                                                         ; 14      ;
; gestor_admin:U_ADMIN|estado.OP_AGREGAR_CLV                                                                                 ; 14      ;
; HEX3~4                                                                                                                     ; 14      ;
; generador_tick_1s:U_TICK|Equal0~8                                                                                          ; 13      ;
; contador_horario_180s:U_HORARIO|contador[7]                                                                                ; 13      ;
; teclado_matricial_4x4:U_TECLADO|key_latched[0]                                                                             ; 13      ;
; gestor_admin:U_ADMIN|write_step[0]                                                                                         ; 13      ;
; gestor_admin:U_ADMIN|estado.ESCRIBIENDO                                                                                    ; 12      ;
; teclado_matricial_4x4:U_TECLADO|Equal0~4                                                                                   ; 12      ;
; gestor_admin:U_ADMIN|admin_hex0_es_num~0                                                                                   ; 12      ;
; gestor_admin:U_ADMIN|admin_hex1~0                                                                                          ; 11      ;
; gestor_admin:U_ADMIN|estado.ADMIN_OK                                                                                       ; 11      ;
; gestor_admin:U_ADMIN|estado.CLAVE_ADMIN                                                                                    ; 11      ;
; gestor_admin:U_ADMIN|estado.OP_AGREGAR_HOR                                                                                 ; 11      ;
; gestor_admin:U_ADMIN|write_step[1]                                                                                         ; 11      ;
; lpm_divide:Mod1|lpm_divide_d8m:auto_generated|sign_div_unsign_bkh:divider|alt_u_div_13f:divider|add_sub_4_result_int[5]~8  ; 11      ;
; lpm_divide:Mod1|lpm_divide_d8m:auto_generated|sign_div_unsign_bkh:divider|alt_u_div_13f:divider|add_sub_3_result_int[4]~6  ; 11      ;
; lpm_divide:Mod0|lpm_divide_d8m:auto_generated|sign_div_unsign_bkh:divider|alt_u_div_13f:divider|add_sub_3_result_int[4]~6  ; 11      ;
; intrusion_total_s~0                                                                                                        ; 10      ;
; registro_clave_teclado:U_REGISTRO|d2[3]                                                                                    ; 10      ;
; registro_clave_teclado:U_REGISTRO|d2[2]                                                                                    ; 10      ;
; registro_clave_teclado:U_REGISTRO|d2[1]                                                                                    ; 10      ;
; registro_clave_teclado:U_REGISTRO|d2[0]                                                                                    ; 10      ;
; registro_clave_teclado:U_REGISTRO|d1[3]                                                                                    ; 10      ;
; registro_clave_teclado:U_REGISTRO|d1[2]                                                                                    ; 10      ;
; registro_clave_teclado:U_REGISTRO|d1[1]                                                                                    ; 10      ;
; registro_clave_teclado:U_REGISTRO|d1[0]                                                                                    ; 10      ;
; registro_clave_teclado:U_REGISTRO|d0[3]                                                                                    ; 10      ;
; registro_clave_teclado:U_REGISTRO|d0[2]                                                                                    ; 10      ;
; registro_clave_teclado:U_REGISTRO|d0[1]                                                                                    ; 10      ;
; registro_clave_teclado:U_REGISTRO|d0[0]                                                                                    ; 10      ;
; comparador_clave_4_digitos:U_GESTOR|base_addr_reg[3]                                                                       ; 10      ;
; teclado_matricial_4x4:U_TECLADO|col_idx[0]                                                                                 ; 10      ;
; lpm_divide:Mod0|lpm_divide_d8m:auto_generated|sign_div_unsign_bkh:divider|alt_u_div_13f:divider|add_sub_4_result_int[5]~8  ; 10      ;
; gestor_admin:U_ADMIN|addr_i[2]~1                                                                                           ; 9       ;
; comparador_clave_4_digitos:U_GESTOR|id_ram[7]~0                                                                            ; 9       ;
; comparador_clave_4_digitos:U_GESTOR|addr_rd[5]                                                                             ; 9       ;
; maquina_estados_principal:U_FSM|iniciar_bloqueo~3                                                                          ; 9       ;
; maquina_estados_principal:U_FSM|iniciar_apertura~0                                                                         ; 9       ;
; registro_clave_teclado:U_REGISTRO|contador~5                                                                               ; 9       ;
; maquina_estados_principal:U_FSM|Selector7~11                                                                               ; 9       ;
; gestor_admin:U_ADMIN|estado~37                                                                                             ; 9       ;
; gestor_admin:U_ADMIN|estado~28                                                                                             ; 9       ;
; gestor_admin:U_ADMIN|digito_clave[0]                                                                                       ; 9       ;
; comparador_clave_4_digitos:U_GESTOR|hay_usuario                                                                            ; 9       ;
; registro_clave_teclado:U_REGISTRO|d3[3]                                                                                    ; 9       ;
; registro_clave_teclado:U_REGISTRO|d3[2]                                                                                    ; 9       ;
; registro_clave_teclado:U_REGISTRO|d3[1]                                                                                    ; 9       ;
; registro_clave_teclado:U_REGISTRO|d3[0]                                                                                    ; 9       ;
; HEX0~5                                                                                                                     ; 9       ;
; teclado_matricial_4x4:U_TECLADO|col_idx[1]                                                                                 ; 9       ;
; ~GND                                                                                                                       ; 8       ;
; memoria_completa:U_MEMORIA|RAM:U_RAM|mem~480                                                                               ; 8       ;
; memoria_completa:U_MEMORIA|RAM:U_RAM|mem~479                                                                               ; 8       ;
; memoria_completa:U_MEMORIA|RAM:U_RAM|mem~478                                                                               ; 8       ;
; memoria_completa:U_MEMORIA|RAM:U_RAM|mem~477                                                                               ; 8       ;
; memoria_completa:U_MEMORIA|RAM:U_RAM|mem~476                                                                               ; 8       ;
; memoria_completa:U_MEMORIA|RAM:U_RAM|mem~475                                                                               ; 8       ;
; memoria_completa:U_MEMORIA|RAM:U_RAM|mem~474                                                                               ; 8       ;
; memoria_completa:U_MEMORIA|RAM:U_RAM|mem~473                                                                               ; 8       ;
; memoria_completa:U_MEMORIA|RAM:U_RAM|mem~472                                                                               ; 8       ;
; memoria_completa:U_MEMORIA|RAM:U_RAM|mem~471                                                                               ; 8       ;
; memoria_completa:U_MEMORIA|RAM:U_RAM|mem~470                                                                               ; 8       ;
; memoria_completa:U_MEMORIA|RAM:U_RAM|mem~469                                                                               ; 8       ;
; memoria_completa:U_MEMORIA|RAM:U_RAM|mem~468                                                                               ; 8       ;
; memoria_completa:U_MEMORIA|RAM:U_RAM|mem~467                                                                               ; 8       ;
; memoria_completa:U_MEMORIA|RAM:U_RAM|mem~466                                                                               ; 8       ;
; memoria_completa:U_MEMORIA|RAM:U_RAM|mem~465                                                                               ; 8       ;
; memoria_completa:U_MEMORIA|RAM:U_RAM|mem~463                                                                               ; 8       ;
; memoria_completa:U_MEMORIA|RAM:U_RAM|mem~461                                                                               ; 8       ;
; memoria_completa:U_MEMORIA|RAM:U_RAM|mem~459                                                                               ; 8       ;
; memoria_completa:U_MEMORIA|RAM:U_RAM|mem~457                                                                               ; 8       ;
; memoria_completa:U_MEMORIA|RAM:U_RAM|mem~455                                                                               ; 8       ;
; memoria_completa:U_MEMORIA|RAM:U_RAM|mem~453                                                                               ; 8       ;
; memoria_completa:U_MEMORIA|RAM:U_RAM|mem~451                                                                               ; 8       ;
; memoria_completa:U_MEMORIA|RAM:U_RAM|mem~449                                                                               ; 8       ;
; memoria_completa:U_MEMORIA|RAM:U_RAM|mem~447                                                                               ; 8       ;
; memoria_completa:U_MEMORIA|RAM:U_RAM|mem~445                                                                               ; 8       ;
; memoria_completa:U_MEMORIA|RAM:U_RAM|mem~443                                                                               ; 8       ;
; memoria_completa:U_MEMORIA|RAM:U_RAM|mem~441                                                                               ; 8       ;
; memoria_completa:U_MEMORIA|RAM:U_RAM|mem~439                                                                               ; 8       ;
; memoria_completa:U_MEMORIA|RAM:U_RAM|mem~437                                                                               ; 8       ;
; memoria_completa:U_MEMORIA|RAM:U_RAM|mem~435                                                                               ; 8       ;
; memoria_completa:U_MEMORIA|RAM:U_RAM|mem~433                                                                               ; 8       ;
; memoria_completa:U_MEMORIA|data_out[1]~1                                                                                   ; 8       ;
; teclado_matricial_4x4:U_TECLADO|Equal1~0                                                                                   ; 8       ;
; controlador_buzzer:U_BUZZER|Equal0~4                                                                                       ; 8       ;
; registro_clave_teclado:U_REGISTRO|contador[1]~6                                                                            ; 8       ;
; gestor_admin:U_ADMIN|digito_clave[1]                                                                                       ; 8       ;
; contador_horario_180s:U_HORARIO|contador[6]                                                                                ; 8       ;
; Mux5~0                                                                                                                     ; 8       ;
; comparador_clave_4_digitos:U_GESTOR|base_addr_reg[4]                                                                       ; 8       ;
; unidad_temp[3]~14                                                                                                          ; 7       ;
; unidad_temp[2]~12                                                                                                          ; 7       ;
; unidad_temp[1]~11                                                                                                          ; 7       ;
; comparador_clave_4_digitos:U_GESTOR|estado_rd.ESPERA_SELECCION                                                             ; 7       ;
; comparador_clave_4_digitos:U_GESTOR|base_addr_reg[2]                                                                       ; 7       ;
; maquina_estados_principal:U_FSM|iniciar_error~1                                                                            ; 7       ;
; maquina_estados_principal:U_FSM|estado_actual.IDLE                                                                         ; 7       ;
; gestor_admin:U_ADMIN|admin_hex0_num[3]~3                                                                                   ; 7       ;
; gestor_admin:U_ADMIN|admin_hex0_num[2]~2                                                                                   ; 7       ;
; gestor_admin:U_ADMIN|admin_hex0_num[1]~1                                                                                   ; 7       ;
; gestor_admin:U_ADMIN|admin_hex0_num[0]~0                                                                                   ; 7       ;
; unidad_temp[0]~4                                                                                                           ; 7       ;
; gestor_admin:U_ADMIN|estado.OP_AGREGAR_USR                                                                                 ; 7       ;
; registro_clave_teclado:U_REGISTRO|contador[2]                                                                              ; 7       ;
; HEX0~4                                                                                                                     ; 7       ;
; temporizador_descendente:U_TIMER_ERROR|contador[2]~1                                                                       ; 6       ;
; memoria_completa:U_MEMORIA|data_out[0]~6                                                                                   ; 6       ;
; memoria_completa:U_MEMORIA|data_out[1]~3                                                                                   ; 6       ;
; temporizador_descendente:U_TIMER_BLOQUEO|contador[0]~8                                                                     ; 6       ;
; temporizador_descendente:U_TIMER_OPEN|contador[0]~8                                                                        ; 6       ;
; comparador_clave_4_digitos:U_GESTOR|base_addr_reg[4]~1                                                                     ; 6       ;
; contador_horario_180s:U_HORARIO|Equal0~0                                                                                   ; 6       ;
; contador_horario_180s:U_HORARIO|contador[3]                                                                                ; 6       ;
; HEX3~6                                                                                                                     ; 6       ;
; HEX3~5                                                                                                                     ; 6       ;
; gestor_admin:U_ADMIN|admin_hex0_cod~0                                                                                      ; 6       ;
; registro_clave_teclado:U_REGISTRO|contador[0]                                                                              ; 6       ;
; maquina_estados_principal:U_FSM|estado_out[0]                                                                              ; 6       ;
; HEX0~39                                                                                                                    ; 5       ;
; teclado_matricial_4x4:U_TECLADO|release_count[4]~15                                                                        ; 5       ;
; comparador_clave_4_digitos:U_GESTOR|addr_rd~6                                                                              ; 5       ;
; comparador_clave_4_digitos:U_GESTOR|base_addr_reg[1]                                                                       ; 5       ;
; comparador_clave_4_digitos:U_GESTOR|d2_ram[3]~0                                                                            ; 5       ;
; comparador_clave_4_digitos:U_GESTOR|d1_ram[3]~0                                                                            ; 5       ;
; comparador_clave_4_digitos:U_GESTOR|d0_ram[3]~0                                                                            ; 5       ;
; memoria_completa:U_MEMORIA|data_out[2]~20                                                                                  ; 5       ;
; memoria_completa:U_MEMORIA|data_out[3]~18                                                                                  ; 5       ;
; memoria_completa:U_MEMORIA|data_out[2]~7                                                                                   ; 5       ;
; contador_horario_180s:U_HORARIO|Equal0~1                                                                                   ; 5       ;
; teclado_matricial_4x4:U_TECLADO|tecla_valida~0                                                                             ; 5       ;
; gestor_admin:U_ADMIN|Selector40~0                                                                                          ; 5       ;
; gestor_admin:U_ADMIN|ultimo_horario[3]~0                                                                                   ; 5       ;
; maquina_estados_principal:U_FSM|estado_siguiente.BLOQUEO~4                                                                 ; 5       ;
; maquina_estados_principal:U_FSM|intentos[1]                                                                                ; 5       ;
; contador_horario_180s:U_HORARIO|horario[0]~4                                                                               ; 5       ;
; contador_horario_180s:U_HORARIO|horario[1]~0                                                                               ; 5       ;
; contador_horario_180s:U_HORARIO|contador[4]                                                                                ; 5       ;
; contador_horario_180s:U_HORARIO|contador[5]                                                                                ; 5       ;
; registro_clave_teclado:U_REGISTRO|contador[1]                                                                              ; 5       ;
; controlador_servo:U_SERVO|counter[10]                                                                                      ; 5       ;
; temporizador_descendente:U_TIMER_BLOQUEO|contador[2]                                                                       ; 5       ;
; temporizador_descendente:U_TIMER_BLOQUEO|contador[3]                                                                       ; 5       ;
; temporizador_descendente:U_TIMER_BLOQUEO|contador[4]                                                                       ; 5       ;
; temporizador_descendente:U_TIMER_BLOQUEO|contador[5]                                                                       ; 5       ;
; temporizador_descendente:U_TIMER_BLOQUEO|contador[1]                                                                       ; 5       ;
; temporizador_descendente:U_TIMER_OPEN|contador[2]                                                                          ; 5       ;
; temporizador_descendente:U_TIMER_OPEN|contador[3]                                                                          ; 5       ;
; temporizador_descendente:U_TIMER_OPEN|contador[4]                                                                          ; 5       ;
; temporizador_descendente:U_TIMER_OPEN|contador[5]                                                                          ; 5       ;
; temporizador_descendente:U_TIMER_OPEN|contador[1]                                                                          ; 5       ;
; gestor_admin:U_ADMIN|clave_buf[3][0]~9                                                                                     ; 4       ;
; gestor_admin:U_ADMIN|ultimo_digito[1]~8                                                                                    ; 4       ;
; HEX0~38                                                                                                                    ; 4       ;
; gestor_admin:U_ADMIN|clave_buf[1][0]~8                                                                                     ; 4       ;
; gestor_admin:U_ADMIN|clave_buf[0][0]~7                                                                                     ; 4       ;
; gestor_admin:U_ADMIN|clave_buf[2][0]~4                                                                                     ; 4       ;
; comparador_clave_4_digitos:U_GESTOR|addr_rd~11                                                                             ; 4       ;
; comparador_clave_4_digitos:U_GESTOR|d3_ram[3]~0                                                                            ; 4       ;
; comparador_clave_4_digitos:U_GESTOR|estado_rd.LEE_ID                                                                       ; 4       ;
; comparador_clave_4_digitos:U_GESTOR|estado_rd.LEE_HOR                                                                      ; 4       ;
; comparador_clave_4_digitos:U_GESTOR|estado_rd.LEE_D3                                                                       ; 4       ;
; teclado_matricial_4x4:U_TECLADO|row_index~0                                                                                ; 4       ;
; teclado_matricial_4x4:U_TECLADO|Equal1~1                                                                                   ; 4       ;
; gestor_admin:U_ADMIN|ultimo_horario[3]~2                                                                                   ; 4       ;
; gestor_admin:U_ADMIN|ultimo_digito[1]~2                                                                                    ; 4       ;
; gestor_admin:U_ADMIN|Equal2~0                                                                                              ; 4       ;
; gestor_admin:U_ADMIN|Equal0~1                                                                                              ; 4       ;
; gestor_admin:U_ADMIN|process_0~0                                                                                           ; 4       ;
; gestor_admin:U_ADMIN|digito_admin[0]                                                                                       ; 4       ;
; gestor_admin:U_ADMIN|digito_admin[1]                                                                                       ; 4       ;
; maquina_estados_principal:U_FSM|Selector2~16                                                                               ; 4       ;
; maquina_estados_principal:U_FSM|estado_siguiente.ERROR_CLAVE~9                                                             ; 4       ;
; comparador_clave_4_digitos:U_GESTOR|clave_correcta~0                                                                       ; 4       ;
; maquina_estados_principal:U_FSM|estado_siguiente.INGRESO~4                                                                 ; 4       ;
; comparador_clave_4_digitos:U_GESTOR|estado_rd.LISTO                                                                        ; 4       ;
; contador_horario_180s:U_HORARIO|contador[2]                                                                                ; 4       ;
; HEX1~14                                                                                                                    ; 4       ;
; HEX1~12                                                                                                                    ; 4       ;
; HEX2~6                                                                                                                     ; 4       ;
; controlador_servo:U_SERVO|counter[7]                                                                                       ; 4       ;
; controlador_servo:U_SERVO|counter[16]                                                                                      ; 4       ;
; controlador_servo:U_SERVO|counter[14]                                                                                      ; 4       ;
; FILA[1]~input                                                                                                              ; 3       ;
; FILA[0]~input                                                                                                              ; 3       ;
; gestor_admin:U_ADMIN|clave_buf[2][0]~3                                                                                     ; 3       ;
; comparador_clave_4_digitos:U_GESTOR|addr_rd[2]~9                                                                           ; 3       ;
; comparador_clave_4_digitos:U_GESTOR|addr_rd[2]~8                                                                           ; 3       ;
; comparador_clave_4_digitos:U_GESTOR|estado_rd.LEE_D1                                                                       ; 3       ;
; comparador_clave_4_digitos:U_GESTOR|estado_rd.LEE_D0                                                                       ; 3       ;
; comparador_clave_4_digitos:U_GESTOR|horario_ram[0]~0                                                                       ; 3       ;
; comparador_clave_4_digitos:U_GESTOR|addr_rd[0]                                                                             ; 3       ;
; gestor_admin:U_ADMIN|addr_i[1]                                                                                             ; 3       ;
; temporizador_descendente:U_TIMER_ERROR|en_marcha                                                                           ; 3       ;
; temporizador_descendente:U_TIMER_ERROR|LessThan0~1                                                                         ; 3       ;
; maquina_estados_principal:U_FSM|iniciar_error~2                                                                            ; 3       ;
; delay_sensor[1]                                                                                                            ; 3       ;
; delay_sensor[0]                                                                                                            ; 3       ;
; temporizador_descendente:U_TIMER_BLOQUEO|LessThan0~1                                                                       ; 3       ;
; temporizador_descendente:U_TIMER_BLOQUEO|en_marcha                                                                         ; 3       ;
; temporizador_descendente:U_TIMER_OPEN|LessThan0~1                                                                          ; 3       ;
; temporizador_descendente:U_TIMER_OPEN|en_marcha                                                                            ; 3       ;
; maquina_estados_principal:U_FSM|estado_siguiente.IDLE~14                                                                   ; 3       ;
; gestor_admin:U_ADMIN|estado~40                                                                                             ; 3       ;
; gestor_admin:U_ADMIN|estado~35                                                                                             ; 3       ;
; gestor_admin:U_ADMIN|estado~34                                                                                             ; 3       ;
; gestor_admin:U_ADMIN|estado~19                                                                                             ; 3       ;
; maquina_estados_principal:U_FSM|Selector6~3                                                                                ; 3       ;
; maquina_estados_principal:U_FSM|estado_siguiente.ERROR_CLAVE~6                                                             ; 3       ;
; maquina_estados_principal:U_FSM|estado_siguiente.INGRESO~7                                                                 ; 3       ;
; maquina_estados_principal:U_FSM|process_1~0                                                                                ; 3       ;
; ignorar_sensor_s                                                                                                           ; 3       ;
; contador_horario_180s:U_HORARIO|contador[1]                                                                                ; 3       ;
; modo_admin_prev_s                                                                                                          ; 3       ;
; teclado_matricial_4x4:U_TECLADO|release_count[4]                                                                           ; 3       ;
; controlador_servo:U_SERVO|counter[6]                                                                                       ; 3       ;
; controlador_servo:U_SERVO|counter[4]                                                                                       ; 3       ;
; controlador_servo:U_SERVO|counter[5]                                                                                       ; 3       ;
; controlador_servo:U_SERVO|counter[8]                                                                                       ; 3       ;
; controlador_servo:U_SERVO|counter[9]                                                                                       ; 3       ;
; controlador_servo:U_SERVO|counter[15]                                                                                      ; 3       ;
; controlador_servo:U_SERVO|counter[19]                                                                                      ; 3       ;
; controlador_servo:U_SERVO|counter[18]                                                                                      ; 3       ;
; controlador_servo:U_SERVO|counter[17]                                                                                      ; 3       ;
; lpm_divide:Mod1|lpm_divide_d8m:auto_generated|sign_div_unsign_bkh:divider|alt_u_div_13f:divider|add_sub_5_result_int[6]~10 ; 3       ;
; lpm_divide:Mod0|lpm_divide_d8m:auto_generated|sign_div_unsign_bkh:divider|alt_u_div_13f:divider|add_sub_5_result_int[6]~10 ; 3       ;
; temporizador_descendente:U_TIMER_BLOQUEO|contador[0]                                                                       ; 3       ;
; temporizador_descendente:U_TIMER_OPEN|contador[0]                                                                          ; 3       ;
; FILA[2]~input                                                                                                              ; 2       ;
; lpm_divide:Mod0|lpm_divide_d8m:auto_generated|sign_div_unsign_bkh:divider|alt_u_div_13f:divider|StageOut[26]~41            ; 2       ;
; gestor_admin:U_ADMIN|digito_clave[1]~8                                                                                     ; 2       ;
; maquina_estados_principal:U_FSM|Selector6~4                                                                                ; 2       ;
; maquina_estados_principal:U_FSM|estado_siguiente.INGRESO~11                                                                ; 2       ;
; gestor_admin:U_ADMIN|horario_buf[0]~0                                                                                      ; 2       ;
; gestor_admin:U_ADMIN|dato_i[2]~0                                                                                           ; 2       ;
; memoria_completa:U_MEMORIA|RAM:U_RAM|mem~462                                                                               ; 2       ;
; memoria_completa:U_MEMORIA|RAM:U_RAM|mem~460                                                                               ; 2       ;
; memoria_completa:U_MEMORIA|RAM:U_RAM|mem~458                                                                               ; 2       ;
; memoria_completa:U_MEMORIA|RAM:U_RAM|mem~456                                                                               ; 2       ;
; memoria_completa:U_MEMORIA|RAM:U_RAM|mem~454                                                                               ; 2       ;
; memoria_completa:U_MEMORIA|RAM:U_RAM|mem~452                                                                               ; 2       ;
; memoria_completa:U_MEMORIA|RAM:U_RAM|mem~450                                                                               ; 2       ;
; memoria_completa:U_MEMORIA|RAM:U_RAM|mem~448                                                                               ; 2       ;
; memoria_completa:U_MEMORIA|RAM:U_RAM|mem~446                                                                               ; 2       ;
; memoria_completa:U_MEMORIA|RAM:U_RAM|mem~444                                                                               ; 2       ;
; memoria_completa:U_MEMORIA|RAM:U_RAM|mem~442                                                                               ; 2       ;
; memoria_completa:U_MEMORIA|RAM:U_RAM|mem~440                                                                               ; 2       ;
; memoria_completa:U_MEMORIA|RAM:U_RAM|mem~438                                                                               ; 2       ;
; memoria_completa:U_MEMORIA|RAM:U_RAM|mem~436                                                                               ; 2       ;
; memoria_completa:U_MEMORIA|RAM:U_RAM|mem~434                                                                               ; 2       ;
; memoria_completa:U_MEMORIA|RAM:U_RAM|mem~432                                                                               ; 2       ;
; memoria_completa:U_MEMORIA|RAM:U_RAM|mem~430                                                                               ; 2       ;
; comparador_clave_4_digitos:U_GESTOR|addr_rd~5                                                                              ; 2       ;
; gestor_admin:U_ADMIN|addr_i[4]~0                                                                                           ; 2       ;
; delay_sensor[0]~1                                                                                                          ; 2       ;
; teclado_matricial_4x4:U_TECLADO|key_armed~0                                                                                ; 2       ;
; generador_tick_1s:U_TICK|contador[0]                                                                                       ; 2       ;
; generador_tick_1s:U_TICK|contador[1]                                                                                       ; 2       ;
; generador_tick_1s:U_TICK|contador[2]                                                                                       ; 2       ;
; generador_tick_1s:U_TICK|contador[3]                                                                                       ; 2       ;
; generador_tick_1s:U_TICK|contador[4]                                                                                       ; 2       ;
; generador_tick_1s:U_TICK|contador[5]                                                                                       ; 2       ;
; generador_tick_1s:U_TICK|contador[7]                                                                                       ; 2       ;
; generador_tick_1s:U_TICK|contador[8]                                                                                       ; 2       ;
; generador_tick_1s:U_TICK|contador[9]                                                                                       ; 2       ;
; generador_tick_1s:U_TICK|contador[6]                                                                                       ; 2       ;
; generador_tick_1s:U_TICK|contador[10]                                                                                      ; 2       ;
; generador_tick_1s:U_TICK|contador[11]                                                                                      ; 2       ;
; generador_tick_1s:U_TICK|contador[12]                                                                                      ; 2       ;
; generador_tick_1s:U_TICK|contador[13]                                                                                      ; 2       ;
; generador_tick_1s:U_TICK|contador[16]                                                                                      ; 2       ;
; generador_tick_1s:U_TICK|contador[14]                                                                                      ; 2       ;
; generador_tick_1s:U_TICK|contador[15]                                                                                      ; 2       ;
; generador_tick_1s:U_TICK|contador[17]                                                                                      ; 2       ;
; generador_tick_1s:U_TICK|contador[18]                                                                                      ; 2       ;
; generador_tick_1s:U_TICK|contador[19]                                                                                      ; 2       ;
; generador_tick_1s:U_TICK|contador[20]                                                                                      ; 2       ;
; generador_tick_1s:U_TICK|contador[21]                                                                                      ; 2       ;
; generador_tick_1s:U_TICK|contador[24]                                                                                      ; 2       ;
; generador_tick_1s:U_TICK|contador[22]                                                                                      ; 2       ;
; generador_tick_1s:U_TICK|contador[23]                                                                                      ; 2       ;
; generador_tick_1s:U_TICK|contador[25]                                                                                      ; 2       ;
; gestor_admin:U_ADMIN|write_step[2]~2                                                                                       ; 2       ;
; gestor_admin:U_ADMIN|digito_admin[1]~2                                                                                     ; 2       ;
; comparador_clave_4_digitos:U_GESTOR|estado_rd.LEE_D2                                                                       ; 2       ;
; comparador_clave_4_digitos:U_GESTOR|addr_rd[1]                                                                             ; 2       ;
; memoria_completa:U_MEMORIA|data_out[2]~0                                                                                   ; 2       ;
; gestor_admin:U_ADMIN|addr_i[4]                                                                                             ; 2       ;
; gestor_admin:U_ADMIN|addr_i[3]                                                                                             ; 2       ;
; gestor_admin:U_ADMIN|addr_i[2]                                                                                             ; 2       ;
; maquina_estados_principal:U_FSM|limpiar_intentos~1                                                                         ; 2       ;
; maquina_estados_principal:U_FSM|intentos~0                                                                                 ; 2       ;
; maquina_estados_principal:U_FSM|intentos[0]                                                                                ; 2       ;
; temporizador_descendente:U_TIMER_ERROR|contador[0]                                                                         ; 2       ;
; temporizador_descendente:U_TIMER_ERROR|contador[1]                                                                         ; 2       ;
; temporizador_descendente:U_TIMER_ERROR|contador[2]                                                                         ; 2       ;
; temporizador_descendente:U_TIMER_ERROR|contador[3]                                                                         ; 2       ;
; temporizador_descendente:U_TIMER_ERROR|contador[4]                                                                         ; 2       ;
; temporizador_descendente:U_TIMER_ERROR|contador[5]                                                                         ; 2       ;
; contador_horario_180s:U_HORARIO|contador[0]                                                                                ; 2       ;
; teclado_matricial_4x4:U_TECLADO|key_armed                                                                                  ; 2       ;
; controlador_buzzer:U_BUZZER|contador[0]                                                                                    ; 2       ;
; controlador_buzzer:U_BUZZER|contador[1]                                                                                    ; 2       ;
; controlador_buzzer:U_BUZZER|contador[3]                                                                                    ; 2       ;
; controlador_buzzer:U_BUZZER|contador[2]                                                                                    ; 2       ;
; controlador_buzzer:U_BUZZER|contador[6]                                                                                    ; 2       ;
; controlador_buzzer:U_BUZZER|contador[7]                                                                                    ; 2       ;
; controlador_buzzer:U_BUZZER|contador[4]                                                                                    ; 2       ;
; controlador_buzzer:U_BUZZER|contador[5]                                                                                    ; 2       ;
; controlador_buzzer:U_BUZZER|contador[8]                                                                                    ; 2       ;
; controlador_buzzer:U_BUZZER|contador[9]                                                                                    ; 2       ;
; controlador_buzzer:U_BUZZER|contador[11]                                                                                   ; 2       ;
; controlador_buzzer:U_BUZZER|contador[10]                                                                                   ; 2       ;
; controlador_buzzer:U_BUZZER|contador[13]                                                                                   ; 2       ;
; controlador_buzzer:U_BUZZER|contador[14]                                                                                   ; 2       ;
; controlador_buzzer:U_BUZZER|contador[12]                                                                                   ; 2       ;
; controlador_buzzer:U_BUZZER|contador[15]                                                                                   ; 2       ;
; controlador_servo:U_SERVO|LessThan0~0                                                                                      ; 2       ;
; controlador_servo:U_SERVO|pulse_width[16]                                                                                  ; 2       ;
; gestor_admin:U_ADMIN|digito_clave[1]~3                                                                                     ; 2       ;
; gestor_admin:U_ADMIN|digito_clave[1]~2                                                                                     ; 2       ;
; gestor_admin:U_ADMIN|usuario_sel[1]~0                                                                                      ; 2       ;
; comparador_clave_4_digitos:U_GESTOR|base_addr_reg~3                                                                        ; 2       ;
; comparador_clave_4_digitos:U_GESTOR|Mux0~0                                                                                 ; 2       ;
; cargar_digito_s                                                                                                            ; 2       ;
; cargar_digito_s~0                                                                                                          ; 2       ;
; comparador_clave_4_digitos:U_GESTOR|base_addr_reg~2                                                                        ; 2       ;
; comparador_clave_4_digitos:U_GESTOR|Mux1~0                                                                                 ; 2       ;
; gestor_admin:U_ADMIN|estado~36                                                                                             ; 2       ;
; gestor_admin:U_ADMIN|estado~33                                                                                             ; 2       ;
; gestor_admin:U_ADMIN|estado~31                                                                                             ; 2       ;
; gestor_admin:U_ADMIN|estado~30                                                                                             ; 2       ;
; gestor_admin:U_ADMIN|estado~29                                                                                             ; 2       ;
; gestor_admin:U_ADMIN|clave_buf[3][0]~2                                                                                     ; 2       ;
; maquina_estados_principal:U_FSM|estado_siguiente.BLOQUEO~3                                                                 ; 2       ;
; maquina_estados_principal:U_FSM|Selector6~2                                                                                ; 2       ;
; maquina_estados_principal:U_FSM|estado_siguiente.ERROR_CLAVE~7                                                             ; 2       ;
; maquina_estados_principal:U_FSM|iniciar_error~0                                                                            ; 2       ;
; maquina_estados_principal:U_FSM|estado_siguiente~4                                                                         ; 2       ;
; comparador_clave_4_digitos:U_GESTOR|Equal5~1                                                                               ; 2       ;
; comparador_clave_4_digitos:U_GESTOR|Equal5~0                                                                               ; 2       ;
; comparador_clave_4_digitos:U_GESTOR|horario_ram[0]                                                                         ; 2       ;
; comparador_clave_4_digitos:U_GESTOR|Equal6~0                                                                               ; 2       ;
; maquina_estados_principal:U_FSM|estado_siguiente.INGRESO~8                                                                 ; 2       ;
; temporizador_descendente:U_TIMER_OPEN|fin                                                                                  ; 2       ;
; temporizador_descendente:U_TIMER_BLOQUEO|fin                                                                               ; 2       ;
; maquina_estados_principal:U_FSM|estado_siguiente.INGRESO~5                                                                 ; 2       ;
; teclado_matricial_4x4:U_TECLADO|scan_div[0]                                                                                ; 2       ;
; teclado_matricial_4x4:U_TECLADO|scan_div[1]                                                                                ; 2       ;
; teclado_matricial_4x4:U_TECLADO|scan_div[2]                                                                                ; 2       ;
; teclado_matricial_4x4:U_TECLADO|scan_div[3]                                                                                ; 2       ;
; teclado_matricial_4x4:U_TECLADO|scan_div[5]                                                                                ; 2       ;
; teclado_matricial_4x4:U_TECLADO|scan_div[7]                                                                                ; 2       ;
; teclado_matricial_4x4:U_TECLADO|scan_div[4]                                                                                ; 2       ;
; teclado_matricial_4x4:U_TECLADO|scan_div[6]                                                                                ; 2       ;
; teclado_matricial_4x4:U_TECLADO|scan_div[10]                                                                               ; 2       ;
; teclado_matricial_4x4:U_TECLADO|scan_div[11]                                                                               ; 2       ;
; teclado_matricial_4x4:U_TECLADO|scan_div[8]                                                                                ; 2       ;
; teclado_matricial_4x4:U_TECLADO|scan_div[9]                                                                                ; 2       ;
; teclado_matricial_4x4:U_TECLADO|scan_div[12]                                                                               ; 2       ;
; teclado_matricial_4x4:U_TECLADO|scan_div[13]                                                                               ; 2       ;
; teclado_matricial_4x4:U_TECLADO|scan_div[14]                                                                               ; 2       ;
; teclado_matricial_4x4:U_TECLADO|scan_div[15]                                                                               ; 2       ;
; maquina_estados_principal:U_FSM|abrir_puerta~0                                                                             ; 2       ;
; salida_admin_s                                                                                                             ; 2       ;
; controlador_buzzer:U_BUZZER|beep_i                                                                                         ; 2       ;
; Mux5~1                                                                                                                     ; 2       ;
; lpm_divide:Mod1|lpm_divide_d8m:auto_generated|sign_div_unsign_bkh:divider|alt_u_div_13f:divider|StageOut[25]~36            ; 2       ;
; lpm_divide:Mod1|lpm_divide_d8m:auto_generated|sign_div_unsign_bkh:divider|alt_u_div_13f:divider|StageOut[25]~35            ; 2       ;
; lpm_divide:Mod1|lpm_divide_d8m:auto_generated|sign_div_unsign_bkh:divider|alt_u_div_13f:divider|StageOut[19]~29            ; 2       ;
; lpm_divide:Mod1|lpm_divide_d8m:auto_generated|sign_div_unsign_bkh:divider|alt_u_div_13f:divider|StageOut[19]~28            ; 2       ;
; lpm_divide:Mod0|lpm_divide_d8m:auto_generated|sign_div_unsign_bkh:divider|alt_u_div_13f:divider|StageOut[25]~38            ; 2       ;
; lpm_divide:Mod0|lpm_divide_d8m:auto_generated|sign_div_unsign_bkh:divider|alt_u_div_13f:divider|StageOut[25]~37            ; 2       ;
; lpm_divide:Mod0|lpm_divide_d8m:auto_generated|sign_div_unsign_bkh:divider|alt_u_div_13f:divider|StageOut[26]~36            ; 2       ;
; HEX0~6                                                                                                                     ; 2       ;
; gestor_admin:U_ADMIN|we_i                                                                                                  ; 2       ;
; teclado_matricial_4x4:U_TECLADO|release_count[3]                                                                           ; 2       ;
; teclado_matricial_4x4:U_TECLADO|release_count[1]                                                                           ; 2       ;
; teclado_matricial_4x4:U_TECLADO|release_count[0]                                                                           ; 2       ;
; teclado_matricial_4x4:U_TECLADO|release_count[2]                                                                           ; 2       ;
; controlador_servo:U_SERVO|counter[0]                                                                                       ; 2       ;
; controlador_servo:U_SERVO|counter[1]                                                                                       ; 2       ;
; controlador_servo:U_SERVO|counter[2]                                                                                       ; 2       ;
; controlador_servo:U_SERVO|counter[3]                                                                                       ; 2       ;
; controlador_servo:U_SERVO|counter[13]                                                                                      ; 2       ;
; controlador_servo:U_SERVO|counter[12]                                                                                      ; 2       ;
; controlador_servo:U_SERVO|counter[11]                                                                                      ; 2       ;
; lpm_divide:Mod1|lpm_divide_d8m:auto_generated|sign_div_unsign_bkh:divider|alt_u_div_13f:divider|add_sub_4_result_int[2]~2  ; 2       ;
; lpm_divide:Mod1|lpm_divide_d8m:auto_generated|sign_div_unsign_bkh:divider|alt_u_div_13f:divider|add_sub_3_result_int[3]~4  ; 2       ;
; lpm_divide:Mod1|lpm_divide_d8m:auto_generated|sign_div_unsign_bkh:divider|alt_u_div_13f:divider|add_sub_3_result_int[2]~2  ; 2       ;
; lpm_divide:Mod1|lpm_divide_d8m:auto_generated|sign_div_unsign_bkh:divider|alt_u_div_13f:divider|add_sub_3_result_int[1]~0  ; 2       ;
; lpm_divide:Mod0|lpm_divide_d8m:auto_generated|sign_div_unsign_bkh:divider|alt_u_div_13f:divider|add_sub_3_result_int[3]~4  ; 2       ;
; lpm_divide:Mod0|lpm_divide_d8m:auto_generated|sign_div_unsign_bkh:divider|alt_u_div_13f:divider|add_sub_3_result_int[2]~2  ; 2       ;
; lpm_divide:Mod0|lpm_divide_d8m:auto_generated|sign_div_unsign_bkh:divider|alt_u_div_13f:divider|add_sub_3_result_int[1]~0  ; 2       ;
; gestor_admin:U_ADMIN|horario_ingresado                                                                                     ; 2       ;
; FILA[3]~input                                                                                                              ; 1       ;
; SENSOR_PUERTA~input                                                                                                        ; 1       ;
; INTRUSION_SW~input                                                                                                         ; 1       ;
; memoria_completa:U_MEMORIA|RAM:U_RAM|mem~509                                                                               ; 1       ;
; memoria_completa:U_MEMORIA|RAM:U_RAM|mem~508                                                                               ; 1       ;
; memoria_completa:U_MEMORIA|RAM:U_RAM|mem~507                                                                               ; 1       ;
; memoria_completa:U_MEMORIA|RAM:U_RAM|mem~506                                                                               ; 1       ;
; memoria_completa:U_MEMORIA|RAM:U_RAM|mem~505                                                                               ; 1       ;
; memoria_completa:U_MEMORIA|RAM:U_RAM|mem~504                                                                               ; 1       ;
; memoria_completa:U_MEMORIA|RAM:U_RAM|mem~503                                                                               ; 1       ;
; memoria_completa:U_MEMORIA|RAM:U_RAM|mem~502                                                                               ; 1       ;
; memoria_completa:U_MEMORIA|RAM:U_RAM|mem~501                                                                               ; 1       ;
; memoria_completa:U_MEMORIA|RAM:U_RAM|mem~500                                                                               ; 1       ;
; memoria_completa:U_MEMORIA|RAM:U_RAM|mem~499                                                                               ; 1       ;
; memoria_completa:U_MEMORIA|RAM:U_RAM|mem~498                                                                               ; 1       ;
; memoria_completa:U_MEMORIA|RAM:U_RAM|mem~497                                                                               ; 1       ;
; memoria_completa:U_MEMORIA|RAM:U_RAM|mem~496                                                                               ; 1       ;
; memoria_completa:U_MEMORIA|RAM:U_RAM|mem~495                                                                               ; 1       ;
; memoria_completa:U_MEMORIA|RAM:U_RAM|mem~494                                                                               ; 1       ;
; memoria_completa:U_MEMORIA|RAM:U_RAM|mem~493                                                                               ; 1       ;
; memoria_completa:U_MEMORIA|RAM:U_RAM|mem~492                                                                               ; 1       ;
; memoria_completa:U_MEMORIA|RAM:U_RAM|mem~491                                                                               ; 1       ;
; memoria_completa:U_MEMORIA|RAM:U_RAM|mem~490                                                                               ; 1       ;
; memoria_completa:U_MEMORIA|RAM:U_RAM|mem~489                                                                               ; 1       ;
; memoria_completa:U_MEMORIA|RAM:U_RAM|mem~488                                                                               ; 1       ;
; memoria_completa:U_MEMORIA|RAM:U_RAM|mem~487                                                                               ; 1       ;
; memoria_completa:U_MEMORIA|RAM:U_RAM|mem~486                                                                               ; 1       ;
; memoria_completa:U_MEMORIA|RAM:U_RAM|mem~485                                                                               ; 1       ;
; memoria_completa:U_MEMORIA|RAM:U_RAM|mem~484                                                                               ; 1       ;
; memoria_completa:U_MEMORIA|RAM:U_RAM|mem~483                                                                               ; 1       ;
; memoria_completa:U_MEMORIA|RAM:U_RAM|mem~482                                                                               ; 1       ;
; memoria_completa:U_MEMORIA|RAM:U_RAM|mem~481                                                                               ; 1       ;
; comparador_clave_4_digitos:U_GESTOR|id_ram[0]~8                                                                            ; 1       ;
; comparador_clave_4_digitos:U_GESTOR|id_ram[1]~7                                                                            ; 1       ;
; comparador_clave_4_digitos:U_GESTOR|id_ram[2]~6                                                                            ; 1       ;
; comparador_clave_4_digitos:U_GESTOR|id_ram[3]~5                                                                            ; 1       ;
; comparador_clave_4_digitos:U_GESTOR|horario_ram[0]~2                                                                       ; 1       ;
; comparador_clave_4_digitos:U_GESTOR|horario_ram[1]~1                                                                       ; 1       ;
; teclado_matricial_4x4:U_TECLADO|col_idx[0]~0                                                                               ; 1       ;
; unidad_temp[3]~13                                                                                                          ; 1       ;
; decodificador_7seg_alfanumerico:U_ADM_HEX0_COD|Mux2~8                                                                      ; 1       ;
; lpm_divide:Mod1|lpm_divide_d8m:auto_generated|sign_div_unsign_bkh:divider|alt_u_div_13f:divider|StageOut[26]~41            ; 1       ;
; lpm_divide:Mod1|lpm_divide_d8m:auto_generated|sign_div_unsign_bkh:divider|alt_u_div_13f:divider|StageOut[27]~40            ; 1       ;
; lpm_divide:Mod1|lpm_divide_d8m:auto_generated|sign_div_unsign_bkh:divider|alt_u_div_13f:divider|StageOut[28]~39            ; 1       ;
; lpm_divide:Mod0|lpm_divide_d8m:auto_generated|sign_div_unsign_bkh:divider|alt_u_div_13f:divider|StageOut[27]~40            ; 1       ;
; lpm_divide:Mod0|lpm_divide_d8m:auto_generated|sign_div_unsign_bkh:divider|alt_u_div_13f:divider|StageOut[28]~39            ; 1       ;
; comparador_clave_4_digitos:U_GESTOR|addr_rd~23                                                                             ; 1       ;
; comparador_clave_4_digitos:U_GESTOR|estado_rd~24                                                                           ; 1       ;
; maquina_estados_principal:U_FSM|iniciar_bloqueo~4                                                                          ; 1       ;
; registro_clave_teclado:U_REGISTRO|contador~12                                                                              ; 1       ;
; HEX3~15                                                                                                                    ; 1       ;
; HEX3~14                                                                                                                    ; 1       ;
; HEX2~19                                                                                                                    ; 1       ;
; HEX2~18                                                                                                                    ; 1       ;
; HEX2~17                                                                                                                    ; 1       ;
; HEX1~20                                                                                                                    ; 1       ;
; decodificador_7seg_alfanumerico:U_ADM_HEX0_COD|Mux6~4                                                                      ; 1       ;
; gestor_admin:U_ADMIN|clave_buf[0][0]~6                                                                                     ; 1       ;
; gestor_admin:U_ADMIN|clave_buf[0][0]~5                                                                                     ; 1       ;
; gestor_admin:U_ADMIN|Selector37~2                                                                                          ; 1       ;
; gestor_admin:U_ADMIN|Selector37~1                                                                                          ; 1       ;
; gestor_admin:U_ADMIN|Selector37~0                                                                                          ; 1       ;
; gestor_admin:U_ADMIN|clave_buf[2][2]                                                                                       ; 1       ;
; gestor_admin:U_ADMIN|clave_buf[1][2]                                                                                       ; 1       ;
; gestor_admin:U_ADMIN|clave_buf[0][2]                                                                                       ; 1       ;
; gestor_admin:U_ADMIN|clave_buf[3][2]                                                                                       ; 1       ;
; gestor_admin:U_ADMIN|Selector36~2                                                                                          ; 1       ;
; gestor_admin:U_ADMIN|Selector36~1                                                                                          ; 1       ;
; gestor_admin:U_ADMIN|Selector36~0                                                                                          ; 1       ;
; gestor_admin:U_ADMIN|clave_buf[2][3]                                                                                       ; 1       ;
; gestor_admin:U_ADMIN|clave_buf[1][3]                                                                                       ; 1       ;
; gestor_admin:U_ADMIN|clave_buf[0][3]                                                                                       ; 1       ;
; gestor_admin:U_ADMIN|clave_buf[3][3]                                                                                       ; 1       ;
; gestor_admin:U_ADMIN|Selector39~3                                                                                          ; 1       ;
; gestor_admin:U_ADMIN|Selector39~2                                                                                          ; 1       ;
; gestor_admin:U_ADMIN|clave_buf[1][0]                                                                                       ; 1       ;
; gestor_admin:U_ADMIN|Selector39~1                                                                                          ; 1       ;
; gestor_admin:U_ADMIN|horario_buf[0]                                                                                        ; 1       ;
; gestor_admin:U_ADMIN|clave_buf[0][0]                                                                                       ; 1       ;
; gestor_admin:U_ADMIN|Selector39~0                                                                                          ; 1       ;
; gestor_admin:U_ADMIN|clave_buf[2][0]                                                                                       ; 1       ;
; gestor_admin:U_ADMIN|clave_buf[3][0]                                                                                       ; 1       ;
; gestor_admin:U_ADMIN|Selector40~1                                                                                          ; 1       ;
; gestor_admin:U_ADMIN|Selector38~3                                                                                          ; 1       ;
; gestor_admin:U_ADMIN|Selector38~2                                                                                          ; 1       ;
; gestor_admin:U_ADMIN|clave_buf[1][1]                                                                                       ; 1       ;
; gestor_admin:U_ADMIN|Selector38~1                                                                                          ; 1       ;
; gestor_admin:U_ADMIN|horario_buf[1]                                                                                        ; 1       ;
; gestor_admin:U_ADMIN|clave_buf[0][1]                                                                                       ; 1       ;
; gestor_admin:U_ADMIN|Selector38~0                                                                                          ; 1       ;
; gestor_admin:U_ADMIN|clave_buf[2][1]                                                                                       ; 1       ;
; gestor_admin:U_ADMIN|clave_buf[3][1]                                                                                       ; 1       ;
; comparador_clave_4_digitos:U_GESTOR|estado_rd~23                                                                           ; 1       ;
; generador_tick_1s:U_TICK|contador~11                                                                                       ; 1       ;
; generador_tick_1s:U_TICK|contador~10                                                                                       ; 1       ;
; generador_tick_1s:U_TICK|contador~9                                                                                        ; 1       ;
; generador_tick_1s:U_TICK|contador~8                                                                                        ; 1       ;
; generador_tick_1s:U_TICK|contador~7                                                                                        ; 1       ;
; generador_tick_1s:U_TICK|contador~6                                                                                        ; 1       ;
; generador_tick_1s:U_TICK|contador~5                                                                                        ; 1       ;
; generador_tick_1s:U_TICK|contador~4                                                                                        ; 1       ;
; generador_tick_1s:U_TICK|contador~3                                                                                        ; 1       ;
; generador_tick_1s:U_TICK|contador~2                                                                                        ; 1       ;
; generador_tick_1s:U_TICK|contador~1                                                                                        ; 1       ;
; generador_tick_1s:U_TICK|contador~0                                                                                        ; 1       ;
; gestor_admin:U_ADMIN|write_step~3                                                                                          ; 1       ;
; comparador_clave_4_digitos:U_GESTOR|estado_rd~22                                                                           ; 1       ;
; gestor_admin:U_ADMIN|dato_i[4]                                                                                             ; 1       ;
; comparador_clave_4_digitos:U_GESTOR|addr_rd~22                                                                             ; 1       ;
; comparador_clave_4_digitos:U_GESTOR|addr_rd~21                                                                             ; 1       ;
; comparador_clave_4_digitos:U_GESTOR|addr_rd~20                                                                             ; 1       ;
; comparador_clave_4_digitos:U_GESTOR|addr_rd~19                                                                             ; 1       ;
; comparador_clave_4_digitos:U_GESTOR|addr_rd~18                                                                             ; 1       ;
; comparador_clave_4_digitos:U_GESTOR|Selector5~0                                                                            ; 1       ;
; gestor_admin:U_ADMIN|Selector31~0                                                                                          ; 1       ;
; comparador_clave_4_digitos:U_GESTOR|addr_rd~17                                                                             ; 1       ;
; comparador_clave_4_digitos:U_GESTOR|addr_rd~16                                                                             ; 1       ;
; comparador_clave_4_digitos:U_GESTOR|addr_rd~15                                                                             ; 1       ;
; gestor_admin:U_ADMIN|Selector30~2                                                                                          ; 1       ;
; gestor_admin:U_ADMIN|Selector30~1                                                                                          ; 1       ;
; gestor_admin:U_ADMIN|Selector30~0                                                                                          ; 1       ;
; comparador_clave_4_digitos:U_GESTOR|addr_rd~14                                                                             ; 1       ;
; comparador_clave_4_digitos:U_GESTOR|addr_rd~13                                                                             ; 1       ;
; comparador_clave_4_digitos:U_GESTOR|Add4~0                                                                                 ; 1       ;
; comparador_clave_4_digitos:U_GESTOR|Add2~1                                                                                 ; 1       ;
; gestor_admin:U_ADMIN|Selector27~0                                                                                          ; 1       ;
; comparador_clave_4_digitos:U_GESTOR|addr_rd~12                                                                             ; 1       ;
; comparador_clave_4_digitos:U_GESTOR|Add2~0                                                                                 ; 1       ;
; comparador_clave_4_digitos:U_GESTOR|addr_rd~10                                                                             ; 1       ;
; gestor_admin:U_ADMIN|Selector28~1                                                                                          ; 1       ;
; gestor_admin:U_ADMIN|Selector28~0                                                                                          ; 1       ;
; comparador_clave_4_digitos:U_GESTOR|addr_rd~7                                                                              ; 1       ;
; comparador_clave_4_digitos:U_GESTOR|addr_rd~4                                                                              ; 1       ;
; gestor_admin:U_ADMIN|Selector29~0                                                                                          ; 1       ;
; maquina_estados_principal:U_FSM|intentos~2                                                                                 ; 1       ;
; temporizador_descendente:U_TIMER_ERROR|en_marcha~0                                                                         ; 1       ;
; temporizador_descendente:U_TIMER_ERROR|contador~6                                                                          ; 1       ;
; temporizador_descendente:U_TIMER_ERROR|contador~5                                                                          ; 1       ;
; temporizador_descendente:U_TIMER_ERROR|contador~4                                                                          ; 1       ;
; temporizador_descendente:U_TIMER_ERROR|contador~3                                                                          ; 1       ;
; temporizador_descendente:U_TIMER_ERROR|contador~2                                                                          ; 1       ;
; temporizador_descendente:U_TIMER_ERROR|contador~0                                                                          ; 1       ;
; delay_sensor~2                                                                                                             ; 1       ;
; delay_sensor~0                                                                                                             ; 1       ;
; contador_horario_180s:U_HORARIO|contador~4                                                                                 ; 1       ;
; teclado_matricial_4x4:U_TECLADO|key_armed~1                                                                                ; 1       ;
; controlador_buzzer:U_BUZZER|contador~6                                                                                     ; 1       ;
; controlador_buzzer:U_BUZZER|contador~5                                                                                     ; 1       ;
; controlador_buzzer:U_BUZZER|contador~4                                                                                     ; 1       ;
; controlador_buzzer:U_BUZZER|contador~3                                                                                     ; 1       ;
; controlador_buzzer:U_BUZZER|contador~2                                                                                     ; 1       ;
; controlador_buzzer:U_BUZZER|contador~1                                                                                     ; 1       ;
; controlador_buzzer:U_BUZZER|contador~0                                                                                     ; 1       ;
; controlador_servo:U_SERVO|LessThan0~5                                                                                      ; 1       ;
; controlador_servo:U_SERVO|LessThan0~4                                                                                      ; 1       ;
; controlador_servo:U_SERVO|LessThan0~3                                                                                      ; 1       ;
; controlador_servo:U_SERVO|LessThan0~2                                                                                      ; 1       ;
; controlador_servo:U_SERVO|LessThan0~1                                                                                      ; 1       ;
; temporizador_descendente:U_TIMER_BLOQUEO|en_marcha~0                                                                       ; 1       ;
; temporizador_descendente:U_TIMER_OPEN|en_marcha~0                                                                          ; 1       ;
; generador_tick_1s:U_TICK|Equal0~7                                                                                          ; 1       ;
; generador_tick_1s:U_TICK|Equal0~6                                                                                          ; 1       ;
; generador_tick_1s:U_TICK|Equal0~5                                                                                          ; 1       ;
; generador_tick_1s:U_TICK|Equal0~4                                                                                          ; 1       ;
; generador_tick_1s:U_TICK|Equal0~3                                                                                          ; 1       ;
; generador_tick_1s:U_TICK|Equal0~2                                                                                          ; 1       ;
; generador_tick_1s:U_TICK|Equal0~1                                                                                          ; 1       ;
; generador_tick_1s:U_TICK|Equal0~0                                                                                          ; 1       ;
; gestor_admin:U_ADMIN|digito_clave[0]~7                                                                                     ; 1       ;
; gestor_admin:U_ADMIN|digito_clave[0]~6                                                                                     ; 1       ;
; gestor_admin:U_ADMIN|digito_clave[1]~5                                                                                     ; 1       ;
; gestor_admin:U_ADMIN|digito_clave[1]~4                                                                                     ; 1       ;
; gestor_admin:U_ADMIN|estado~50                                                                                             ; 1       ;
; gestor_admin:U_ADMIN|Selector25~0                                                                                          ; 1       ;
; gestor_admin:U_ADMIN|write_step[2]~1                                                                                       ; 1       ;
; gestor_admin:U_ADMIN|write_step~0                                                                                          ; 1       ;
; gestor_admin:U_ADMIN|digito_admin~3                                                                                        ; 1       ;
; gestor_admin:U_ADMIN|digito_admin~1                                                                                        ; 1       ;
; gestor_admin:U_ADMIN|digito_admin~0                                                                                        ; 1       ;
; memoria_completa:U_MEMORIA|data_out[2]~19                                                                                  ; 1       ;
; memoria_completa:U_MEMORIA|RAM:U_RAM|mem~429                                                                               ; 1       ;
; memoria_completa:U_MEMORIA|RAM:U_RAM|mem~428                                                                               ; 1       ;
; memoria_completa:U_MEMORIA|RAM:U_RAM|mem~136                                                                               ; 1       ;
; memoria_completa:U_MEMORIA|RAM:U_RAM|mem~427                                                                               ; 1       ;
; memoria_completa:U_MEMORIA|RAM:U_RAM|mem~40                                                                                ; 1       ;
; memoria_completa:U_MEMORIA|RAM:U_RAM|mem~104                                                                               ; 1       ;
; memoria_completa:U_MEMORIA|RAM:U_RAM|mem~72                                                                                ; 1       ;
; memoria_completa:U_MEMORIA|RAM:U_RAM|mem~426                                                                               ; 1       ;
; memoria_completa:U_MEMORIA|RAM:U_RAM|mem~425                                                                               ; 1       ;
; memoria_completa:U_MEMORIA|RAM:U_RAM|mem~112                                                                               ; 1       ;
; memoria_completa:U_MEMORIA|RAM:U_RAM|mem~424                                                                               ; 1       ;
; memoria_completa:U_MEMORIA|RAM:U_RAM|mem~16                                                                                ; 1       ;
; memoria_completa:U_MEMORIA|RAM:U_RAM|mem~48                                                                                ; 1       ;
; memoria_completa:U_MEMORIA|RAM:U_RAM|mem~80                                                                                ; 1       ;
; memoria_completa:U_MEMORIA|RAM:U_RAM|mem~423                                                                               ; 1       ;
; memoria_completa:U_MEMORIA|RAM:U_RAM|mem~120                                                                               ; 1       ;
; memoria_completa:U_MEMORIA|RAM:U_RAM|mem~422                                                                               ; 1       ;
; memoria_completa:U_MEMORIA|RAM:U_RAM|mem~24                                                                                ; 1       ;
; memoria_completa:U_MEMORIA|RAM:U_RAM|mem~56                                                                                ; 1       ;
; memoria_completa:U_MEMORIA|RAM:U_RAM|mem~88                                                                                ; 1       ;
; memoria_completa:U_MEMORIA|RAM:U_RAM|mem~421                                                                               ; 1       ;
; memoria_completa:U_MEMORIA|RAM:U_RAM|mem~128                                                                               ; 1       ;
; memoria_completa:U_MEMORIA|RAM:U_RAM|mem~420                                                                               ; 1       ;
; memoria_completa:U_MEMORIA|RAM:U_RAM|mem~32                                                                                ; 1       ;
; memoria_completa:U_MEMORIA|RAM:U_RAM|mem~96                                                                                ; 1       ;
; memoria_completa:U_MEMORIA|RAM:U_RAM|mem~64                                                                                ; 1       ;
; memoria_completa:U_MEMORIA|RAM:U_RAM|mem~419                                                                               ; 1       ;
; memoria_completa:U_MEMORIA|RAM:U_RAM|mem~418                                                                               ; 1       ;
; memoria_completa:U_MEMORIA|RAM:U_RAM|mem~264                                                                               ; 1       ;
; memoria_completa:U_MEMORIA|RAM:U_RAM|mem~417                                                                               ; 1       ;
; memoria_completa:U_MEMORIA|RAM:U_RAM|mem~240                                                                               ; 1       ;
; memoria_completa:U_MEMORIA|RAM:U_RAM|mem~248                                                                               ; 1       ;
; memoria_completa:U_MEMORIA|RAM:U_RAM|mem~256                                                                               ; 1       ;
; memoria_completa:U_MEMORIA|RAM:U_RAM|mem~416                                                                               ; 1       ;
; memoria_completa:U_MEMORIA|RAM:U_RAM|mem~415                                                                               ; 1       ;
; memoria_completa:U_MEMORIA|RAM:U_RAM|mem~168                                                                               ; 1       ;
; memoria_completa:U_MEMORIA|RAM:U_RAM|mem~414                                                                               ; 1       ;
; memoria_completa:U_MEMORIA|RAM:U_RAM|mem~144                                                                               ; 1       ;
; memoria_completa:U_MEMORIA|RAM:U_RAM|mem~160                                                                               ; 1       ;
; memoria_completa:U_MEMORIA|RAM:U_RAM|mem~152                                                                               ; 1       ;
; memoria_completa:U_MEMORIA|RAM:U_RAM|mem~413                                                                               ; 1       ;
; memoria_completa:U_MEMORIA|RAM:U_RAM|mem~200                                                                               ; 1       ;
; memoria_completa:U_MEMORIA|RAM:U_RAM|mem~412                                                                               ; 1       ;
; memoria_completa:U_MEMORIA|RAM:U_RAM|mem~176                                                                               ; 1       ;
; memoria_completa:U_MEMORIA|RAM:U_RAM|mem~184                                                                               ; 1       ;
; memoria_completa:U_MEMORIA|RAM:U_RAM|mem~192                                                                               ; 1       ;
; memoria_completa:U_MEMORIA|RAM:U_RAM|mem~411                                                                               ; 1       ;
; memoria_completa:U_MEMORIA|RAM:U_RAM|mem~232                                                                               ; 1       ;
; memoria_completa:U_MEMORIA|RAM:U_RAM|mem~410                                                                               ; 1       ;
; memoria_completa:U_MEMORIA|RAM:U_RAM|mem~208                                                                               ; 1       ;
; memoria_completa:U_MEMORIA|RAM:U_RAM|mem~224                                                                               ; 1       ;
; memoria_completa:U_MEMORIA|RAM:U_RAM|mem~216                                                                               ; 1       ;
; memoria_completa:U_MEMORIA|data_out[3]~17                                                                                  ; 1       ;
; memoria_completa:U_MEMORIA|RAM:U_RAM|LessThan0~0                                                                           ; 1       ;
; memoria_completa:U_MEMORIA|data_out[3]~16                                                                                  ; 1       ;
; memoria_completa:U_MEMORIA|RAM:U_RAM|mem~409                                                                               ; 1       ;
; memoria_completa:U_MEMORIA|RAM:U_RAM|mem~408                                                                               ; 1       ;
; memoria_completa:U_MEMORIA|RAM:U_RAM|mem~137                                                                               ; 1       ;
; memoria_completa:U_MEMORIA|RAM:U_RAM|mem~407                                                                               ; 1       ;
; memoria_completa:U_MEMORIA|RAM:U_RAM|mem~41                                                                                ; 1       ;
; memoria_completa:U_MEMORIA|RAM:U_RAM|mem~73                                                                                ; 1       ;
; memoria_completa:U_MEMORIA|RAM:U_RAM|mem~105                                                                               ; 1       ;
; memoria_completa:U_MEMORIA|RAM:U_RAM|mem~406                                                                               ; 1       ;
; memoria_completa:U_MEMORIA|RAM:U_RAM|mem~405                                                                               ; 1       ;
; memoria_completa:U_MEMORIA|RAM:U_RAM|mem~113                                                                               ; 1       ;
; memoria_completa:U_MEMORIA|RAM:U_RAM|mem~404                                                                               ; 1       ;
; memoria_completa:U_MEMORIA|RAM:U_RAM|mem~17                                                                                ; 1       ;
; memoria_completa:U_MEMORIA|RAM:U_RAM|mem~81                                                                                ; 1       ;
; memoria_completa:U_MEMORIA|RAM:U_RAM|mem~49                                                                                ; 1       ;
; memoria_completa:U_MEMORIA|RAM:U_RAM|mem~403                                                                               ; 1       ;
; memoria_completa:U_MEMORIA|RAM:U_RAM|mem~129                                                                               ; 1       ;
; memoria_completa:U_MEMORIA|RAM:U_RAM|mem~402                                                                               ; 1       ;
; memoria_completa:U_MEMORIA|RAM:U_RAM|mem~33                                                                                ; 1       ;
; memoria_completa:U_MEMORIA|RAM:U_RAM|mem~65                                                                                ; 1       ;
; memoria_completa:U_MEMORIA|RAM:U_RAM|mem~97                                                                                ; 1       ;
; memoria_completa:U_MEMORIA|RAM:U_RAM|mem~401                                                                               ; 1       ;
; memoria_completa:U_MEMORIA|RAM:U_RAM|mem~121                                                                               ; 1       ;
; memoria_completa:U_MEMORIA|RAM:U_RAM|mem~400                                                                               ; 1       ;
; memoria_completa:U_MEMORIA|RAM:U_RAM|mem~25                                                                                ; 1       ;
; memoria_completa:U_MEMORIA|RAM:U_RAM|mem~89                                                                                ; 1       ;
; memoria_completa:U_MEMORIA|RAM:U_RAM|mem~57                                                                                ; 1       ;
; memoria_completa:U_MEMORIA|RAM:U_RAM|mem~399                                                                               ; 1       ;
; memoria_completa:U_MEMORIA|RAM:U_RAM|mem~398                                                                               ; 1       ;
; memoria_completa:U_MEMORIA|RAM:U_RAM|mem~265                                                                               ; 1       ;
; memoria_completa:U_MEMORIA|RAM:U_RAM|mem~397                                                                               ; 1       ;
; memoria_completa:U_MEMORIA|RAM:U_RAM|mem~241                                                                               ; 1       ;
; memoria_completa:U_MEMORIA|RAM:U_RAM|mem~257                                                                               ; 1       ;
; memoria_completa:U_MEMORIA|RAM:U_RAM|mem~249                                                                               ; 1       ;
; memoria_completa:U_MEMORIA|RAM:U_RAM|mem~396                                                                               ; 1       ;
; memoria_completa:U_MEMORIA|RAM:U_RAM|mem~395                                                                               ; 1       ;
; memoria_completa:U_MEMORIA|RAM:U_RAM|mem~169                                                                               ; 1       ;
; memoria_completa:U_MEMORIA|RAM:U_RAM|mem~394                                                                               ; 1       ;
; memoria_completa:U_MEMORIA|RAM:U_RAM|mem~145                                                                               ; 1       ;
; memoria_completa:U_MEMORIA|RAM:U_RAM|mem~153                                                                               ; 1       ;
; memoria_completa:U_MEMORIA|RAM:U_RAM|mem~161                                                                               ; 1       ;
; memoria_completa:U_MEMORIA|RAM:U_RAM|mem~393                                                                               ; 1       ;
; memoria_completa:U_MEMORIA|RAM:U_RAM|mem~233                                                                               ; 1       ;
; memoria_completa:U_MEMORIA|RAM:U_RAM|mem~392                                                                               ; 1       ;
; memoria_completa:U_MEMORIA|RAM:U_RAM|mem~209                                                                               ; 1       ;
; memoria_completa:U_MEMORIA|RAM:U_RAM|mem~217                                                                               ; 1       ;
; memoria_completa:U_MEMORIA|RAM:U_RAM|mem~225                                                                               ; 1       ;
; memoria_completa:U_MEMORIA|RAM:U_RAM|mem~391                                                                               ; 1       ;
; memoria_completa:U_MEMORIA|RAM:U_RAM|mem~201                                                                               ; 1       ;
; memoria_completa:U_MEMORIA|RAM:U_RAM|mem~390                                                                               ; 1       ;
; memoria_completa:U_MEMORIA|RAM:U_RAM|mem~177                                                                               ; 1       ;
; memoria_completa:U_MEMORIA|RAM:U_RAM|mem~193                                                                               ; 1       ;
; memoria_completa:U_MEMORIA|RAM:U_RAM|mem~185                                                                               ; 1       ;
; memoria_completa:U_MEMORIA|data_out[4]~15                                                                                  ; 1       ;
; memoria_completa:U_MEMORIA|data_out[4]~14                                                                                  ; 1       ;
; memoria_completa:U_MEMORIA|RAM:U_RAM|mem~389                                                                               ; 1       ;
; memoria_completa:U_MEMORIA|RAM:U_RAM|mem~388                                                                               ; 1       ;
; memoria_completa:U_MEMORIA|RAM:U_RAM|mem~138                                                                               ; 1       ;
; memoria_completa:U_MEMORIA|RAM:U_RAM|mem~387                                                                               ; 1       ;
; memoria_completa:U_MEMORIA|RAM:U_RAM|mem~42                                                                                ; 1       ;
; memoria_completa:U_MEMORIA|RAM:U_RAM|mem~106                                                                               ; 1       ;
; memoria_completa:U_MEMORIA|RAM:U_RAM|mem~74                                                                                ; 1       ;
; memoria_completa:U_MEMORIA|RAM:U_RAM|mem~386                                                                               ; 1       ;
; memoria_completa:U_MEMORIA|RAM:U_RAM|mem~385                                                                               ; 1       ;
; memoria_completa:U_MEMORIA|RAM:U_RAM|mem~114                                                                               ; 1       ;
; memoria_completa:U_MEMORIA|RAM:U_RAM|mem~384                                                                               ; 1       ;
; memoria_completa:U_MEMORIA|RAM:U_RAM|mem~18                                                                                ; 1       ;
; memoria_completa:U_MEMORIA|RAM:U_RAM|mem~50                                                                                ; 1       ;
; memoria_completa:U_MEMORIA|RAM:U_RAM|mem~82                                                                                ; 1       ;
; memoria_completa:U_MEMORIA|RAM:U_RAM|mem~383                                                                               ; 1       ;
; memoria_completa:U_MEMORIA|RAM:U_RAM|mem~122                                                                               ; 1       ;
; memoria_completa:U_MEMORIA|RAM:U_RAM|mem~382                                                                               ; 1       ;
; memoria_completa:U_MEMORIA|RAM:U_RAM|mem~26                                                                                ; 1       ;
; memoria_completa:U_MEMORIA|RAM:U_RAM|mem~58                                                                                ; 1       ;
; memoria_completa:U_MEMORIA|RAM:U_RAM|mem~90                                                                                ; 1       ;
; memoria_completa:U_MEMORIA|RAM:U_RAM|mem~381                                                                               ; 1       ;
; memoria_completa:U_MEMORIA|RAM:U_RAM|mem~130                                                                               ; 1       ;
; memoria_completa:U_MEMORIA|RAM:U_RAM|mem~380                                                                               ; 1       ;
; memoria_completa:U_MEMORIA|RAM:U_RAM|mem~34                                                                                ; 1       ;
; memoria_completa:U_MEMORIA|RAM:U_RAM|mem~98                                                                                ; 1       ;
; memoria_completa:U_MEMORIA|RAM:U_RAM|mem~66                                                                                ; 1       ;
; memoria_completa:U_MEMORIA|RAM:U_RAM|mem~379                                                                               ; 1       ;
; memoria_completa:U_MEMORIA|RAM:U_RAM|mem~378                                                                               ; 1       ;
; memoria_completa:U_MEMORIA|RAM:U_RAM|mem~266                                                                               ; 1       ;
; memoria_completa:U_MEMORIA|RAM:U_RAM|mem~377                                                                               ; 1       ;
; memoria_completa:U_MEMORIA|RAM:U_RAM|mem~242                                                                               ; 1       ;
; memoria_completa:U_MEMORIA|RAM:U_RAM|mem~250                                                                               ; 1       ;
; memoria_completa:U_MEMORIA|RAM:U_RAM|mem~258                                                                               ; 1       ;
; memoria_completa:U_MEMORIA|RAM:U_RAM|mem~376                                                                               ; 1       ;
; memoria_completa:U_MEMORIA|RAM:U_RAM|mem~375                                                                               ; 1       ;
; memoria_completa:U_MEMORIA|RAM:U_RAM|mem~170                                                                               ; 1       ;
; memoria_completa:U_MEMORIA|RAM:U_RAM|mem~374                                                                               ; 1       ;
; memoria_completa:U_MEMORIA|RAM:U_RAM|mem~146                                                                               ; 1       ;
; memoria_completa:U_MEMORIA|RAM:U_RAM|mem~162                                                                               ; 1       ;
; memoria_completa:U_MEMORIA|RAM:U_RAM|mem~154                                                                               ; 1       ;
; memoria_completa:U_MEMORIA|RAM:U_RAM|mem~373                                                                               ; 1       ;
; memoria_completa:U_MEMORIA|RAM:U_RAM|mem~202                                                                               ; 1       ;
; memoria_completa:U_MEMORIA|RAM:U_RAM|mem~372                                                                               ; 1       ;
; memoria_completa:U_MEMORIA|RAM:U_RAM|mem~178                                                                               ; 1       ;
; memoria_completa:U_MEMORIA|RAM:U_RAM|mem~186                                                                               ; 1       ;
; memoria_completa:U_MEMORIA|RAM:U_RAM|mem~194                                                                               ; 1       ;
; memoria_completa:U_MEMORIA|RAM:U_RAM|mem~371                                                                               ; 1       ;
; memoria_completa:U_MEMORIA|RAM:U_RAM|mem~234                                                                               ; 1       ;
; memoria_completa:U_MEMORIA|RAM:U_RAM|mem~370                                                                               ; 1       ;
; memoria_completa:U_MEMORIA|RAM:U_RAM|mem~210                                                                               ; 1       ;
; memoria_completa:U_MEMORIA|RAM:U_RAM|mem~226                                                                               ; 1       ;
; memoria_completa:U_MEMORIA|RAM:U_RAM|mem~218                                                                               ; 1       ;
; memoria_completa:U_MEMORIA|data_out[5]~13                                                                                  ; 1       ;
; memoria_completa:U_MEMORIA|data_out[5]~12                                                                                  ; 1       ;
; memoria_completa:U_MEMORIA|RAM:U_RAM|mem~369                                                                               ; 1       ;
; memoria_completa:U_MEMORIA|RAM:U_RAM|mem~368                                                                               ; 1       ;
; memoria_completa:U_MEMORIA|RAM:U_RAM|mem~139                                                                               ; 1       ;
; memoria_completa:U_MEMORIA|RAM:U_RAM|mem~367                                                                               ; 1       ;
; memoria_completa:U_MEMORIA|RAM:U_RAM|mem~43                                                                                ; 1       ;
; memoria_completa:U_MEMORIA|RAM:U_RAM|mem~75                                                                                ; 1       ;
; memoria_completa:U_MEMORIA|RAM:U_RAM|mem~107                                                                               ; 1       ;
; memoria_completa:U_MEMORIA|RAM:U_RAM|mem~366                                                                               ; 1       ;
; memoria_completa:U_MEMORIA|RAM:U_RAM|mem~365                                                                               ; 1       ;
; memoria_completa:U_MEMORIA|RAM:U_RAM|mem~115                                                                               ; 1       ;
; memoria_completa:U_MEMORIA|RAM:U_RAM|mem~364                                                                               ; 1       ;
; memoria_completa:U_MEMORIA|RAM:U_RAM|mem~19                                                                                ; 1       ;
; memoria_completa:U_MEMORIA|RAM:U_RAM|mem~83                                                                                ; 1       ;
; memoria_completa:U_MEMORIA|RAM:U_RAM|mem~51                                                                                ; 1       ;
; memoria_completa:U_MEMORIA|RAM:U_RAM|mem~363                                                                               ; 1       ;
; memoria_completa:U_MEMORIA|RAM:U_RAM|mem~131                                                                               ; 1       ;
; memoria_completa:U_MEMORIA|RAM:U_RAM|mem~362                                                                               ; 1       ;
; memoria_completa:U_MEMORIA|RAM:U_RAM|mem~35                                                                                ; 1       ;
; memoria_completa:U_MEMORIA|RAM:U_RAM|mem~67                                                                                ; 1       ;
; memoria_completa:U_MEMORIA|RAM:U_RAM|mem~99                                                                                ; 1       ;
; memoria_completa:U_MEMORIA|RAM:U_RAM|mem~361                                                                               ; 1       ;
; memoria_completa:U_MEMORIA|RAM:U_RAM|mem~123                                                                               ; 1       ;
; memoria_completa:U_MEMORIA|RAM:U_RAM|mem~360                                                                               ; 1       ;
; memoria_completa:U_MEMORIA|RAM:U_RAM|mem~27                                                                                ; 1       ;
; memoria_completa:U_MEMORIA|RAM:U_RAM|mem~91                                                                                ; 1       ;
; memoria_completa:U_MEMORIA|RAM:U_RAM|mem~59                                                                                ; 1       ;
; memoria_completa:U_MEMORIA|RAM:U_RAM|mem~359                                                                               ; 1       ;
; memoria_completa:U_MEMORIA|RAM:U_RAM|mem~358                                                                               ; 1       ;
; memoria_completa:U_MEMORIA|RAM:U_RAM|mem~267                                                                               ; 1       ;
; memoria_completa:U_MEMORIA|RAM:U_RAM|mem~357                                                                               ; 1       ;
; memoria_completa:U_MEMORIA|RAM:U_RAM|mem~243                                                                               ; 1       ;
; memoria_completa:U_MEMORIA|RAM:U_RAM|mem~259                                                                               ; 1       ;
; memoria_completa:U_MEMORIA|RAM:U_RAM|mem~251                                                                               ; 1       ;
; memoria_completa:U_MEMORIA|RAM:U_RAM|mem~356                                                                               ; 1       ;
; memoria_completa:U_MEMORIA|RAM:U_RAM|mem~355                                                                               ; 1       ;
; memoria_completa:U_MEMORIA|RAM:U_RAM|mem~171                                                                               ; 1       ;
; memoria_completa:U_MEMORIA|RAM:U_RAM|mem~354                                                                               ; 1       ;
; memoria_completa:U_MEMORIA|RAM:U_RAM|mem~147                                                                               ; 1       ;
; memoria_completa:U_MEMORIA|RAM:U_RAM|mem~155                                                                               ; 1       ;
; memoria_completa:U_MEMORIA|RAM:U_RAM|mem~163                                                                               ; 1       ;
; memoria_completa:U_MEMORIA|RAM:U_RAM|mem~353                                                                               ; 1       ;
; memoria_completa:U_MEMORIA|RAM:U_RAM|mem~235                                                                               ; 1       ;
; memoria_completa:U_MEMORIA|RAM:U_RAM|mem~352                                                                               ; 1       ;
; memoria_completa:U_MEMORIA|RAM:U_RAM|mem~211                                                                               ; 1       ;
; memoria_completa:U_MEMORIA|RAM:U_RAM|mem~219                                                                               ; 1       ;
; memoria_completa:U_MEMORIA|RAM:U_RAM|mem~227                                                                               ; 1       ;
; memoria_completa:U_MEMORIA|RAM:U_RAM|mem~351                                                                               ; 1       ;
; memoria_completa:U_MEMORIA|RAM:U_RAM|mem~203                                                                               ; 1       ;
; memoria_completa:U_MEMORIA|RAM:U_RAM|mem~350                                                                               ; 1       ;
; memoria_completa:U_MEMORIA|RAM:U_RAM|mem~179                                                                               ; 1       ;
; memoria_completa:U_MEMORIA|RAM:U_RAM|mem~195                                                                               ; 1       ;
; memoria_completa:U_MEMORIA|RAM:U_RAM|mem~187                                                                               ; 1       ;
; memoria_completa:U_MEMORIA|data_out[6]~11                                                                                  ; 1       ;
; memoria_completa:U_MEMORIA|data_out[6]~10                                                                                  ; 1       ;
; memoria_completa:U_MEMORIA|RAM:U_RAM|mem~349                                                                               ; 1       ;
; memoria_completa:U_MEMORIA|RAM:U_RAM|mem~348                                                                               ; 1       ;
; memoria_completa:U_MEMORIA|RAM:U_RAM|mem~140                                                                               ; 1       ;
; memoria_completa:U_MEMORIA|RAM:U_RAM|mem~347                                                                               ; 1       ;
; memoria_completa:U_MEMORIA|RAM:U_RAM|mem~44                                                                                ; 1       ;
; memoria_completa:U_MEMORIA|RAM:U_RAM|mem~108                                                                               ; 1       ;
; memoria_completa:U_MEMORIA|RAM:U_RAM|mem~76                                                                                ; 1       ;
; memoria_completa:U_MEMORIA|RAM:U_RAM|mem~346                                                                               ; 1       ;
; memoria_completa:U_MEMORIA|RAM:U_RAM|mem~345                                                                               ; 1       ;
; memoria_completa:U_MEMORIA|RAM:U_RAM|mem~116                                                                               ; 1       ;
; memoria_completa:U_MEMORIA|RAM:U_RAM|mem~344                                                                               ; 1       ;
; memoria_completa:U_MEMORIA|RAM:U_RAM|mem~20                                                                                ; 1       ;
; memoria_completa:U_MEMORIA|RAM:U_RAM|mem~52                                                                                ; 1       ;
; memoria_completa:U_MEMORIA|RAM:U_RAM|mem~84                                                                                ; 1       ;
; memoria_completa:U_MEMORIA|RAM:U_RAM|mem~343                                                                               ; 1       ;
; memoria_completa:U_MEMORIA|RAM:U_RAM|mem~124                                                                               ; 1       ;
; memoria_completa:U_MEMORIA|RAM:U_RAM|mem~342                                                                               ; 1       ;
; memoria_completa:U_MEMORIA|RAM:U_RAM|mem~28                                                                                ; 1       ;
; memoria_completa:U_MEMORIA|RAM:U_RAM|mem~60                                                                                ; 1       ;
; memoria_completa:U_MEMORIA|RAM:U_RAM|mem~92                                                                                ; 1       ;
; memoria_completa:U_MEMORIA|RAM:U_RAM|mem~341                                                                               ; 1       ;
; memoria_completa:U_MEMORIA|RAM:U_RAM|mem~132                                                                               ; 1       ;
; memoria_completa:U_MEMORIA|RAM:U_RAM|mem~340                                                                               ; 1       ;
; memoria_completa:U_MEMORIA|RAM:U_RAM|mem~36                                                                                ; 1       ;
; memoria_completa:U_MEMORIA|RAM:U_RAM|mem~100                                                                               ; 1       ;
; memoria_completa:U_MEMORIA|RAM:U_RAM|mem~68                                                                                ; 1       ;
; memoria_completa:U_MEMORIA|RAM:U_RAM|mem~339                                                                               ; 1       ;
; memoria_completa:U_MEMORIA|RAM:U_RAM|mem~338                                                                               ; 1       ;
; memoria_completa:U_MEMORIA|RAM:U_RAM|mem~268                                                                               ; 1       ;
; memoria_completa:U_MEMORIA|RAM:U_RAM|mem~337                                                                               ; 1       ;
; memoria_completa:U_MEMORIA|RAM:U_RAM|mem~244                                                                               ; 1       ;
; memoria_completa:U_MEMORIA|RAM:U_RAM|mem~252                                                                               ; 1       ;
; memoria_completa:U_MEMORIA|RAM:U_RAM|mem~260                                                                               ; 1       ;
; memoria_completa:U_MEMORIA|RAM:U_RAM|mem~336                                                                               ; 1       ;
; memoria_completa:U_MEMORIA|RAM:U_RAM|mem~335                                                                               ; 1       ;
; memoria_completa:U_MEMORIA|RAM:U_RAM|mem~172                                                                               ; 1       ;
; memoria_completa:U_MEMORIA|RAM:U_RAM|mem~334                                                                               ; 1       ;
; memoria_completa:U_MEMORIA|RAM:U_RAM|mem~148                                                                               ; 1       ;
; memoria_completa:U_MEMORIA|RAM:U_RAM|mem~164                                                                               ; 1       ;
; memoria_completa:U_MEMORIA|RAM:U_RAM|mem~156                                                                               ; 1       ;
; memoria_completa:U_MEMORIA|RAM:U_RAM|mem~333                                                                               ; 1       ;
; memoria_completa:U_MEMORIA|RAM:U_RAM|mem~204                                                                               ; 1       ;
; memoria_completa:U_MEMORIA|RAM:U_RAM|mem~332                                                                               ; 1       ;
; memoria_completa:U_MEMORIA|RAM:U_RAM|mem~180                                                                               ; 1       ;
; memoria_completa:U_MEMORIA|RAM:U_RAM|mem~188                                                                               ; 1       ;
; memoria_completa:U_MEMORIA|RAM:U_RAM|mem~196                                                                               ; 1       ;
; memoria_completa:U_MEMORIA|RAM:U_RAM|mem~331                                                                               ; 1       ;
; memoria_completa:U_MEMORIA|RAM:U_RAM|mem~236                                                                               ; 1       ;
; memoria_completa:U_MEMORIA|RAM:U_RAM|mem~330                                                                               ; 1       ;
; memoria_completa:U_MEMORIA|RAM:U_RAM|mem~212                                                                               ; 1       ;
; memoria_completa:U_MEMORIA|RAM:U_RAM|mem~228                                                                               ; 1       ;
; memoria_completa:U_MEMORIA|RAM:U_RAM|mem~220                                                                               ; 1       ;
; memoria_completa:U_MEMORIA|data_out[7]~9                                                                                   ; 1       ;
; memoria_completa:U_MEMORIA|data_out[7]~8                                                                                   ; 1       ;
; memoria_completa:U_MEMORIA|RAM:U_RAM|mem~329                                                                               ; 1       ;
; memoria_completa:U_MEMORIA|RAM:U_RAM|mem~328                                                                               ; 1       ;
; memoria_completa:U_MEMORIA|RAM:U_RAM|mem~141                                                                               ; 1       ;
; memoria_completa:U_MEMORIA|RAM:U_RAM|mem~327                                                                               ; 1       ;
; memoria_completa:U_MEMORIA|RAM:U_RAM|mem~45                                                                                ; 1       ;
; memoria_completa:U_MEMORIA|RAM:U_RAM|mem~77                                                                                ; 1       ;
; memoria_completa:U_MEMORIA|RAM:U_RAM|mem~109                                                                               ; 1       ;
; memoria_completa:U_MEMORIA|RAM:U_RAM|mem~326                                                                               ; 1       ;
; memoria_completa:U_MEMORIA|RAM:U_RAM|mem~325                                                                               ; 1       ;
; memoria_completa:U_MEMORIA|RAM:U_RAM|mem~117                                                                               ; 1       ;
; memoria_completa:U_MEMORIA|RAM:U_RAM|mem~324                                                                               ; 1       ;
; memoria_completa:U_MEMORIA|RAM:U_RAM|mem~21                                                                                ; 1       ;
; memoria_completa:U_MEMORIA|RAM:U_RAM|mem~85                                                                                ; 1       ;
; memoria_completa:U_MEMORIA|RAM:U_RAM|mem~53                                                                                ; 1       ;
; memoria_completa:U_MEMORIA|RAM:U_RAM|mem~323                                                                               ; 1       ;
; memoria_completa:U_MEMORIA|RAM:U_RAM|mem~133                                                                               ; 1       ;
; memoria_completa:U_MEMORIA|RAM:U_RAM|mem~322                                                                               ; 1       ;
; memoria_completa:U_MEMORIA|RAM:U_RAM|mem~37                                                                                ; 1       ;
; memoria_completa:U_MEMORIA|RAM:U_RAM|mem~69                                                                                ; 1       ;
; memoria_completa:U_MEMORIA|RAM:U_RAM|mem~101                                                                               ; 1       ;
; memoria_completa:U_MEMORIA|RAM:U_RAM|mem~321                                                                               ; 1       ;
; memoria_completa:U_MEMORIA|RAM:U_RAM|mem~125                                                                               ; 1       ;
; memoria_completa:U_MEMORIA|RAM:U_RAM|mem~320                                                                               ; 1       ;
; memoria_completa:U_MEMORIA|RAM:U_RAM|mem~29                                                                                ; 1       ;
; memoria_completa:U_MEMORIA|RAM:U_RAM|mem~93                                                                                ; 1       ;
; memoria_completa:U_MEMORIA|RAM:U_RAM|mem~61                                                                                ; 1       ;
; memoria_completa:U_MEMORIA|RAM:U_RAM|mem~319                                                                               ; 1       ;
; memoria_completa:U_MEMORIA|RAM:U_RAM|mem~318                                                                               ; 1       ;
; memoria_completa:U_MEMORIA|RAM:U_RAM|mem~269                                                                               ; 1       ;
; memoria_completa:U_MEMORIA|RAM:U_RAM|mem~317                                                                               ; 1       ;
; memoria_completa:U_MEMORIA|RAM:U_RAM|mem~245                                                                               ; 1       ;
; memoria_completa:U_MEMORIA|RAM:U_RAM|mem~261                                                                               ; 1       ;
; memoria_completa:U_MEMORIA|RAM:U_RAM|mem~253                                                                               ; 1       ;
; memoria_completa:U_MEMORIA|RAM:U_RAM|mem~316                                                                               ; 1       ;
; memoria_completa:U_MEMORIA|RAM:U_RAM|mem~315                                                                               ; 1       ;
; memoria_completa:U_MEMORIA|RAM:U_RAM|mem~173                                                                               ; 1       ;
; memoria_completa:U_MEMORIA|RAM:U_RAM|mem~314                                                                               ; 1       ;
; memoria_completa:U_MEMORIA|RAM:U_RAM|mem~149                                                                               ; 1       ;
; memoria_completa:U_MEMORIA|RAM:U_RAM|mem~157                                                                               ; 1       ;
; memoria_completa:U_MEMORIA|RAM:U_RAM|mem~165                                                                               ; 1       ;
; memoria_completa:U_MEMORIA|RAM:U_RAM|mem~313                                                                               ; 1       ;
; memoria_completa:U_MEMORIA|RAM:U_RAM|mem~237                                                                               ; 1       ;
; memoria_completa:U_MEMORIA|RAM:U_RAM|mem~312                                                                               ; 1       ;
; memoria_completa:U_MEMORIA|RAM:U_RAM|mem~213                                                                               ; 1       ;
; memoria_completa:U_MEMORIA|RAM:U_RAM|mem~221                                                                               ; 1       ;
; memoria_completa:U_MEMORIA|RAM:U_RAM|mem~229                                                                               ; 1       ;
; memoria_completa:U_MEMORIA|RAM:U_RAM|mem~311                                                                               ; 1       ;
; memoria_completa:U_MEMORIA|RAM:U_RAM|mem~205                                                                               ; 1       ;
; memoria_completa:U_MEMORIA|RAM:U_RAM|mem~310                                                                               ; 1       ;
; memoria_completa:U_MEMORIA|RAM:U_RAM|mem~181                                                                               ; 1       ;
; memoria_completa:U_MEMORIA|RAM:U_RAM|mem~197                                                                               ; 1       ;
; memoria_completa:U_MEMORIA|RAM:U_RAM|mem~189                                                                               ; 1       ;
; memoria_completa:U_MEMORIA|data_out[0]~5                                                                                   ; 1       ;
; memoria_completa:U_MEMORIA|data_out[0]~4                                                                                   ; 1       ;
; memoria_completa:U_MEMORIA|RAM:U_RAM|mem~309                                                                               ; 1       ;
; memoria_completa:U_MEMORIA|RAM:U_RAM|mem~308                                                                               ; 1       ;
; memoria_completa:U_MEMORIA|RAM:U_RAM|mem~134                                                                               ; 1       ;
; memoria_completa:U_MEMORIA|RAM:U_RAM|mem~307                                                                               ; 1       ;
; memoria_completa:U_MEMORIA|RAM:U_RAM|mem~62                                                                                ; 1       ;
; memoria_completa:U_MEMORIA|RAM:U_RAM|mem~126                                                                               ; 1       ;
; memoria_completa:U_MEMORIA|RAM:U_RAM|mem~70                                                                                ; 1       ;
; memoria_completa:U_MEMORIA|RAM:U_RAM|mem~306                                                                               ; 1       ;
; memoria_completa:U_MEMORIA|RAM:U_RAM|mem~305                                                                               ; 1       ;
; memoria_completa:U_MEMORIA|RAM:U_RAM|mem~86                                                                                ; 1       ;
; memoria_completa:U_MEMORIA|RAM:U_RAM|mem~304                                                                               ; 1       ;
; memoria_completa:U_MEMORIA|RAM:U_RAM|mem~14                                                                                ; 1       ;
; memoria_completa:U_MEMORIA|RAM:U_RAM|mem~22                                                                                ; 1       ;
; memoria_completa:U_MEMORIA|RAM:U_RAM|mem~78                                                                                ; 1       ;
; memoria_completa:U_MEMORIA|RAM:U_RAM|mem~303                                                                               ; 1       ;
; memoria_completa:U_MEMORIA|RAM:U_RAM|mem~102                                                                               ; 1       ;
; memoria_completa:U_MEMORIA|RAM:U_RAM|mem~302                                                                               ; 1       ;
; memoria_completa:U_MEMORIA|RAM:U_RAM|mem~30                                                                                ; 1       ;
; memoria_completa:U_MEMORIA|RAM:U_RAM|mem~38                                                                                ; 1       ;
; memoria_completa:U_MEMORIA|RAM:U_RAM|mem~94                                                                                ; 1       ;
; memoria_completa:U_MEMORIA|RAM:U_RAM|mem~301                                                                               ; 1       ;
; memoria_completa:U_MEMORIA|RAM:U_RAM|mem~118                                                                               ; 1       ;
; memoria_completa:U_MEMORIA|RAM:U_RAM|mem~300                                                                               ; 1       ;
; memoria_completa:U_MEMORIA|RAM:U_RAM|mem~46                                                                                ; 1       ;
; memoria_completa:U_MEMORIA|RAM:U_RAM|mem~54                                                                                ; 1       ;
; memoria_completa:U_MEMORIA|RAM:U_RAM|mem~110                                                                               ; 1       ;
; memoria_completa:U_MEMORIA|RAM:U_RAM|mem~299                                                                               ; 1       ;
; memoria_completa:U_MEMORIA|RAM:U_RAM|mem~298                                                                               ; 1       ;
; memoria_completa:U_MEMORIA|RAM:U_RAM|mem~262                                                                               ; 1       ;
; memoria_completa:U_MEMORIA|RAM:U_RAM|mem~297                                                                               ; 1       ;
; memoria_completa:U_MEMORIA|RAM:U_RAM|mem~238                                                                               ; 1       ;
; memoria_completa:U_MEMORIA|RAM:U_RAM|mem~246                                                                               ; 1       ;
; memoria_completa:U_MEMORIA|RAM:U_RAM|mem~254                                                                               ; 1       ;
; memoria_completa:U_MEMORIA|RAM:U_RAM|mem~296                                                                               ; 1       ;
; memoria_completa:U_MEMORIA|RAM:U_RAM|mem~295                                                                               ; 1       ;
; memoria_completa:U_MEMORIA|RAM:U_RAM|mem~166                                                                               ; 1       ;
; memoria_completa:U_MEMORIA|RAM:U_RAM|mem~294                                                                               ; 1       ;
; memoria_completa:U_MEMORIA|RAM:U_RAM|mem~142                                                                               ; 1       ;
; memoria_completa:U_MEMORIA|RAM:U_RAM|mem~150                                                                               ; 1       ;
; memoria_completa:U_MEMORIA|RAM:U_RAM|mem~158                                                                               ; 1       ;
; memoria_completa:U_MEMORIA|RAM:U_RAM|mem~293                                                                               ; 1       ;
; memoria_completa:U_MEMORIA|RAM:U_RAM|mem~230                                                                               ; 1       ;
; memoria_completa:U_MEMORIA|RAM:U_RAM|mem~292                                                                               ; 1       ;
; memoria_completa:U_MEMORIA|RAM:U_RAM|mem~206                                                                               ; 1       ;
; memoria_completa:U_MEMORIA|RAM:U_RAM|mem~214                                                                               ; 1       ;
; memoria_completa:U_MEMORIA|RAM:U_RAM|mem~222                                                                               ; 1       ;
; memoria_completa:U_MEMORIA|RAM:U_RAM|mem~291                                                                               ; 1       ;
; memoria_completa:U_MEMORIA|RAM:U_RAM|mem~198                                                                               ; 1       ;
; memoria_completa:U_MEMORIA|RAM:U_RAM|mem~290                                                                               ; 1       ;
; memoria_completa:U_MEMORIA|RAM:U_RAM|mem~174                                                                               ; 1       ;
; memoria_completa:U_MEMORIA|RAM:U_RAM|mem~182                                                                               ; 1       ;
; memoria_completa:U_MEMORIA|RAM:U_RAM|mem~190                                                                               ; 1       ;
; memoria_completa:U_MEMORIA|data_out[1]~2                                                                                   ; 1       ;
; memoria_completa:U_MEMORIA|RAM:U_RAM|mem~289                                                                               ; 1       ;
; memoria_completa:U_MEMORIA|RAM:U_RAM|mem~288                                                                               ; 1       ;
; memoria_completa:U_MEMORIA|RAM:U_RAM|mem~135                                                                               ; 1       ;
; memoria_completa:U_MEMORIA|RAM:U_RAM|mem~287                                                                               ; 1       ;
; memoria_completa:U_MEMORIA|RAM:U_RAM|mem~39                                                                                ; 1       ;
; memoria_completa:U_MEMORIA|RAM:U_RAM|mem~103                                                                               ; 1       ;
; memoria_completa:U_MEMORIA|RAM:U_RAM|mem~71                                                                                ; 1       ;
; memoria_completa:U_MEMORIA|RAM:U_RAM|mem~286                                                                               ; 1       ;
; memoria_completa:U_MEMORIA|RAM:U_RAM|mem~285                                                                               ; 1       ;
; memoria_completa:U_MEMORIA|RAM:U_RAM|mem~111                                                                               ; 1       ;
; memoria_completa:U_MEMORIA|RAM:U_RAM|mem~284                                                                               ; 1       ;
+----------------------------------------------------------------------------------------------------------------------------+---------+


+------------------------------------------------+
; Routing Usage Summary                          ;
+-----------------------+------------------------+
; Routing Resource Type ; Usage                  ;
+-----------------------+------------------------+
; Block interconnects   ; 1,436 / 47,787 ( 3 % ) ;
; C16 interconnects     ; 27 / 1,804 ( 1 % )     ;
; C4 interconnects      ; 677 / 31,272 ( 2 % )   ;
; Direct links          ; 263 / 47,787 ( < 1 % ) ;
; Global clocks         ; 1 / 20 ( 5 % )         ;
; Local interconnects   ; 556 / 15,408 ( 4 % )   ;
; R24 interconnects     ; 27 / 1,775 ( 2 % )     ;
; R4 interconnects      ; 805 / 41,310 ( 2 % )   ;
+-----------------------+------------------------+


+----------------------------------------------------------------------------+
; LAB Logic Elements                                                         ;
+---------------------------------------------+------------------------------+
; Number of Logic Elements  (Average = 13.20) ; Number of LABs  (Total = 82) ;
+---------------------------------------------+------------------------------+
; 1                                           ; 3                            ;
; 2                                           ; 1                            ;
; 3                                           ; 0                            ;
; 4                                           ; 2                            ;
; 5                                           ; 0                            ;
; 6                                           ; 3                            ;
; 7                                           ; 1                            ;
; 8                                           ; 0                            ;
; 9                                           ; 4                            ;
; 10                                          ; 2                            ;
; 11                                          ; 4                            ;
; 12                                          ; 3                            ;
; 13                                          ; 7                            ;
; 14                                          ; 5                            ;
; 15                                          ; 5                            ;
; 16                                          ; 42                           ;
+---------------------------------------------+------------------------------+


+-------------------------------------------------------------------+
; LAB-wide Signals                                                  ;
+------------------------------------+------------------------------+
; LAB-wide Signals  (Average = 1.65) ; Number of LABs  (Total = 82) ;
+------------------------------------+------------------------------+
; 1 Async. clear                     ; 36                           ;
; 1 Clock                            ; 67                           ;
; 1 Clock enable                     ; 22                           ;
; 1 Sync. clear                      ; 2                            ;
; 1 Sync. load                       ; 1                            ;
; 2 Async. clears                    ; 2                            ;
; 2 Clock enables                    ; 5                            ;
+------------------------------------+------------------------------+


+-----------------------------------------------------------------------------+
; LAB Signals Sourced                                                         ;
+----------------------------------------------+------------------------------+
; Number of Signals Sourced  (Average = 19.39) ; Number of LABs  (Total = 82) ;
+----------------------------------------------+------------------------------+
; 0                                            ; 0                            ;
; 1                                            ; 2                            ;
; 2                                            ; 1                            ;
; 3                                            ; 1                            ;
; 4                                            ; 2                            ;
; 5                                            ; 0                            ;
; 6                                            ; 1                            ;
; 7                                            ; 0                            ;
; 8                                            ; 0                            ;
; 9                                            ; 2                            ;
; 10                                           ; 0                            ;
; 11                                           ; 3                            ;
; 12                                           ; 0                            ;
; 13                                           ; 0                            ;
; 14                                           ; 5                            ;
; 15                                           ; 2                            ;
; 16                                           ; 8                            ;
; 17                                           ; 5                            ;
; 18                                           ; 6                            ;
; 19                                           ; 2                            ;
; 20                                           ; 5                            ;
; 21                                           ; 8                            ;
; 22                                           ; 3                            ;
; 23                                           ; 4                            ;
; 24                                           ; 0                            ;
; 25                                           ; 2                            ;
; 26                                           ; 3                            ;
; 27                                           ; 2                            ;
; 28                                           ; 4                            ;
; 29                                           ; 1                            ;
; 30                                           ; 2                            ;
; 31                                           ; 6                            ;
; 32                                           ; 2                            ;
+----------------------------------------------+------------------------------+


+--------------------------------------------------------------------------------+
; LAB Signals Sourced Out                                                        ;
+-------------------------------------------------+------------------------------+
; Number of Signals Sourced Out  (Average = 9.16) ; Number of LABs  (Total = 82) ;
+-------------------------------------------------+------------------------------+
; 0                                               ; 0                            ;
; 1                                               ; 3                            ;
; 2                                               ; 1                            ;
; 3                                               ; 4                            ;
; 4                                               ; 6                            ;
; 5                                               ; 2                            ;
; 6                                               ; 1                            ;
; 7                                               ; 8                            ;
; 8                                               ; 10                           ;
; 9                                               ; 12                           ;
; 10                                              ; 7                            ;
; 11                                              ; 4                            ;
; 12                                              ; 3                            ;
; 13                                              ; 8                            ;
; 14                                              ; 6                            ;
; 15                                              ; 2                            ;
; 16                                              ; 3                            ;
; 17                                              ; 2                            ;
+-------------------------------------------------+------------------------------+


+-----------------------------------------------------------------------------+
; LAB Distinct Inputs                                                         ;
+----------------------------------------------+------------------------------+
; Number of Distinct Inputs  (Average = 16.32) ; Number of LABs  (Total = 82) ;
+----------------------------------------------+------------------------------+
; 0                                            ; 0                            ;
; 1                                            ; 0                            ;
; 2                                            ; 1                            ;
; 3                                            ; 1                            ;
; 4                                            ; 3                            ;
; 5                                            ; 1                            ;
; 6                                            ; 2                            ;
; 7                                            ; 6                            ;
; 8                                            ; 0                            ;
; 9                                            ; 2                            ;
; 10                                           ; 4                            ;
; 11                                           ; 5                            ;
; 12                                           ; 3                            ;
; 13                                           ; 2                            ;
; 14                                           ; 4                            ;
; 15                                           ; 4                            ;
; 16                                           ; 4                            ;
; 17                                           ; 3                            ;
; 18                                           ; 5                            ;
; 19                                           ; 7                            ;
; 20                                           ; 0                            ;
; 21                                           ; 3                            ;
; 22                                           ; 4                            ;
; 23                                           ; 2                            ;
; 24                                           ; 1                            ;
; 25                                           ; 5                            ;
; 26                                           ; 2                            ;
; 27                                           ; 1                            ;
; 28                                           ; 0                            ;
; 29                                           ; 4                            ;
; 30                                           ; 1                            ;
; 31                                           ; 2                            ;
+----------------------------------------------+------------------------------+


+------------------------------------------+
; I/O Rules Summary                        ;
+----------------------------------+-------+
; I/O Rules Statistic              ; Total ;
+----------------------------------+-------+
; Total I/O Rules                  ; 30    ;
; Number of I/O Rules Passed       ; 14    ;
; Number of I/O Rules Failed       ; 0     ;
; Number of I/O Rules Unchecked    ; 0     ;
; Number of I/O Rules Inapplicable ; 16    ;
+----------------------------------+-------+


+----------------------------------------------------------------------------------------------------------------------------------------------------------------------------------------------------------------------------------------------------------------------------+
; I/O Rules Details                                                                                                                                                                                                                                                          ;
+--------------+-----------+-----------------------------------+------------------------------------------------------------------------------------------------------+----------+-------------------------------------------------+---------------------+-------------------+
; Status       ; ID        ; Category                          ; Rule Description                                                                                     ; Severity ; Information                                     ; Area                ; Extra Information ;
+--------------+-----------+-----------------------------------+------------------------------------------------------------------------------------------------------+----------+-------------------------------------------------+---------------------+-------------------+
; Pass         ; IO_000001 ; Capacity Checks                   ; Number of pins in an I/O bank should not exceed the number of locations available.                   ; Critical ; 0 such failures found.                          ; I/O                 ;                   ;
; Inapplicable ; IO_000002 ; Capacity Checks                   ; Number of clocks in an I/O bank should not exceed the number of clocks available.                    ; Critical ; No Global Signal assignments found.             ; I/O                 ;                   ;
; Pass         ; IO_000003 ; Capacity Checks                   ; Number of pins in a Vrefgroup should not exceed the number of locations available.                   ; Critical ; 0 such failures found.                          ; I/O                 ;                   ;
; Inapplicable ; IO_000004 ; Voltage Compatibility Checks      ; The I/O bank should support the requested VCCIO.                                                     ; Critical ; No IOBANK_VCCIO assignments found.              ; I/O                 ;                   ;
; Inapplicable ; IO_000005 ; Voltage Compatibility Checks      ; The I/O bank should not have competing VREF values.                                                  ; Critical ; No VREF I/O Standard assignments found.         ; I/O                 ;                   ;
; Pass         ; IO_000006 ; Voltage Compatibility Checks      ; The I/O bank should not have competing VCCIO values.                                                 ; Critical ; 0 such failures found.                          ; I/O                 ;                   ;
; Pass         ; IO_000007 ; Valid Location Checks             ; Checks for unavailable locations.                                                                    ; Critical ; 0 such failures found.                          ; I/O                 ;                   ;
; Inapplicable ; IO_000008 ; Valid Location Checks             ; Checks for reserved locations.                                                                       ; Critical ; No reserved LogicLock region found.             ; I/O                 ;                   ;
; Pass         ; IO_000009 ; I/O Properties Checks for One I/O ; The location should support the requested I/O standard.                                              ; Critical ; 0 such failures found.                          ; I/O                 ;                   ;
; Pass         ; IO_000010 ; I/O Properties Checks for One I/O ; The location should support the requested I/O direction.                                             ; Critical ; 0 such failures found.                          ; I/O                 ;                   ;
; Inapplicable ; IO_000011 ; I/O Properties Checks for One I/O ; The location should support the requested Current Strength.                                          ; Critical ; No Current Strength assignments found.          ; I/O                 ;                   ;
; Pass         ; IO_000012 ; I/O Properties Checks for One I/O ; The location should support the requested On Chip Termination value.                                 ; Critical ; 0 such failures found.                          ; I/O                 ;                   ;
; Inapplicable ; IO_000013 ; I/O Properties Checks for One I/O ; The location should support the requested Bus Hold value.                                            ; Critical ; No Enable Bus-Hold Circuitry assignments found. ; I/O                 ;                   ;
; Pass         ; IO_000014 ; I/O Properties Checks for One I/O ; The location should support the requested Weak Pull Up value.                                        ; Critical ; 0 such failures found.                          ; I/O                 ;                   ;
; Pass         ; IO_000015 ; I/O Properties Checks for One I/O ; The location should support the requested PCI Clamp Diode.                                           ; Critical ; 0 such failures found.                          ; I/O                 ;                   ;
; Inapplicable ; IO_000018 ; I/O Properties Checks for One I/O ; The I/O standard should support the requested Current Strength.                                      ; Critical ; No Current Strength assignments found.          ; I/O                 ;                   ;
; Pass         ; IO_000019 ; I/O Properties Checks for One I/O ; The I/O standard should support the requested On Chip Termination value.                             ; Critical ; 0 such failures found.                          ; I/O                 ;                   ;
; Pass         ; IO_000020 ; I/O Properties Checks for One I/O ; The I/O standard should support the requested PCI Clamp Diode.                                       ; Critical ; 0 such failures found.                          ; I/O                 ;                   ;
; Pass         ; IO_000021 ; I/O Properties Checks for One I/O ; The I/O standard should support the requested Weak Pull Up value.                                    ; Critical ; 0 such failures found.                          ; I/O                 ;                   ;
; Inapplicable ; IO_000022 ; I/O Properties Checks for One I/O ; The I/O standard should support the requested Bus Hold value.                                        ; Critical ; No Enable Bus-Hold Circuitry assignments found. ; I/O                 ;                   ;
; Inapplicable ; IO_000023 ; I/O Properties Checks for One I/O ; The I/O standard should support the Open Drain value.                                                ; Critical ; No open drain assignments found.                ; I/O                 ;                   ;
; Pass         ; IO_000024 ; I/O Properties Checks for One I/O ; The I/O direction should support the On Chip Termination value.                                      ; Critical ; 0 such failures found.                          ; I/O                 ;                   ;
; Inapplicable ; IO_000026 ; I/O Properties Checks for One I/O ; On Chip Termination and Current Strength should not be used at the same time.                        ; Critical ; No Current Strength assignments found.          ; I/O                 ;                   ;
; Inapplicable ; IO_000027 ; I/O Properties Checks for One I/O ; Weak Pull Up and Bus Hold should not be used at the same time.                                       ; Critical ; No Enable Bus-Hold Circuitry assignments found. ; I/O                 ;                   ;
; Inapplicable ; IO_000045 ; I/O Properties Checks for One I/O ; The I/O standard should support the requested Slew Rate value.                                       ; Critical ; No Slew Rate assignments found.                 ; I/O                 ;                   ;
; Inapplicable ; IO_000046 ; I/O Properties Checks for One I/O ; The location should support the requested Slew Rate value.                                           ; Critical ; No Slew Rate assignments found.                 ; I/O                 ;                   ;
; Inapplicable ; IO_000047 ; I/O Properties Checks for One I/O ; On Chip Termination and Slew Rate should not be used at the same time.                               ; Critical ; No Slew Rate assignments found.                 ; I/O                 ;                   ;
; Pass         ; IO_000033 ; Electromigration Checks           ; Current density for consecutive I/Os should not exceed 240mA for row I/Os and 240mA for column I/Os. ; Critical ; 0 such failures found.                          ; I/O                 ;                   ;
; Inapplicable ; IO_000034 ; SI Related Distance Checks        ; Single-ended outputs should be 5 LAB row(s) away from a differential I/O.                            ; High     ; No Differential I/O Standard assignments found. ; I/O                 ;                   ;
; Inapplicable ; IO_000042 ; SI Related SSO Limit Checks       ; No more than 20 outputs are allowed in a VREF group when VREF is being read from.                    ; High     ; No VREF I/O Standard assignments found.         ; I/O                 ;                   ;
; ----         ; ----      ; Disclaimer                        ; OCT rules are checked but not reported.                                                              ; None     ; ----                                            ; On Chip Termination ;                   ;
+--------------+-----------+-----------------------------------+------------------------------------------------------------------------------------------------------+----------+-------------------------------------------------+---------------------+-------------------+


+-----------------------------------------------------------------------------------------------------------------------------------------------------------------------------------------------------------------------------------------------------------------------------------------------------------------------------------------------------------------------------------------------------------------------------------------------------------------+
; I/O Rules Matrix                                                                                                                                                                                                                                                                                                                                                                                                                                                ;
+--------------------+-----------+--------------+-----------+--------------+--------------+-----------+-----------+--------------+-----------+-----------+--------------+--------------+--------------+--------------+--------------+--------------+--------------+--------------+--------------+--------------+--------------+--------------+--------------+--------------+--------------+--------------+--------------+-----------+--------------+--------------+
; Pin/Rules          ; IO_000001 ; IO_000002    ; IO_000003 ; IO_000004    ; IO_000005    ; IO_000006 ; IO_000007 ; IO_000008    ; IO_000009 ; IO_000010 ; IO_000011    ; IO_000012    ; IO_000013    ; IO_000014    ; IO_000015    ; IO_000018    ; IO_000019    ; IO_000020    ; IO_000021    ; IO_000022    ; IO_000023    ; IO_000024    ; IO_000026    ; IO_000027    ; IO_000045    ; IO_000046    ; IO_000047    ; IO_000033 ; IO_000034    ; IO_000042    ;
+--------------------+-----------+--------------+-----------+--------------+--------------+-----------+-----------+--------------+-----------+-----------+--------------+--------------+--------------+--------------+--------------+--------------+--------------+--------------+--------------+--------------+--------------+--------------+--------------+--------------+--------------+--------------+--------------+-----------+--------------+--------------+
; Total Pass         ; 50        ; 0            ; 50        ; 0            ; 0            ; 50        ; 50        ; 0            ; 50        ; 50        ; 0            ; 41           ; 0            ; 4            ; 9            ; 0            ; 41           ; 9            ; 4            ; 0            ; 0            ; 41           ; 0            ; 0            ; 0            ; 0            ; 0            ; 50        ; 0            ; 0            ;
; Total Unchecked    ; 0         ; 0            ; 0         ; 0            ; 0            ; 0         ; 0         ; 0            ; 0         ; 0         ; 0            ; 0            ; 0            ; 0            ; 0            ; 0            ; 0            ; 0            ; 0            ; 0            ; 0            ; 0            ; 0            ; 0            ; 0            ; 0            ; 0            ; 0         ; 0            ; 0            ;
; Total Inapplicable ; 0         ; 50           ; 0         ; 50           ; 50           ; 0         ; 0         ; 50           ; 0         ; 0         ; 50           ; 9            ; 50           ; 46           ; 41           ; 50           ; 9            ; 41           ; 46           ; 50           ; 50           ; 9            ; 50           ; 50           ; 50           ; 50           ; 50           ; 0         ; 50           ; 50           ;
; Total Fail         ; 0         ; 0            ; 0         ; 0            ; 0            ; 0         ; 0         ; 0            ; 0         ; 0         ; 0            ; 0            ; 0            ; 0            ; 0            ; 0            ; 0            ; 0            ; 0            ; 0            ; 0            ; 0            ; 0            ; 0            ; 0            ; 0            ; 0            ; 0         ; 0            ; 0            ;
; COLUMNA[0]         ; Pass      ; Inapplicable ; Pass      ; Inapplicable ; Inapplicable ; Pass      ; Pass      ; Inapplicable ; Pass      ; Pass      ; Inapplicable ; Pass         ; Inapplicable ; Inapplicable ; Inapplicable ; Inapplicable ; Pass         ; Inapplicable ; Inapplicable ; Inapplicable ; Inapplicable ; Pass         ; Inapplicable ; Inapplicable ; Inapplicable ; Inapplicable ; Inapplicable ; Pass      ; Inapplicable ; Inapplicable ;
; COLUMNA[1]         ; Pass      ; Inapplicable ; Pass      ; Inapplicable ; Inapplicable ; Pass      ; Pass      ; Inapplicable ; Pass      ; Pass      ; Inapplicable ; Pass         ; Inapplicable ; Inapplicable ; Inapplicable ; Inapplicable ; Pass         ; Inapplicable ; Inapplicable ; Inapplicable ; Inapplicable ; Pass         ; Inapplicable ; Inapplicable ; Inapplicable ; Inapplicable ; Inapplicable ; Pass      ; Inapplicable ; Inapplicable ;
; COLUMNA[2]         ; Pass      ; Inapplicable ; Pass      ; Inapplicable ; Inapplicable ; Pass      ; Pass      ; Inapplicable ; Pass      ; Pass      ; Inapplicable ; Pass         ; Inapplicable ; Inapplicable ; Inapplicable ; Inapplicable ; Pass         ; Inapplicable ; Inapplicable ; Inapplicable ; Inapplicable ; Pass         ; Inapplicable ; Inapplicable ; Inapplicable ; Inapplicable ; Inapplicable ; Pass      ; Inapplicable ; Inapplicable ;
; COLUMNA[3]         ; Pass      ; Inapplicable ; Pass      ; Inapplicable ; Inapplicable ; Pass      ; Pass      ; Inapplicable ; Pass      ; Pass      ; Inapplicable ; Pass         ; Inapplicable ; Inapplicable ; Inapplicable ; Inapplicable ; Pass         ; Inapplicable ; Inapplicable ; Inapplicable ; Inapplicable ; Pass         ; Inapplicable ; Inapplicable ; Inapplicable ; Inapplicable ; Inapplicable ; Pass      ; Inapplicable ; Inapplicable ;
; HEX0[0]            ; Pass      ; Inapplicable ; Pass      ; Inapplicable ; Inapplicable ; Pass      ; Pass      ; Inapplicable ; Pass      ; Pass      ; Inapplicable ; Pass         ; Inapplicable ; Inapplicable ; Inapplicable ; Inapplicable ; Pass         ; Inapplicable ; Inapplicable ; Inapplicable ; Inapplicable ; Pass         ; Inapplicable ; Inapplicable ; Inapplicable ; Inapplicable ; Inapplicable ; Pass      ; Inapplicable ; Inapplicable ;
; HEX0[1]            ; Pass      ; Inapplicable ; Pass      ; Inapplicable ; Inapplicable ; Pass      ; Pass      ; Inapplicable ; Pass      ; Pass      ; Inapplicable ; Pass         ; Inapplicable ; Inapplicable ; Inapplicable ; Inapplicable ; Pass         ; Inapplicable ; Inapplicable ; Inapplicable ; Inapplicable ; Pass         ; Inapplicable ; Inapplicable ; Inapplicable ; Inapplicable ; Inapplicable ; Pass      ; Inapplicable ; Inapplicable ;
; HEX0[2]            ; Pass      ; Inapplicable ; Pass      ; Inapplicable ; Inapplicable ; Pass      ; Pass      ; Inapplicable ; Pass      ; Pass      ; Inapplicable ; Pass         ; Inapplicable ; Inapplicable ; Inapplicable ; Inapplicable ; Pass         ; Inapplicable ; Inapplicable ; Inapplicable ; Inapplicable ; Pass         ; Inapplicable ; Inapplicable ; Inapplicable ; Inapplicable ; Inapplicable ; Pass      ; Inapplicable ; Inapplicable ;
; HEX0[3]            ; Pass      ; Inapplicable ; Pass      ; Inapplicable ; Inapplicable ; Pass      ; Pass      ; Inapplicable ; Pass      ; Pass      ; Inapplicable ; Pass         ; Inapplicable ; Inapplicable ; Inapplicable ; Inapplicable ; Pass         ; Inapplicable ; Inapplicable ; Inapplicable ; Inapplicable ; Pass         ; Inapplicable ; Inapplicable ; Inapplicable ; Inapplicable ; Inapplicable ; Pass      ; Inapplicable ; Inapplicable ;
; HEX0[4]            ; Pass      ; Inapplicable ; Pass      ; Inapplicable ; Inapplicable ; Pass      ; Pass      ; Inapplicable ; Pass      ; Pass      ; Inapplicable ; Pass         ; Inapplicable ; Inapplicable ; Inapplicable ; Inapplicable ; Pass         ; Inapplicable ; Inapplicable ; Inapplicable ; Inapplicable ; Pass         ; Inapplicable ; Inapplicable ; Inapplicable ; Inapplicable ; Inapplicable ; Pass      ; Inapplicable ; Inapplicable ;
; HEX0[5]            ; Pass      ; Inapplicable ; Pass      ; Inapplicable ; Inapplicable ; Pass      ; Pass      ; Inapplicable ; Pass      ; Pass      ; Inapplicable ; Pass         ; Inapplicable ; Inapplicable ; Inapplicable ; Inapplicable ; Pass         ; Inapplicable ; Inapplicable ; Inapplicable ; Inapplicable ; Pass         ; Inapplicable ; Inapplicable ; Inapplicable ; Inapplicable ; Inapplicable ; Pass      ; Inapplicable ; Inapplicable ;
; HEX0[6]            ; Pass      ; Inapplicable ; Pass      ; Inapplicable ; Inapplicable ; Pass      ; Pass      ; Inapplicable ; Pass      ; Pass      ; Inapplicable ; Pass         ; Inapplicable ; Inapplicable ; Inapplicable ; Inapplicable ; Pass         ; Inapplicable ; Inapplicable ; Inapplicable ; Inapplicable ; Pass         ; Inapplicable ; Inapplicable ; Inapplicable ; Inapplicable ; Inapplicable ; Pass      ; Inapplicable ; Inapplicable ;
; HEX1[0]            ; Pass      ; Inapplicable ; Pass      ; Inapplicable ; Inapplicable ; Pass      ; Pass      ; Inapplicable ; Pass      ; Pass      ; Inapplicable ; Pass         ; Inapplicable ; Inapplicable ; Inapplicable ; Inapplicable ; Pass         ; Inapplicable ; Inapplicable ; Inapplicable ; Inapplicable ; Pass         ; Inapplicable ; Inapplicable ; Inapplicable ; Inapplicable ; Inapplicable ; Pass      ; Inapplicable ; Inapplicable ;
; HEX1[1]            ; Pass      ; Inapplicable ; Pass      ; Inapplicable ; Inapplicable ; Pass      ; Pass      ; Inapplicable ; Pass      ; Pass      ; Inapplicable ; Pass         ; Inapplicable ; Inapplicable ; Inapplicable ; Inapplicable ; Pass         ; Inapplicable ; Inapplicable ; Inapplicable ; Inapplicable ; Pass         ; Inapplicable ; Inapplicable ; Inapplicable ; Inapplicable ; Inapplicable ; Pass      ; Inapplicable ; Inapplicable ;
; HEX1[2]            ; Pass      ; Inapplicable ; Pass      ; Inapplicable ; Inapplicable ; Pass      ; Pass      ; Inapplicable ; Pass      ; Pass      ; Inapplicable ; Pass         ; Inapplicable ; Inapplicable ; Inapplicable ; Inapplicable ; Pass         ; Inapplicable ; Inapplicable ; Inapplicable ; Inapplicable ; Pass         ; Inapplicable ; Inapplicable ; Inapplicable ; Inapplicable ; Inapplicable ; Pass      ; Inapplicable ; Inapplicable ;
; HEX1[3]            ; Pass      ; Inapplicable ; Pass      ; Inapplicable ; Inapplicable ; Pass      ; Pass      ; Inapplicable ; Pass      ; Pass      ; Inapplicable ; Pass         ; Inapplicable ; Inapplicable ; Inapplicable ; Inapplicable ; Pass         ; Inapplicable ; Inapplicable ; Inapplicable ; Inapplicable ; Pass         ; Inapplicable ; Inapplicable ; Inapplicable ; Inapplicable ; Inapplicable ; Pass      ; Inapplicable ; Inapplicable ;
; HEX1[4]            ; Pass      ; Inapplicable ; Pass      ; Inapplicable ; Inapplicable ; Pass      ; Pass      ; Inapplicable ; Pass      ; Pass      ; Inapplicable ; Pass         ; Inapplicable ; Inapplicable ; Inapplicable ; Inapplicable ; Pass         ; Inapplicable ; Inapplicable ; Inapplicable ; Inapplicable ; Pass         ; Inapplicable ; Inapplicable ; Inapplicable ; Inapplicable ; Inapplicable ; Pass      ; Inapplicable ; Inapplicable ;
; HEX1[5]            ; Pass      ; Inapplicable ; Pass      ; Inapplicable ; Inapplicable ; Pass      ; Pass      ; Inapplicable ; Pass      ; Pass      ; Inapplicable ; Pass         ; Inapplicable ; Inapplicable ; Inapplicable ; Inapplicable ; Pass         ; Inapplicable ; Inapplicable ; Inapplicable ; Inapplicable ; Pass         ; Inapplicable ; Inapplicable ; Inapplicable ; Inapplicable ; Inapplicable ; Pass      ; Inapplicable ; Inapplicable ;
; HEX1[6]            ; Pass      ; Inapplicable ; Pass      ; Inapplicable ; Inapplicable ; Pass      ; Pass      ; Inapplicable ; Pass      ; Pass      ; Inapplicable ; Pass         ; Inapplicable ; Inapplicable ; Inapplicable ; Inapplicable ; Pass         ; Inapplicable ; Inapplicable ; Inapplicable ; Inapplicable ; Pass         ; Inapplicable ; Inapplicable ; Inapplicable ; Inapplicable ; Inapplicable ; Pass      ; Inapplicable ; Inapplicable ;
; HEX2[0]            ; Pass      ; Inapplicable ; Pass      ; Inapplicable ; Inapplicable ; Pass      ; Pass      ; Inapplicable ; Pass      ; Pass      ; Inapplicable ; Pass         ; Inapplicable ; Inapplicable ; Inapplicable ; Inapplicable ; Pass         ; Inapplicable ; Inapplicable ; Inapplicable ; Inapplicable ; Pass         ; Inapplicable ; Inapplicable ; Inapplicable ; Inapplicable ; Inapplicable ; Pass      ; Inapplicable ; Inapplicable ;
; HEX2[1]            ; Pass      ; Inapplicable ; Pass      ; Inapplicable ; Inapplicable ; Pass      ; Pass      ; Inapplicable ; Pass      ; Pass      ; Inapplicable ; Pass         ; Inapplicable ; Inapplicable ; Inapplicable ; Inapplicable ; Pass         ; Inapplicable ; Inapplicable ; Inapplicable ; Inapplicable ; Pass         ; Inapplicable ; Inapplicable ; Inapplicable ; Inapplicable ; Inapplicable ; Pass      ; Inapplicable ; Inapplicable ;
; HEX2[2]            ; Pass      ; Inapplicable ; Pass      ; Inapplicable ; Inapplicable ; Pass      ; Pass      ; Inapplicable ; Pass      ; Pass      ; Inapplicable ; Pass         ; Inapplicable ; Inapplicable ; Inapplicable ; Inapplicable ; Pass         ; Inapplicable ; Inapplicable ; Inapplicable ; Inapplicable ; Pass         ; Inapplicable ; Inapplicable ; Inapplicable ; Inapplicable ; Inapplicable ; Pass      ; Inapplicable ; Inapplicable ;
; HEX2[3]            ; Pass      ; Inapplicable ; Pass      ; Inapplicable ; Inapplicable ; Pass      ; Pass      ; Inapplicable ; Pass      ; Pass      ; Inapplicable ; Pass         ; Inapplicable ; Inapplicable ; Inapplicable ; Inapplicable ; Pass         ; Inapplicable ; Inapplicable ; Inapplicable ; Inapplicable ; Pass         ; Inapplicable ; Inapplicable ; Inapplicable ; Inapplicable ; Inapplicable ; Pass      ; Inapplicable ; Inapplicable ;
; HEX2[4]            ; Pass      ; Inapplicable ; Pass      ; Inapplicable ; Inapplicable ; Pass      ; Pass      ; Inapplicable ; Pass      ; Pass      ; Inapplicable ; Pass         ; Inapplicable ; Inapplicable ; Inapplicable ; Inapplicable ; Pass         ; Inapplicable ; Inapplicable ; Inapplicable ; Inapplicable ; Pass         ; Inapplicable ; Inapplicable ; Inapplicable ; Inapplicable ; Inapplicable ; Pass      ; Inapplicable ; Inapplicable ;
; HEX2[5]            ; Pass      ; Inapplicable ; Pass      ; Inapplicable ; Inapplicable ; Pass      ; Pass      ; Inapplicable ; Pass      ; Pass      ; Inapplicable ; Pass         ; Inapplicable ; Inapplicable ; Inapplicable ; Inapplicable ; Pass         ; Inapplicable ; Inapplicable ; Inapplicable ; Inapplicable ; Pass         ; Inapplicable ; Inapplicable ; Inapplicable ; Inapplicable ; Inapplicable ; Pass      ; Inapplicable ; Inapplicable ;
; HEX2[6]            ; Pass      ; Inapplicable ; Pass      ; Inapplicable ; Inapplicable ; Pass      ; Pass      ; Inapplicable ; Pass      ; Pass      ; Inapplicable ; Pass         ; Inapplicable ; Inapplicable ; Inapplicable ; Inapplicable ; Pass         ; Inapplicable ; Inapplicable ; Inapplicable ; Inapplicable ; Pass         ; Inapplicable ; Inapplicable ; Inapplicable ; Inapplicable ; Inapplicable ; Pass      ; Inapplicable ; Inapplicable ;
; HEX3[0]            ; Pass      ; Inapplicable ; Pass      ; Inapplicable ; Inapplicable ; Pass      ; Pass      ; Inapplicable ; Pass      ; Pass      ; Inapplicable ; Pass         ; Inapplicable ; Inapplicable ; Inapplicable ; Inapplicable ; Pass         ; Inapplicable ; Inapplicable ; Inapplicable ; Inapplicable ; Pass         ; Inapplicable ; Inapplicable ; Inapplicable ; Inapplicable ; Inapplicable ; Pass      ; Inapplicable ; Inapplicable ;
; HEX3[1]            ; Pass      ; Inapplicable ; Pass      ; Inapplicable ; Inapplicable ; Pass      ; Pass      ; Inapplicable ; Pass      ; Pass      ; Inapplicable ; Pass         ; Inapplicable ; Inapplicable ; Inapplicable ; Inapplicable ; Pass         ; Inapplicable ; Inapplicable ; Inapplicable ; Inapplicable ; Pass         ; Inapplicable ; Inapplicable ; Inapplicable ; Inapplicable ; Inapplicable ; Pass      ; Inapplicable ; Inapplicable ;
; HEX3[2]            ; Pass      ; Inapplicable ; Pass      ; Inapplicable ; Inapplicable ; Pass      ; Pass      ; Inapplicable ; Pass      ; Pass      ; Inapplicable ; Pass         ; Inapplicable ; Inapplicable ; Inapplicable ; Inapplicable ; Pass         ; Inapplicable ; Inapplicable ; Inapplicable ; Inapplicable ; Pass         ; Inapplicable ; Inapplicable ; Inapplicable ; Inapplicable ; Inapplicable ; Pass      ; Inapplicable ; Inapplicable ;
; HEX3[3]            ; Pass      ; Inapplicable ; Pass      ; Inapplicable ; Inapplicable ; Pass      ; Pass      ; Inapplicable ; Pass      ; Pass      ; Inapplicable ; Pass         ; Inapplicable ; Inapplicable ; Inapplicable ; Inapplicable ; Pass         ; Inapplicable ; Inapplicable ; Inapplicable ; Inapplicable ; Pass         ; Inapplicable ; Inapplicable ; Inapplicable ; Inapplicable ; Inapplicable ; Pass      ; Inapplicable ; Inapplicable ;
; HEX3[4]            ; Pass      ; Inapplicable ; Pass      ; Inapplicable ; Inapplicable ; Pass      ; Pass      ; Inapplicable ; Pass      ; Pass      ; Inapplicable ; Pass         ; Inapplicable ; Inapplicable ; Inapplicable ; Inapplicable ; Pass         ; Inapplicable ; Inapplicable ; Inapplicable ; Inapplicable ; Pass         ; Inapplicable ; Inapplicable ; Inapplicable ; Inapplicable ; Inapplicable ; Pass      ; Inapplicable ; Inapplicable ;
; HEX3[5]            ; Pass      ; Inapplicable ; Pass      ; Inapplicable ; Inapplicable ; Pass      ; Pass      ; Inapplicable ; Pass      ; Pass      ; Inapplicable ; Pass         ; Inapplicable ; Inapplicable ; Inapplicable ; Inapplicable ; Pass         ; Inapplicable ; Inapplicable ; Inapplicable ; Inapplicable ; Pass         ; Inapplicable ; Inapplicable ; Inapplicable ; Inapplicable ; Inapplicable ; Pass      ; Inapplicable ; Inapplicable ;
; HEX3[6]            ; Pass      ; Inapplicable ; Pass      ; Inapplicable ; Inapplicable ; Pass      ; Pass      ; Inapplicable ; Pass      ; Pass      ; Inapplicable ; Pass         ; Inapplicable ; Inapplicable ; Inapplicable ; Inapplicable ; Pass         ; Inapplicable ; Inapplicable ; Inapplicable ; Inapplicable ; Pass         ; Inapplicable ; Inapplicable ; Inapplicable ; Inapplicable ; Inapplicable ; Pass      ; Inapplicable ; Inapplicable ;
; SERVO_PWM          ; Pass      ; Inapplicable ; Pass      ; Inapplicable ; Inapplicable ; Pass      ; Pass      ; Inapplicable ; Pass      ; Pass      ; Inapplicable ; Pass         ; Inapplicable ; Inapplicable ; Inapplicable ; Inapplicable ; Pass         ; Inapplicable ; Inapplicable ; Inapplicable ; Inapplicable ; Pass         ; Inapplicable ; Inapplicable ; Inapplicable ; Inapplicable ; Inapplicable ; Pass      ; Inapplicable ; Inapplicable ;
; BUZZER_OUT         ; Pass      ; Inapplicable ; Pass      ; Inapplicable ; Inapplicable ; Pass      ; Pass      ; Inapplicable ; Pass      ; Pass      ; Inapplicable ; Pass         ; Inapplicable ; Inapplicable ; Inapplicable ; Inapplicable ; Pass         ; Inapplicable ; Inapplicable ; Inapplicable ; Inapplicable ; Pass         ; Inapplicable ; Inapplicable ; Inapplicable ; Inapplicable ; Inapplicable ; Pass      ; Inapplicable ; Inapplicable ;
; LED_ABRIR          ; Pass      ; Inapplicable ; Pass      ; Inapplicable ; Inapplicable ; Pass      ; Pass      ; Inapplicable ; Pass      ; Pass      ; Inapplicable ; Pass         ; Inapplicable ; Inapplicable ; Inapplicable ; Inapplicable ; Pass         ; Inapplicable ; Inapplicable ; Inapplicable ; Inapplicable ; Pass         ; Inapplicable ; Inapplicable ; Inapplicable ; Inapplicable ; Inapplicable ; Pass      ; Inapplicable ; Inapplicable ;
; LED_ALARMA         ; Pass      ; Inapplicable ; Pass      ; Inapplicable ; Inapplicable ; Pass      ; Pass      ; Inapplicable ; Pass      ; Pass      ; Inapplicable ; Pass         ; Inapplicable ; Inapplicable ; Inapplicable ; Inapplicable ; Pass         ; Inapplicable ; Inapplicable ; Inapplicable ; Inapplicable ; Pass         ; Inapplicable ; Inapplicable ; Inapplicable ; Inapplicable ; Inapplicable ; Pass      ; Inapplicable ; Inapplicable ;
; LED_BLOQUEO        ; Pass      ; Inapplicable ; Pass      ; Inapplicable ; Inapplicable ; Pass      ; Pass      ; Inapplicable ; Pass      ; Pass      ; Inapplicable ; Pass         ; Inapplicable ; Inapplicable ; Inapplicable ; Inapplicable ; Pass         ; Inapplicable ; Inapplicable ; Inapplicable ; Inapplicable ; Pass         ; Inapplicable ; Inapplicable ; Inapplicable ; Inapplicable ; Inapplicable ; Pass      ; Inapplicable ; Inapplicable ;
; LED_MANANA         ; Pass      ; Inapplicable ; Pass      ; Inapplicable ; Inapplicable ; Pass      ; Pass      ; Inapplicable ; Pass      ; Pass      ; Inapplicable ; Pass         ; Inapplicable ; Inapplicable ; Inapplicable ; Inapplicable ; Pass         ; Inapplicable ; Inapplicable ; Inapplicable ; Inapplicable ; Pass         ; Inapplicable ; Inapplicable ; Inapplicable ; Inapplicable ; Inapplicable ; Pass      ; Inapplicable ; Inapplicable ;
; LED_TARDE          ; Pass      ; Inapplicable ; Pass      ; Inapplicable ; Inapplicable ; Pass      ; Pass      ; Inapplicable ; Pass      ; Pass      ; Inapplicable ; Pass         ; Inapplicable ; Inapplicable ; Inapplicable ; Inapplicable ; Pass         ; Inapplicable ; Inapplicable ; Inapplicable ; Inapplicable ; Pass         ; Inapplicable ; Inapplicable ; Inapplicable ; Inapplicable ; Inapplicable ; Pass      ; Inapplicable ; Inapplicable ;
; LED_NOCHE          ; Pass      ; Inapplicable ; Pass      ; Inapplicable ; Inapplicable ; Pass      ; Pass      ; Inapplicable ; Pass      ; Pass      ; Inapplicable ; Pass         ; Inapplicable ; Inapplicable ; Inapplicable ; Inapplicable ; Pass         ; Inapplicable ; Inapplicable ; Inapplicable ; Inapplicable ; Pass         ; Inapplicable ; Inapplicable ; Inapplicable ; Inapplicable ; Inapplicable ; Pass      ; Inapplicable ; Inapplicable ;
; LED_FIN            ; Pass      ; Inapplicable ; Pass      ; Inapplicable ; Inapplicable ; Pass      ; Pass      ; Inapplicable ; Pass      ; Pass      ; Inapplicable ; Pass         ; Inapplicable ; Inapplicable ; Inapplicable ; Inapplicable ; Pass         ; Inapplicable ; Inapplicable ; Inapplicable ; Inapplicable ; Pass         ; Inapplicable ; Inapplicable ; Inapplicable ; Inapplicable ; Inapplicable ; Pass      ; Inapplicable ; Inapplicable ;
; CLOCK_50           ; Pass      ; Inapplicable ; Pass      ; Inapplicable ; Inapplicable ; Pass      ; Pass      ; Inapplicable ; Pass      ; Pass      ; Inapplicable ; Inapplicable ; Inapplicable ; Inapplicable ; Pass         ; Inapplicable ; Inapplicable ; Pass         ; Inapplicable ; Inapplicable ; Inapplicable ; Inapplicable ; Inapplicable ; Inapplicable ; Inapplicable ; Inapplicable ; Inapplicable ; Pass      ; Inapplicable ; Inapplicable ;
; RESET              ; Pass      ; Inapplicable ; Pass      ; Inapplicable ; Inapplicable ; Pass      ; Pass      ; Inapplicable ; Pass      ; Pass      ; Inapplicable ; Inapplicable ; Inapplicable ; Inapplicable ; Pass         ; Inapplicable ; Inapplicable ; Pass         ; Inapplicable ; Inapplicable ; Inapplicable ; Inapplicable ; Inapplicable ; Inapplicable ; Inapplicable ; Inapplicable ; Inapplicable ; Pass      ; Inapplicable ; Inapplicable ;
; INTRUSION_SW       ; Pass      ; Inapplicable ; Pass      ; Inapplicable ; Inapplicable ; Pass      ; Pass      ; Inapplicable ; Pass      ; Pass      ; Inapplicable ; Inapplicable ; Inapplicable ; Inapplicable ; Pass         ; Inapplicable ; Inapplicable ; Pass         ; Inapplicable ; Inapplicable ; Inapplicable ; Inapplicable ; Inapplicable ; Inapplicable ; Inapplicable ; Inapplicable ; Inapplicable ; Pass      ; Inapplicable ; Inapplicable ;
; SENSOR_PUERTA      ; Pass      ; Inapplicable ; Pass      ; Inapplicable ; Inapplicable ; Pass      ; Pass      ; Inapplicable ; Pass      ; Pass      ; Inapplicable ; Inapplicable ; Inapplicable ; Inapplicable ; Pass         ; Inapplicable ; Inapplicable ; Pass         ; Inapplicable ; Inapplicable ; Inapplicable ; Inapplicable ; Inapplicable ; Inapplicable ; Inapplicable ; Inapplicable ; Inapplicable ; Pass      ; Inapplicable ; Inapplicable ;
; SALIR_ADMIN        ; Pass      ; Inapplicable ; Pass      ; Inapplicable ; Inapplicable ; Pass      ; Pass      ; Inapplicable ; Pass      ; Pass      ; Inapplicable ; Inapplicable ; Inapplicable ; Inapplicable ; Pass         ; Inapplicable ; Inapplicable ; Pass         ; Inapplicable ; Inapplicable ; Inapplicable ; Inapplicable ; Inapplicable ; Inapplicable ; Inapplicable ; Inapplicable ; Inapplicable ; Pass      ; Inapplicable ; Inapplicable ;
; FILA[0]            ; Pass      ; Inapplicable ; Pass      ; Inapplicable ; Inapplicable ; Pass      ; Pass      ; Inapplicable ; Pass      ; Pass      ; Inapplicable ; Inapplicable ; Inapplicable ; Pass         ; Pass         ; Inapplicable ; Inapplicable ; Pass         ; Pass         ; Inapplicable ; Inapplicable ; Inapplicable ; Inapplicable ; Inapplicable ; Inapplicable ; Inapplicable ; Inapplicable ; Pass      ; Inapplicable ; Inapplicable ;
; FILA[1]            ; Pass      ; Inapplicable ; Pass      ; Inapplicable ; Inapplicable ; Pass      ; Pass      ; Inapplicable ; Pass      ; Pass      ; Inapplicable ; Inapplicable ; Inapplicable ; Pass         ; Pass         ; Inapplicable ; Inapplicable ; Pass         ; Pass         ; Inapplicable ; Inapplicable ; Inapplicable ; Inapplicable ; Inapplicable ; Inapplicable ; Inapplicable ; Inapplicable ; Pass      ; Inapplicable ; Inapplicable ;
; FILA[2]            ; Pass      ; Inapplicable ; Pass      ; Inapplicable ; Inapplicable ; Pass      ; Pass      ; Inapplicable ; Pass      ; Pass      ; Inapplicable ; Inapplicable ; Inapplicable ; Pass         ; Pass         ; Inapplicable ; Inapplicable ; Pass         ; Pass         ; Inapplicable ; Inapplicable ; Inapplicable ; Inapplicable ; Inapplicable ; Inapplicable ; Inapplicable ; Inapplicable ; Pass      ; Inapplicable ; Inapplicable ;
; FILA[3]            ; Pass      ; Inapplicable ; Pass      ; Inapplicable ; Inapplicable ; Pass      ; Pass      ; Inapplicable ; Pass      ; Pass      ; Inapplicable ; Inapplicable ; Inapplicable ; Pass         ; Pass         ; Inapplicable ; Inapplicable ; Pass         ; Pass         ; Inapplicable ; Inapplicable ; Inapplicable ; Inapplicable ; Inapplicable ; Inapplicable ; Inapplicable ; Inapplicable ; Pass      ; Inapplicable ; Inapplicable ;
+--------------------+-----------+--------------+-----------+--------------+--------------+-----------+-----------+--------------+-----------+-----------+--------------+--------------+--------------+--------------+--------------+--------------+--------------+--------------+--------------+--------------+--------------+--------------+--------------+--------------+--------------+--------------+--------------+-----------+--------------+--------------+


+---------------------------------------------------------------------------------------------+
; Fitter Device Options                                                                       ;
+------------------------------------------------------------------+--------------------------+
; Option                                                           ; Setting                  ;
+------------------------------------------------------------------+--------------------------+
; Enable user-supplied start-up clock (CLKUSR)                     ; Off                      ;
; Enable device-wide reset (DEV_CLRn)                              ; Off                      ;
; Enable device-wide output enable (DEV_OE)                        ; Off                      ;
; Enable INIT_DONE output                                          ; Off                      ;
; Configuration scheme                                             ; Active Serial            ;
; Error detection CRC                                              ; Off                      ;
; Enable open drain on CRC_ERROR pin                               ; Off                      ;
; Enable input tri-state on active configuration pins in user mode ; Off                      ;
; Configuration Voltage Level                                      ; Auto                     ;
; Force Configuration Voltage Level                                ; Off                      ;
; nCEO                                                             ; As output driving ground ;
; Data[0]                                                          ; As input tri-stated      ;
; Data[1]/ASDO                                                     ; As input tri-stated      ;
; Data[7..2]                                                       ; Unreserved               ;
; FLASH_nCE/nCSO                                                   ; As input tri-stated      ;
; Other Active Parallel pins                                       ; Unreserved               ;
; DCLK                                                             ; As output driving ground ;
; Base pin-out file on sameframe device                            ; Off                      ;
+------------------------------------------------------------------+--------------------------+


+------------------------------------+
; Operating Settings and Conditions  ;
+---------------------------+--------+
; Setting                   ; Value  ;
+---------------------------+--------+
; Nominal Core Voltage      ; 1.20 V ;
; Low Junction Temperature  ; 0 °C   ;
; High Junction Temperature ; 85 °C  ;
+---------------------------+--------+


+-----------------+
; Fitter Messages ;
+-----------------+
Info (11104): Parallel Compilation has detected 4 hyper-threaded processors. However, the extra hyper-threaded processors will not be used by default. Parallel Compilation will use 2 of the 2 physical processors detected instead.
Info (119006): Selected device EP3C16F484C6 for design "top_principal"
Info (21077): Core supply voltage is 1.2V
Info (21077): Low junction temperature is 0 degrees C
Info (21077): High junction temperature is 85 degrees C
Info (171003): Fitter is performing an Auto Fit compilation, which may decrease Fitter effort to reduce compilation time
Warning (292013): Feature LogicLock is only available with a valid subscription license. You can purchase a software subscription to gain full access to this feature.
Info (176444): Device migration not selected. If you intend to use device migration later, you may need to change the pin assignments as they may be incompatible with other devices
    Info (176445): Device EP3C40F484C6 is compatible
    Info (176445): Device EP3C55F484C6 is compatible
    Info (176445): Device EP3C80F484C6 is compatible
Info (169124): Fitter converted 5 user pins into dedicated programming pins
    Info (169125): Pin ~ALTERA_ASDO_DATA1~ is reserved at location D1
    Info (169125): Pin ~ALTERA_FLASH_nCE_nCSO~ is reserved at location E2
    Info (169125): Pin ~ALTERA_DCLK~ is reserved at location K2
    Info (169125): Pin ~ALTERA_DATA0~ is reserved at location K1
    Info (169125): Pin ~ALTERA_nCEO~ is reserved at location K22
Warning (15714): Some pins have incomplete I/O assignments. Refer to the I/O Assignment Warnings report for details
Critical Warning (332012): Synopsys Design Constraints File file not found: 'top_principal.sdc'. A Synopsys Design Constraints File is required by the TimeQuest Timing Analyzer to get proper timing constraints. Without it, the Compiler will not properly optimize the design.
Info (332144): No user constrained base clocks found in the design
Info (332143): No user constrained clock uncertainty found in the design. Calling "derive_clock_uncertainty"
Info (332154): The derive_clock_uncertainty command did not apply clock uncertainty to any clock-to-clock transfers.
Info (332130): Timing requirements not specified -- quality metrics such as performance may be sacrificed to reduce compilation time.
Info (176353): Automatically promoted node CLOCK_50~input (placed in PIN G21 (CLK4, DIFFCLK_2p))
    Info (176355): Automatically promoted destinations to use location or clock signal Global Clock CLKCTRL_G9
Info (176233): Starting register packing
Info (176235): Finished register packing
    Extra Info (176219): No registers were packed into other blocks
Info (171121): Fitter preparation operations ending: elapsed time is 00:00:02
Info (170189): Fitter placement preparation operations beginning
Info (170190): Fitter placement preparation operations ending: elapsed time is 00:00:01
Info (170191): Fitter placement operations beginning
Info (170137): Fitter placement was successful
Info (170192): Fitter placement operations ending: elapsed time is 00:00:02
Info (170193): Fitter routing operations beginning
Info (170195): Router estimated average interconnect usage is 1% of the available device resources
    Info (170196): Router estimated peak interconnect usage is 5% of the available device resources in the region that extends from location X21_Y20 to location X30_Y29
Info (170194): Fitter routing operations ending: elapsed time is 00:00:02
Info (170199): The Fitter performed an Auto Fit compilation.  Optimizations were skipped to reduce compilation time.
    Info (170201): Optimizations that may affect the design's routability were skipped
Info (11888): Total time spent on timing analysis during the Fitter is 0.25 seconds.
Info (334003): Started post-fitting delay annotation
Info (334004): Delay annotation completed successfully
Info (334003): Started post-fitting delay annotation
Info (334004): Delay annotation completed successfully
Info (11218): Fitter post-fit operations ending: elapsed time is 00:00:02
Info (144001): Generated suppressed messages file E:/trabajoVHDL/trabajoVHDL/top_principal/output_files/top_principal.fit.smsg
Info: Quartus II 64-Bit Fitter was successful. 0 errors, 3 warnings
    Info: Peak virtual memory: 5179 megabytes
    Info: Processing ended: Tue May 12 17:42:56 2026
    Info: Elapsed time: 00:00:24
    Info: Total CPU time (on all processors): 00:00:06


+----------------------------+
; Fitter Suppressed Messages ;
+----------------------------+
The suppressed messages can be found in E:/trabajoVHDL/trabajoVHDL/top_principal/output_files/top_principal.fit.smsg.


