TimeQuest Timing Analyzer report for maquina_estados_principal
Thu May 07 23:16:30 2026
Quartus II 64-Bit Version 13.1.0 Build 162 10/23/2013 SJ Web Edition


---------------------
; Table of Contents ;
---------------------
  1. Legal Notice
  2. TimeQuest Timing Analyzer Summary
  3. Parallel Compilation
  4. Clocks
  5. Slow 1200mV 85C Model Fmax Summary
  6. Timing Closure Recommendations
  7. Slow 1200mV 85C Model Setup Summary
  8. Slow 1200mV 85C Model Hold Summary
  9. Slow 1200mV 85C Model Recovery Summary
 10. Slow 1200mV 85C Model Removal Summary
 11. Slow 1200mV 85C Model Minimum Pulse Width Summary
 12. Slow 1200mV 85C Model Setup: 'clk'
 13. Slow 1200mV 85C Model Hold: 'clk'
 14. Slow 1200mV 85C Model Minimum Pulse Width: 'clk'
 15. Setup Times
 16. Hold Times
 17. Clock to Output Times
 18. Minimum Clock to Output Times
 19. Propagation Delay
 20. Minimum Propagation Delay
 21. Slow 1200mV 85C Model Metastability Report
 22. Slow 1200mV 0C Model Fmax Summary
 23. Slow 1200mV 0C Model Setup Summary
 24. Slow 1200mV 0C Model Hold Summary
 25. Slow 1200mV 0C Model Recovery Summary
 26. Slow 1200mV 0C Model Removal Summary
 27. Slow 1200mV 0C Model Minimum Pulse Width Summary
 28. Slow 1200mV 0C Model Setup: 'clk'
 29. Slow 1200mV 0C Model Hold: 'clk'
 30. Slow 1200mV 0C Model Minimum Pulse Width: 'clk'
 31. Setup Times
 32. Hold Times
 33. Clock to Output Times
 34. Minimum Clock to Output Times
 35. Propagation Delay
 36. Minimum Propagation Delay
 37. Slow 1200mV 0C Model Metastability Report
 38. Fast 1200mV 0C Model Setup Summary
 39. Fast 1200mV 0C Model Hold Summary
 40. Fast 1200mV 0C Model Recovery Summary
 41. Fast 1200mV 0C Model Removal Summary
 42. Fast 1200mV 0C Model Minimum Pulse Width Summary
 43. Fast 1200mV 0C Model Setup: 'clk'
 44. Fast 1200mV 0C Model Hold: 'clk'
 45. Fast 1200mV 0C Model Minimum Pulse Width: 'clk'
 46. Setup Times
 47. Hold Times
 48. Clock to Output Times
 49. Minimum Clock to Output Times
 50. Propagation Delay
 51. Minimum Propagation Delay
 52. Fast 1200mV 0C Model Metastability Report
 53. Multicorner Timing Analysis Summary
 54. Setup Times
 55. Hold Times
 56. Clock to Output Times
 57. Minimum Clock to Output Times
 58. Propagation Delay
 59. Minimum Propagation Delay
 60. Board Trace Model Assignments
 61. Input Transition Times
 62. Slow Corner Signal Integrity Metrics
 63. Fast Corner Signal Integrity Metrics
 64. Setup Transfers
 65. Hold Transfers
 66. Report TCCS
 67. Report RSKM
 68. Unconstrained Paths
 69. TimeQuest Timing Analyzer Messages



----------------
; Legal Notice ;
----------------
Copyright (C) 1991-2013 Altera Corporation
Your use of Altera Corporation's design tools, logic functions 
and other software and tools, and its AMPP partner logic 
functions, and any output files from any of the foregoing 
(including device programming or simulation files), and any 
associated documentation or information are expressly subject 
to the terms and conditions of the Altera Program License 
Subscription Agreement, Altera MegaCore Function License 
Agreement, or other applicable license agreement, including, 
without limitation, that your use is for the sole purpose of 
programming logic devices manufactured by Altera and sold by 
Altera or its authorized distributors.  Please refer to the 
applicable agreement for further details.



+-------------------------------------------------------------------------+
; TimeQuest Timing Analyzer Summary                                       ;
+--------------------+----------------------------------------------------+
; Quartus II Version ; Version 13.1.0 Build 162 10/23/2013 SJ Web Edition ;
; Revision Name      ; maquina_estados_principal                          ;
; Device Family      ; Cyclone III                                        ;
; Device Name        ; EP3C16F484C6                                       ;
; Timing Models      ; Final                                              ;
; Delay Model        ; Combined                                           ;
; Rise/Fall Delays   ; Enabled                                            ;
+--------------------+----------------------------------------------------+


+------------------------------------------+
; Parallel Compilation                     ;
+----------------------------+-------------+
; Processors                 ; Number      ;
+----------------------------+-------------+
; Number detected on machine ; 12          ;
; Maximum allowed            ; 12          ;
;                            ;             ;
; Average used               ; 1.00        ;
; Maximum used               ; 12          ;
;                            ;             ;
; Usage by Processor         ; % Time Used ;
;     Processor 1            ; 100.0%      ;
;     Processors 2-12        ; < 0.1%      ;
+----------------------------+-------------+


+---------------------------------------------------------------------------------------------------------------------------------------------------------------------------------+
; Clocks                                                                                                                                                                          ;
+------------+------+--------+------------+-------+-------+------------+-----------+-------------+-------+--------+-----------+------------+----------+--------+--------+---------+
; Clock Name ; Type ; Period ; Frequency  ; Rise  ; Fall  ; Duty Cycle ; Divide by ; Multiply by ; Phase ; Offset ; Edge List ; Edge Shift ; Inverted ; Master ; Source ; Targets ;
+------------+------+--------+------------+-------+-------+------------+-----------+-------------+-------+--------+-----------+------------+----------+--------+--------+---------+
; clk        ; Base ; 1.000  ; 1000.0 MHz ; 0.000 ; 0.500 ;            ;           ;             ;       ;        ;           ;            ;          ;        ;        ; { clk } ;
+------------+------+--------+------------+-------+-------+------------+-----------+-------------+-------+--------+-----------+------------+----------+--------+--------+---------+


+-----------------------------------------------------------------------------------------------------------+
; Slow 1200mV 85C Model Fmax Summary                                                                        ;
+------------+-----------------+------------+---------------------------------------------------------------+
; Fmax       ; Restricted Fmax ; Clock Name ; Note                                                          ;
+------------+-----------------+------------+---------------------------------------------------------------+
; 357.02 MHz ; 250.0 MHz       ; clk        ; limit due to minimum period restriction (max I/O toggle rate) ;
+------------+-----------------+------------+---------------------------------------------------------------+
This panel reports FMAX for every clock in the design, regardless of the user-specified clock periods.  FMAX is only computed for paths where the source and destination registers or ports are driven by the same clock.  Paths of different clocks, including generated clocks, are ignored.  For paths between a clock and its inversion, FMAX is computed as if the rising and falling edges are scaled along with FMAX, such that the duty cycle (in terms of a percentage) is maintained. Altera recommends that you always use clock constraints and other slack reports for sign-off analysis.


----------------------------------
; Timing Closure Recommendations ;
----------------------------------
HTML report is unavailable in plain text report export.


+-------------------------------------+
; Slow 1200mV 85C Model Setup Summary ;
+-------+--------+--------------------+
; Clock ; Slack  ; End Point TNS      ;
+-------+--------+--------------------+
; clk   ; -1.801 ; -9.030             ;
+-------+--------+--------------------+


+------------------------------------+
; Slow 1200mV 85C Model Hold Summary ;
+-------+-------+--------------------+
; Clock ; Slack ; End Point TNS      ;
+-------+-------+--------------------+
; clk   ; 0.358 ; 0.000              ;
+-------+-------+--------------------+


------------------------------------------
; Slow 1200mV 85C Model Recovery Summary ;
------------------------------------------
No paths to report.


-----------------------------------------
; Slow 1200mV 85C Model Removal Summary ;
-----------------------------------------
No paths to report.


+---------------------------------------------------+
; Slow 1200mV 85C Model Minimum Pulse Width Summary ;
+-------+--------+----------------------------------+
; Clock ; Slack  ; End Point TNS                    ;
+-------+--------+----------------------------------+
; clk   ; -3.000 ; -10.000                          ;
+-------+--------+----------------------------------+


+--------------------------------------------------------------------------------------------------------------------------------------+
; Slow 1200mV 85C Model Setup: 'clk'                                                                                                   ;
+--------+---------------------------+---------------------------+--------------+-------------+--------------+------------+------------+
; Slack  ; From Node                 ; To Node                   ; Launch Clock ; Latch Clock ; Relationship ; Clock Skew ; Data Delay ;
+--------+---------------------------+---------------------------+--------------+-------------+--------------+------------+------------+
; -1.801 ; estado_actual.ABRIR       ; estado_actual.ERROR_CLAVE ; clk          ; clk         ; 1.000        ; -0.061     ; 2.735      ;
; -1.710 ; estado_actual.ERROR_CLAVE ; estado_actual.ERROR_CLAVE ; clk          ; clk         ; 1.000        ; -0.062     ; 2.643      ;
; -1.687 ; estado_actual.BLOQUEO     ; estado_actual.IDLE        ; clk          ; clk         ; 1.000        ; -0.062     ; 2.620      ;
; -1.664 ; estado_actual.ABRIR       ; estado_actual.BLOQUEO     ; clk          ; clk         ; 1.000        ; -0.061     ; 2.598      ;
; -1.633 ; estado_actual.IDLE        ; estado_actual.ERROR_CLAVE ; clk          ; clk         ; 1.000        ; -0.061     ; 2.567      ;
; -1.629 ; estado_actual.ERROR_CLAVE ; estado_actual.IDLE        ; clk          ; clk         ; 1.000        ; -0.062     ; 2.562      ;
; -1.616 ; estado_actual.INGRESO     ; estado_actual.ERROR_CLAVE ; clk          ; clk         ; 1.000        ; -0.061     ; 2.550      ;
; -1.610 ; estado_actual.ABRIR       ; estado_actual.IDLE        ; clk          ; clk         ; 1.000        ; -0.061     ; 2.544      ;
; -1.573 ; estado_actual.ERROR_CLAVE ; estado_actual.BLOQUEO     ; clk          ; clk         ; 1.000        ; -0.062     ; 2.506      ;
; -1.514 ; estado_actual.INGRESO     ; estado_actual.BLOQUEO     ; clk          ; clk         ; 1.000        ; -0.061     ; 2.448      ;
; -1.490 ; estado_actual.BLOQUEO     ; estado_actual.BLOQUEO     ; clk          ; clk         ; 1.000        ; -0.062     ; 2.423      ;
; -1.486 ; estado_actual.BLOQUEO     ; estado_actual.ERROR_CLAVE ; clk          ; clk         ; 1.000        ; -0.062     ; 2.419      ;
; -1.476 ; estado_actual.IDLE        ; estado_actual.BLOQUEO     ; clk          ; clk         ; 1.000        ; -0.061     ; 2.410      ;
; -1.285 ; estado_actual.IDLE        ; estado_actual.IDLE        ; clk          ; clk         ; 1.000        ; -0.061     ; 2.219      ;
; -1.253 ; estado_actual.INGRESO     ; estado_actual.IDLE        ; clk          ; clk         ; 1.000        ; -0.061     ; 2.187      ;
; -1.211 ; estado_actual.BLOQUEO     ; estado_actual.INGRESO     ; clk          ; clk         ; 1.000        ; -0.062     ; 2.144      ;
; -1.202 ; intentos[1]               ; estado_actual.ERROR_CLAVE ; clk          ; clk         ; 1.000        ; -0.062     ; 2.135      ;
; -1.153 ; estado_actual.ERROR_CLAVE ; estado_actual.INGRESO     ; clk          ; clk         ; 1.000        ; -0.062     ; 2.086      ;
; -1.134 ; estado_actual.ABRIR       ; estado_actual.INGRESO     ; clk          ; clk         ; 1.000        ; -0.061     ; 2.068      ;
; -1.120 ; intentos[1]               ; estado_actual.BLOQUEO     ; clk          ; clk         ; 1.000        ; -0.062     ; 2.053      ;
; -1.041 ; estado_actual.ABRIR       ; estado_actual.ABRIR       ; clk          ; clk         ; 1.000        ; -0.061     ; 1.975      ;
; -0.883 ; estado_actual.INGRESO     ; intentos[1]               ; clk          ; clk         ; 1.000        ; -0.061     ; 1.817      ;
; -0.811 ; estado_actual.IDLE        ; estado_actual.INGRESO     ; clk          ; clk         ; 1.000        ; -0.061     ; 1.745      ;
; -0.787 ; estado_actual.INGRESO     ; estado_actual.INGRESO     ; clk          ; clk         ; 1.000        ; -0.061     ; 1.721      ;
; -0.743 ; estado_actual.INGRESO     ; intentos[0]               ; clk          ; clk         ; 1.000        ; -0.061     ; 1.677      ;
; -0.721 ; estado_actual.BLOQUEO     ; intentos[1]               ; clk          ; clk         ; 1.000        ; -0.062     ; 1.654      ;
; -0.447 ; estado_actual.BLOQUEO     ; intentos[0]               ; clk          ; clk         ; 1.000        ; -0.062     ; 1.380      ;
; -0.429 ; estado_actual.INGRESO     ; estado_actual.ABRIR       ; clk          ; clk         ; 1.000        ; -0.061     ; 1.363      ;
; -0.217 ; intentos[1]               ; intentos[0]               ; clk          ; clk         ; 1.000        ; -0.062     ; 1.150      ;
; 0.001  ; intentos[0]               ; intentos[1]               ; clk          ; clk         ; 1.000        ; -0.062     ; 0.932      ;
; 0.274  ; intentos[0]               ; intentos[0]               ; clk          ; clk         ; 1.000        ; -0.062     ; 0.659      ;
; 0.296  ; intentos[1]               ; intentos[1]               ; clk          ; clk         ; 1.000        ; -0.062     ; 0.637      ;
+--------+---------------------------+---------------------------+--------------+-------------+--------------+------------+------------+


+-------------------------------------------------------------------------------------------------------------------------------------+
; Slow 1200mV 85C Model Hold: 'clk'                                                                                                   ;
+-------+---------------------------+---------------------------+--------------+-------------+--------------+------------+------------+
; Slack ; From Node                 ; To Node                   ; Launch Clock ; Latch Clock ; Relationship ; Clock Skew ; Data Delay ;
+-------+---------------------------+---------------------------+--------------+-------------+--------------+------------+------------+
; 0.358 ; intentos[1]               ; intentos[1]               ; clk          ; clk         ; 0.000        ; 0.062      ; 0.577      ;
; 0.358 ; intentos[0]               ; intentos[0]               ; clk          ; clk         ; 0.000        ; 0.062      ; 0.577      ;
; 0.359 ; estado_actual.INGRESO     ; estado_actual.INGRESO     ; clk          ; clk         ; 0.000        ; 0.061      ; 0.577      ;
; 0.587 ; intentos[0]               ; intentos[1]               ; clk          ; clk         ; 0.000        ; 0.062      ; 0.806      ;
; 0.777 ; intentos[1]               ; intentos[0]               ; clk          ; clk         ; 0.000        ; 0.062      ; 0.996      ;
; 1.027 ; estado_actual.INGRESO     ; estado_actual.ABRIR       ; clk          ; clk         ; 0.000        ; 0.061      ; 1.245      ;
; 1.037 ; estado_actual.BLOQUEO     ; intentos[0]               ; clk          ; clk         ; 0.000        ; 0.062      ; 1.256      ;
; 1.052 ; estado_actual.INGRESO     ; intentos[1]               ; clk          ; clk         ; 0.000        ; 0.062      ; 1.271      ;
; 1.176 ; estado_actual.IDLE        ; estado_actual.INGRESO     ; clk          ; clk         ; 0.000        ; 0.061      ; 1.394      ;
; 1.176 ; estado_actual.INGRESO     ; intentos[0]               ; clk          ; clk         ; 0.000        ; 0.062      ; 1.395      ;
; 1.242 ; estado_actual.BLOQUEO     ; intentos[1]               ; clk          ; clk         ; 0.000        ; 0.062      ; 1.461      ;
; 1.352 ; estado_actual.BLOQUEO     ; estado_actual.INGRESO     ; clk          ; clk         ; 0.000        ; 0.061      ; 1.570      ;
; 1.368 ; estado_actual.ERROR_CLAVE ; estado_actual.ERROR_CLAVE ; clk          ; clk         ; 0.000        ; 0.062      ; 1.587      ;
; 1.407 ; estado_actual.ABRIR       ; estado_actual.INGRESO     ; clk          ; clk         ; 0.000        ; 0.061      ; 1.625      ;
; 1.436 ; estado_actual.ERROR_CLAVE ; estado_actual.INGRESO     ; clk          ; clk         ; 0.000        ; 0.061      ; 1.654      ;
; 1.530 ; estado_actual.INGRESO     ; estado_actual.BLOQUEO     ; clk          ; clk         ; 0.000        ; 0.062      ; 1.749      ;
; 1.542 ; estado_actual.ABRIR       ; estado_actual.ABRIR       ; clk          ; clk         ; 0.000        ; 0.061      ; 1.760      ;
; 1.569 ; estado_actual.IDLE        ; estado_actual.IDLE        ; clk          ; clk         ; 0.000        ; 0.061      ; 1.787      ;
; 1.610 ; estado_actual.INGRESO     ; estado_actual.ERROR_CLAVE ; clk          ; clk         ; 0.000        ; 0.062      ; 1.829      ;
; 1.657 ; estado_actual.BLOQUEO     ; estado_actual.BLOQUEO     ; clk          ; clk         ; 0.000        ; 0.062      ; 1.876      ;
; 1.660 ; intentos[1]               ; estado_actual.BLOQUEO     ; clk          ; clk         ; 0.000        ; 0.062      ; 1.879      ;
; 1.731 ; estado_actual.INGRESO     ; estado_actual.IDLE        ; clk          ; clk         ; 0.000        ; 0.061      ; 1.949      ;
; 1.750 ; estado_actual.BLOQUEO     ; estado_actual.ERROR_CLAVE ; clk          ; clk         ; 0.000        ; 0.062      ; 1.969      ;
; 1.753 ; intentos[1]               ; estado_actual.ERROR_CLAVE ; clk          ; clk         ; 0.000        ; 0.062      ; 1.972      ;
; 1.765 ; estado_actual.BLOQUEO     ; estado_actual.IDLE        ; clk          ; clk         ; 0.000        ; 0.061      ; 1.983      ;
; 1.802 ; estado_actual.IDLE        ; estado_actual.ERROR_CLAVE ; clk          ; clk         ; 0.000        ; 0.062      ; 2.021      ;
; 1.805 ; estado_actual.IDLE        ; estado_actual.BLOQUEO     ; clk          ; clk         ; 0.000        ; 0.062      ; 2.024      ;
; 1.826 ; estado_actual.ABRIR       ; estado_actual.IDLE        ; clk          ; clk         ; 0.000        ; 0.061      ; 2.044      ;
; 1.903 ; estado_actual.ERROR_CLAVE ; estado_actual.IDLE        ; clk          ; clk         ; 0.000        ; 0.061      ; 2.121      ;
; 1.907 ; estado_actual.ERROR_CLAVE ; estado_actual.BLOQUEO     ; clk          ; clk         ; 0.000        ; 0.062      ; 2.126      ;
; 1.990 ; estado_actual.ABRIR       ; estado_actual.BLOQUEO     ; clk          ; clk         ; 0.000        ; 0.062      ; 2.209      ;
; 2.017 ; estado_actual.ABRIR       ; estado_actual.ERROR_CLAVE ; clk          ; clk         ; 0.000        ; 0.062      ; 2.236      ;
+-------+---------------------------+---------------------------+--------------+-------------+--------------+------------+------------+


+----------------------------------------------------------------------------------------------------------------+
; Slow 1200mV 85C Model Minimum Pulse Width: 'clk'                                                               ;
+--------+--------------+----------------+------------------+-------+------------+-------------------------------+
; Slack  ; Actual Width ; Required Width ; Type             ; Clock ; Clock Edge ; Target                        ;
+--------+--------------+----------------+------------------+-------+------------+-------------------------------+
; -3.000 ; 1.000        ; 4.000          ; Port Rate        ; clk   ; Rise       ; clk                           ;
; -1.000 ; 1.000        ; 2.000          ; Min Period       ; clk   ; Rise       ; estado_actual.ABRIR           ;
; -1.000 ; 1.000        ; 2.000          ; Min Period       ; clk   ; Rise       ; estado_actual.BLOQUEO         ;
; -1.000 ; 1.000        ; 2.000          ; Min Period       ; clk   ; Rise       ; estado_actual.ERROR_CLAVE     ;
; -1.000 ; 1.000        ; 2.000          ; Min Period       ; clk   ; Rise       ; estado_actual.IDLE            ;
; -1.000 ; 1.000        ; 2.000          ; Min Period       ; clk   ; Rise       ; estado_actual.INGRESO         ;
; -1.000 ; 1.000        ; 2.000          ; Min Period       ; clk   ; Rise       ; intentos[0]                   ;
; -1.000 ; 1.000        ; 2.000          ; Min Period       ; clk   ; Rise       ; intentos[1]                   ;
; 0.187  ; 0.371        ; 0.184          ; Low Pulse Width  ; clk   ; Rise       ; estado_actual.ABRIR           ;
; 0.187  ; 0.371        ; 0.184          ; Low Pulse Width  ; clk   ; Rise       ; estado_actual.BLOQUEO         ;
; 0.187  ; 0.371        ; 0.184          ; Low Pulse Width  ; clk   ; Rise       ; estado_actual.ERROR_CLAVE     ;
; 0.187  ; 0.371        ; 0.184          ; Low Pulse Width  ; clk   ; Rise       ; estado_actual.IDLE            ;
; 0.187  ; 0.371        ; 0.184          ; Low Pulse Width  ; clk   ; Rise       ; estado_actual.INGRESO         ;
; 0.187  ; 0.371        ; 0.184          ; Low Pulse Width  ; clk   ; Rise       ; intentos[0]                   ;
; 0.187  ; 0.371        ; 0.184          ; Low Pulse Width  ; clk   ; Rise       ; intentos[1]                   ;
; 0.339  ; 0.339        ; 0.000          ; Low Pulse Width  ; clk   ; Rise       ; clk~input|o                   ;
; 0.348  ; 0.348        ; 0.000          ; Low Pulse Width  ; clk   ; Rise       ; intentos[0]|clk               ;
; 0.348  ; 0.348        ; 0.000          ; Low Pulse Width  ; clk   ; Rise       ; intentos[1]|clk               ;
; 0.349  ; 0.349        ; 0.000          ; Low Pulse Width  ; clk   ; Rise       ; estado_actual.ABRIR|clk       ;
; 0.349  ; 0.349        ; 0.000          ; Low Pulse Width  ; clk   ; Rise       ; estado_actual.BLOQUEO|clk     ;
; 0.349  ; 0.349        ; 0.000          ; Low Pulse Width  ; clk   ; Rise       ; estado_actual.ERROR_CLAVE|clk ;
; 0.349  ; 0.349        ; 0.000          ; Low Pulse Width  ; clk   ; Rise       ; estado_actual.IDLE|clk        ;
; 0.349  ; 0.349        ; 0.000          ; Low Pulse Width  ; clk   ; Rise       ; estado_actual.INGRESO|clk     ;
; 0.356  ; 0.356        ; 0.000          ; Low Pulse Width  ; clk   ; Rise       ; clk~inputclkctrl|inclk[0]     ;
; 0.356  ; 0.356        ; 0.000          ; Low Pulse Width  ; clk   ; Rise       ; clk~inputclkctrl|outclk       ;
; 0.411  ; 0.627        ; 0.216          ; High Pulse Width ; clk   ; Rise       ; estado_actual.ABRIR           ;
; 0.411  ; 0.627        ; 0.216          ; High Pulse Width ; clk   ; Rise       ; estado_actual.BLOQUEO         ;
; 0.411  ; 0.627        ; 0.216          ; High Pulse Width ; clk   ; Rise       ; estado_actual.ERROR_CLAVE     ;
; 0.411  ; 0.627        ; 0.216          ; High Pulse Width ; clk   ; Rise       ; estado_actual.IDLE            ;
; 0.411  ; 0.627        ; 0.216          ; High Pulse Width ; clk   ; Rise       ; estado_actual.INGRESO         ;
; 0.412  ; 0.628        ; 0.216          ; High Pulse Width ; clk   ; Rise       ; intentos[0]                   ;
; 0.412  ; 0.628        ; 0.216          ; High Pulse Width ; clk   ; Rise       ; intentos[1]                   ;
; 0.500  ; 0.500        ; 0.000          ; High Pulse Width ; clk   ; Rise       ; clk~input|i                   ;
; 0.500  ; 0.500        ; 0.000          ; Low Pulse Width  ; clk   ; Rise       ; clk~input|i                   ;
; 0.643  ; 0.643        ; 0.000          ; High Pulse Width ; clk   ; Rise       ; clk~inputclkctrl|inclk[0]     ;
; 0.643  ; 0.643        ; 0.000          ; High Pulse Width ; clk   ; Rise       ; clk~inputclkctrl|outclk       ;
; 0.651  ; 0.651        ; 0.000          ; High Pulse Width ; clk   ; Rise       ; estado_actual.ABRIR|clk       ;
; 0.651  ; 0.651        ; 0.000          ; High Pulse Width ; clk   ; Rise       ; estado_actual.BLOQUEO|clk     ;
; 0.651  ; 0.651        ; 0.000          ; High Pulse Width ; clk   ; Rise       ; estado_actual.ERROR_CLAVE|clk ;
; 0.651  ; 0.651        ; 0.000          ; High Pulse Width ; clk   ; Rise       ; estado_actual.IDLE|clk        ;
; 0.651  ; 0.651        ; 0.000          ; High Pulse Width ; clk   ; Rise       ; estado_actual.INGRESO|clk     ;
; 0.651  ; 0.651        ; 0.000          ; High Pulse Width ; clk   ; Rise       ; intentos[0]|clk               ;
; 0.651  ; 0.651        ; 0.000          ; High Pulse Width ; clk   ; Rise       ; intentos[1]|clk               ;
; 0.661  ; 0.661        ; 0.000          ; High Pulse Width ; clk   ; Rise       ; clk~input|o                   ;
+--------+--------------+----------------+------------------+-------+------------+-------------------------------+


+----------------------------------------------------------------------------------+
; Setup Times                                                                      ;
+----------------------+------------+-------+-------+------------+-----------------+
; Data Port            ; Clock Port ; Rise  ; Fall  ; Clock Edge ; Clock Reference ;
+----------------------+------------+-------+-------+------------+-----------------+
; clave_completa       ; clk        ; 2.983 ; 3.455 ; Rise       ; clk             ;
; clave_correcta       ; clk        ; 3.210 ; 3.567 ; Rise       ; clk             ;
; horario_correcto     ; clk        ; 3.612 ; 4.120 ; Rise       ; clk             ;
; intrusion            ; clk        ; 3.207 ; 3.583 ; Rise       ; clk             ;
; tiempo_apertura_fin  ; clk        ; 3.210 ; 3.673 ; Rise       ; clk             ;
; tiempo_bloqueo_fin   ; clk        ; 3.078 ; 3.514 ; Rise       ; clk             ;
; tiempo_error_fin     ; clk        ; 3.302 ; 3.774 ; Rise       ; clk             ;
; usuario_habilitado   ; clk        ; 3.466 ; 3.967 ; Rise       ; clk             ;
; usuario_seleccionado ; clk        ; 2.790 ; 3.208 ; Rise       ; clk             ;
+----------------------+------------+-------+-------+------------+-----------------+


+------------------------------------------------------------------------------------+
; Hold Times                                                                         ;
+----------------------+------------+--------+--------+------------+-----------------+
; Data Port            ; Clock Port ; Rise   ; Fall   ; Clock Edge ; Clock Reference ;
+----------------------+------------+--------+--------+------------+-----------------+
; clave_completa       ; clk        ; -1.166 ; -1.617 ; Rise       ; clk             ;
; clave_correcta       ; clk        ; -1.355 ; -1.750 ; Rise       ; clk             ;
; horario_correcto     ; clk        ; -1.922 ; -2.386 ; Rise       ; clk             ;
; intrusion            ; clk        ; -1.310 ; -1.688 ; Rise       ; clk             ;
; tiempo_apertura_fin  ; clk        ; -2.039 ; -2.470 ; Rise       ; clk             ;
; tiempo_bloqueo_fin   ; clk        ; -1.218 ; -1.645 ; Rise       ; clk             ;
; tiempo_error_fin     ; clk        ; -2.368 ; -2.802 ; Rise       ; clk             ;
; usuario_habilitado   ; clk        ; -1.827 ; -2.296 ; Rise       ; clk             ;
; usuario_seleccionado ; clk        ; -1.565 ; -1.971 ; Rise       ; clk             ;
+----------------------+------------+--------+--------+------------+-----------------+


+------------------------------------------------------------------------------+
; Clock to Output Times                                                        ;
+------------------+------------+-------+-------+------------+-----------------+
; Data Port        ; Clock Port ; Rise  ; Fall  ; Clock Edge ; Clock Reference ;
+------------------+------------+-------+-------+------------+-----------------+
; abrir_puerta     ; clk        ; 5.283 ; 5.271 ; Rise       ; clk             ;
; activar_alarma   ; clk        ; 6.057 ; 5.987 ; Rise       ; clk             ;
; estado_out[*]    ; clk        ; 6.216 ; 6.253 ; Rise       ; clk             ;
;  estado_out[0]   ; clk        ; 6.216 ; 6.253 ; Rise       ; clk             ;
;  estado_out[1]   ; clk        ; 5.679 ; 5.810 ; Rise       ; clk             ;
;  estado_out[2]   ; clk        ; 6.066 ; 5.999 ; Rise       ; clk             ;
; iniciar_apertura ; clk        ; 6.235 ; 6.291 ; Rise       ; clk             ;
; iniciar_bloqueo  ; clk        ; 8.204 ; 8.214 ; Rise       ; clk             ;
; iniciar_error    ; clk        ; 7.406 ; 7.373 ; Rise       ; clk             ;
; intentos_out[*]  ; clk        ; 5.471 ; 5.482 ; Rise       ; clk             ;
;  intentos_out[0] ; clk        ; 5.471 ; 5.482 ; Rise       ; clk             ;
;  intentos_out[1] ; clk        ; 5.239 ; 5.273 ; Rise       ; clk             ;
; limpiar_clave    ; clk        ; 9.371 ; 9.396 ; Rise       ; clk             ;
; limpiar_intentos ; clk        ; 6.204 ; 6.219 ; Rise       ; clk             ;
+------------------+------------+-------+-------+------------+-----------------+


+------------------------------------------------------------------------------+
; Minimum Clock to Output Times                                                ;
+------------------+------------+-------+-------+------------+-----------------+
; Data Port        ; Clock Port ; Rise  ; Fall  ; Clock Edge ; Clock Reference ;
+------------------+------------+-------+-------+------------+-----------------+
; abrir_puerta     ; clk        ; 5.177 ; 5.164 ; Rise       ; clk             ;
; activar_alarma   ; clk        ; 5.919 ; 5.850 ; Rise       ; clk             ;
; estado_out[*]    ; clk        ; 5.524 ; 5.665 ; Rise       ; clk             ;
;  estado_out[0]   ; clk        ; 6.007 ; 6.009 ; Rise       ; clk             ;
;  estado_out[1]   ; clk        ; 5.524 ; 5.665 ; Rise       ; clk             ;
;  estado_out[2]   ; clk        ; 5.929 ; 5.863 ; Rise       ; clk             ;
; iniciar_apertura ; clk        ; 5.485 ; 5.475 ; Rise       ; clk             ;
; iniciar_bloqueo  ; clk        ; 5.975 ; 5.983 ; Rise       ; clk             ;
; iniciar_error    ; clk        ; 5.674 ; 5.670 ; Rise       ; clk             ;
; intentos_out[*]  ; clk        ; 5.139 ; 5.171 ; Rise       ; clk             ;
;  intentos_out[0] ; clk        ; 5.359 ; 5.368 ; Rise       ; clk             ;
;  intentos_out[1] ; clk        ; 5.139 ; 5.171 ; Rise       ; clk             ;
; limpiar_clave    ; clk        ; 5.673 ; 5.674 ; Rise       ; clk             ;
; limpiar_intentos ; clk        ; 5.925 ; 5.924 ; Rise       ; clk             ;
+------------------+------------+-------+-------+------------+-----------------+


+----------------------------------------------------------------------------+
; Propagation Delay                                                          ;
+----------------------+------------------+-------+--------+--------+--------+
; Input Port           ; Output Port      ; RR    ; RF     ; FR     ; FF     ;
+----------------------+------------------+-------+--------+--------+--------+
; clave_completa       ; iniciar_apertura ; 7.025 ;        ;        ; 7.407  ;
; clave_completa       ; iniciar_bloqueo  ; 8.138 ; 7.849  ; 8.388  ; 8.617  ;
; clave_completa       ; iniciar_error    ; 7.313 ; 7.212  ; 7.696  ; 7.694  ;
; clave_completa       ; limpiar_clave    ; 9.111 ; 9.707  ; 10.107 ; 9.579  ;
; clave_completa       ; limpiar_intentos ; 7.155 ;        ;        ; 7.583  ;
; clave_correcta       ; iniciar_apertura ; 7.186 ;        ;        ; 7.548  ;
; clave_correcta       ; iniciar_bloqueo  ; 7.824 ; 8.010  ; 8.529  ; 8.186  ;
; clave_correcta       ; iniciar_error    ;       ; 7.439  ; 7.918  ;        ;
; clave_correcta       ; limpiar_clave    ; 7.860 ; 9.520  ; 9.941  ; 8.265  ;
; clave_correcta       ; limpiar_intentos ; 7.316 ;        ;        ; 7.724  ;
; horario_correcto     ; iniciar_apertura ; 7.865 ;        ;        ; 8.264  ;
; horario_correcto     ; iniciar_bloqueo  ;       ; 8.689  ; 9.245  ;        ;
; horario_correcto     ; iniciar_error    ; 7.658 ; 7.791  ; 8.335  ; 8.018  ;
; horario_correcto     ; limpiar_clave    ; 8.539 ; 10.088 ; 10.541 ; 8.981  ;
; horario_correcto     ; limpiar_intentos ; 7.995 ;        ;        ; 8.440  ;
; intrusion            ; iniciar_apertura ;       ; 6.759  ; 7.252  ;        ;
; intrusion            ; iniciar_bloqueo  ; 8.429 ; 8.430  ; 8.872  ; 8.882  ;
; intrusion            ; iniciar_error    ; 7.810 ; 7.777  ; 8.224  ; 8.070  ;
; intrusion            ; limpiar_clave    ; 9.769 ; 9.800  ; 10.157 ; 10.156 ;
; intrusion            ; limpiar_intentos ;       ; 6.935  ; 7.382  ;        ;
; tiempo_apertura_fin  ; iniciar_apertura ;       ; 6.939  ; 7.392  ;        ;
; tiempo_apertura_fin  ; iniciar_bloqueo  ; 8.507 ; 8.508  ; 8.953  ; 8.963  ;
; tiempo_apertura_fin  ; iniciar_error    ;       ; 7.776  ; 8.314  ;        ;
; tiempo_apertura_fin  ; limpiar_clave    ; 8.660 ; 9.940  ; 10.417 ; 9.076  ;
; tiempo_bloqueo_fin   ; iniciar_bloqueo  ; 8.602 ; 8.603  ; 9.029  ; 9.039  ;
; tiempo_bloqueo_fin   ; iniciar_error    ;       ; 7.553  ; 8.056  ;        ;
; tiempo_bloqueo_fin   ; limpiar_clave    ; 8.755 ; 9.717  ; 10.159 ; 9.152  ;
; tiempo_bloqueo_fin   ; limpiar_intentos ; 6.283 ;        ;        ; 6.667  ;
; tiempo_error_fin     ; iniciar_bloqueo  ; 8.826 ; 8.827  ; 9.289  ; 9.299  ;
; tiempo_error_fin     ; iniciar_error    ;       ; 7.684  ; 8.210  ;        ;
; tiempo_error_fin     ; limpiar_clave    ; 8.979 ; 9.848  ; 10.313 ; 9.412  ;
; usuario_habilitado   ; iniciar_apertura ; 7.719 ;        ;        ; 8.111  ;
; usuario_habilitado   ; iniciar_bloqueo  ;       ; 8.543  ; 9.092  ;        ;
; usuario_habilitado   ; iniciar_error    ; 7.634 ; 7.645  ; 8.182  ; 7.992  ;
; usuario_habilitado   ; limpiar_clave    ; 8.393 ; 9.942  ; 10.388 ; 8.828  ;
; usuario_habilitado   ; limpiar_intentos ; 7.849 ;        ;        ; 8.287  ;
; usuario_seleccionado ; iniciar_bloqueo  ; 8.184 ; 8.185  ; 8.594  ; 8.604  ;
; usuario_seleccionado ; iniciar_error    ;       ; 7.356  ; 7.849  ;        ;
; usuario_seleccionado ; limpiar_clave    ; 8.337 ; 9.520  ; 9.952  ; 8.717  ;
+----------------------+------------------+-------+--------+--------+--------+


+--------------------------------------------------------------------------+
; Minimum Propagation Delay                                                ;
+----------------------+------------------+-------+-------+--------+-------+
; Input Port           ; Output Port      ; RR    ; RF    ; FR     ; FF    ;
+----------------------+------------------+-------+-------+--------+-------+
; clave_completa       ; iniciar_apertura ; 6.846 ;       ;        ; 7.214 ;
; clave_completa       ; iniciar_bloqueo  ; 6.982 ; 7.309 ; 7.716  ; 7.402 ;
; clave_completa       ; iniciar_error    ; 7.054 ; 6.776 ; 7.289  ; 7.464 ;
; clave_completa       ; limpiar_clave    ; 7.280 ; 7.478 ; 7.904  ; 7.660 ;
; clave_completa       ; limpiar_intentos ; 6.945 ;       ;        ; 7.337 ;
; clave_correcta       ; iniciar_apertura ; 6.996 ;       ;        ; 7.347 ;
; clave_correcta       ; iniciar_bloqueo  ; 7.573 ; 7.357 ; 7.798  ; 7.929 ;
; clave_correcta       ; iniciar_error    ;       ; 6.926 ; 7.422  ;       ;
; clave_correcta       ; limpiar_clave    ; 7.636 ; 7.667 ; 8.102  ; 8.017 ;
; clave_correcta       ; limpiar_intentos ; 7.095 ;       ;        ; 7.470 ;
; horario_correcto     ; iniciar_apertura ; 7.606 ;       ;        ; 7.979 ;
; horario_correcto     ; iniciar_bloqueo  ;       ; 7.678 ; 8.140  ;       ;
; horario_correcto     ; iniciar_error    ; 7.423 ; 7.536 ; 8.054  ; 7.768 ;
; horario_correcto     ; limpiar_clave    ; 7.851 ; 9.571 ; 10.041 ; 8.234 ;
; horario_correcto     ; limpiar_intentos ; 7.705 ;       ;        ; 8.102 ;
; intrusion            ; iniciar_apertura ;       ; 6.434 ; 6.875  ;       ;
; intrusion            ; iniciar_bloqueo  ; 6.896 ; 7.248 ; 7.724  ; 7.255 ;
; intrusion            ; iniciar_error    ; 6.662 ; 6.875 ; 7.312  ; 6.999 ;
; intrusion            ; limpiar_clave    ; 7.219 ; 7.028 ; 7.440  ; 7.594 ;
; intrusion            ; limpiar_intentos ;       ; 6.710 ; 7.168  ;       ;
; tiempo_apertura_fin  ; iniciar_apertura ;       ; 6.731 ; 7.177  ;       ;
; tiempo_apertura_fin  ; iniciar_bloqueo  ; 7.580 ; 7.713 ; 8.196  ; 7.883 ;
; tiempo_apertura_fin  ; iniciar_error    ;       ; 7.519 ; 8.031  ;       ;
; tiempo_apertura_fin  ; limpiar_clave    ; 8.256 ; 7.325 ; 7.742  ; 8.605 ;
; tiempo_bloqueo_fin   ; iniciar_bloqueo  ; 7.781 ; 7.534 ; 7.988  ; 8.195 ;
; tiempo_bloqueo_fin   ; iniciar_error    ;       ; 7.340 ; 7.823  ;       ;
; tiempo_bloqueo_fin   ; limpiar_clave    ; 8.397 ; 7.527 ; 7.994  ; 8.738 ;
; tiempo_bloqueo_fin   ; limpiar_intentos ; 6.128 ;       ;        ; 6.490 ;
; tiempo_error_fin     ; iniciar_bloqueo  ; 7.907 ; 7.660 ; 8.136  ; 8.343 ;
; tiempo_error_fin     ; iniciar_error    ;       ; 7.466 ; 7.971  ;       ;
; tiempo_error_fin     ; limpiar_clave    ; 8.585 ; 7.653 ; 8.142  ; 8.937 ;
; usuario_habilitado   ; iniciar_apertura ; 7.511 ;       ;        ; 7.889 ;
; usuario_habilitado   ; iniciar_bloqueo  ;       ; 7.654 ; 8.114  ;       ;
; usuario_habilitado   ; iniciar_error    ; 7.399 ; 7.441 ; 7.964  ; 7.742 ;
; usuario_habilitado   ; limpiar_clave    ; 7.827 ; 9.476 ; 9.951  ; 8.208 ;
; usuario_habilitado   ; limpiar_intentos ; 7.610 ;       ;        ; 8.012 ;
; usuario_seleccionado ; iniciar_bloqueo  ; 7.552 ; 7.305 ; 7.742  ; 7.949 ;
; usuario_seleccionado ; iniciar_error    ;       ; 7.111 ; 7.577  ;       ;
; usuario_seleccionado ; limpiar_clave    ; 8.046 ; 7.298 ; 7.748  ; 8.378 ;
+----------------------+------------------+-------+-------+--------+-------+


----------------------------------------------
; Slow 1200mV 85C Model Metastability Report ;
----------------------------------------------
No synchronizer chains to report.


+-----------------------------------------------------------------------------------------------------------+
; Slow 1200mV 0C Model Fmax Summary                                                                         ;
+------------+-----------------+------------+---------------------------------------------------------------+
; Fmax       ; Restricted Fmax ; Clock Name ; Note                                                          ;
+------------+-----------------+------------+---------------------------------------------------------------+
; 399.68 MHz ; 250.0 MHz       ; clk        ; limit due to minimum period restriction (max I/O toggle rate) ;
+------------+-----------------+------------+---------------------------------------------------------------+
This panel reports FMAX for every clock in the design, regardless of the user-specified clock periods.  FMAX is only computed for paths where the source and destination registers or ports are driven by the same clock.  Paths of different clocks, including generated clocks, are ignored.  For paths between a clock and its inversion, FMAX is computed as if the rising and falling edges are scaled along with FMAX, such that the duty cycle (in terms of a percentage) is maintained. Altera recommends that you always use clock constraints and other slack reports for sign-off analysis.


+------------------------------------+
; Slow 1200mV 0C Model Setup Summary ;
+-------+--------+-------------------+
; Clock ; Slack  ; End Point TNS     ;
+-------+--------+-------------------+
; clk   ; -1.502 ; -7.364            ;
+-------+--------+-------------------+


+-----------------------------------+
; Slow 1200mV 0C Model Hold Summary ;
+-------+-------+-------------------+
; Clock ; Slack ; End Point TNS     ;
+-------+-------+-------------------+
; clk   ; 0.312 ; 0.000             ;
+-------+-------+-------------------+


-----------------------------------------
; Slow 1200mV 0C Model Recovery Summary ;
-----------------------------------------
No paths to report.


----------------------------------------
; Slow 1200mV 0C Model Removal Summary ;
----------------------------------------
No paths to report.


+--------------------------------------------------+
; Slow 1200mV 0C Model Minimum Pulse Width Summary ;
+-------+--------+---------------------------------+
; Clock ; Slack  ; End Point TNS                   ;
+-------+--------+---------------------------------+
; clk   ; -3.000 ; -10.000                         ;
+-------+--------+---------------------------------+


+--------------------------------------------------------------------------------------------------------------------------------------+
; Slow 1200mV 0C Model Setup: 'clk'                                                                                                    ;
+--------+---------------------------+---------------------------+--------------+-------------+--------------+------------+------------+
; Slack  ; From Node                 ; To Node                   ; Launch Clock ; Latch Clock ; Relationship ; Clock Skew ; Data Delay ;
+--------+---------------------------+---------------------------+--------------+-------------+--------------+------------+------------+
; -1.502 ; estado_actual.ABRIR       ; estado_actual.ERROR_CLAVE ; clk          ; clk         ; 1.000        ; -0.055     ; 2.442      ;
; -1.423 ; estado_actual.ERROR_CLAVE ; estado_actual.ERROR_CLAVE ; clk          ; clk         ; 1.000        ; -0.055     ; 2.363      ;
; -1.418 ; estado_actual.BLOQUEO     ; estado_actual.IDLE        ; clk          ; clk         ; 1.000        ; -0.055     ; 2.358      ;
; -1.382 ; estado_actual.ABRIR       ; estado_actual.BLOQUEO     ; clk          ; clk         ; 1.000        ; -0.055     ; 2.322      ;
; -1.370 ; estado_actual.IDLE        ; estado_actual.ERROR_CLAVE ; clk          ; clk         ; 1.000        ; -0.055     ; 2.310      ;
; -1.361 ; estado_actual.ERROR_CLAVE ; estado_actual.IDLE        ; clk          ; clk         ; 1.000        ; -0.055     ; 2.301      ;
; -1.348 ; estado_actual.ABRIR       ; estado_actual.IDLE        ; clk          ; clk         ; 1.000        ; -0.055     ; 2.288      ;
; -1.336 ; estado_actual.INGRESO     ; estado_actual.ERROR_CLAVE ; clk          ; clk         ; 1.000        ; -0.055     ; 2.276      ;
; -1.303 ; estado_actual.ERROR_CLAVE ; estado_actual.BLOQUEO     ; clk          ; clk         ; 1.000        ; -0.055     ; 2.243      ;
; -1.260 ; estado_actual.INGRESO     ; estado_actual.BLOQUEO     ; clk          ; clk         ; 1.000        ; -0.055     ; 2.200      ;
; -1.257 ; estado_actual.BLOQUEO     ; estado_actual.ERROR_CLAVE ; clk          ; clk         ; 1.000        ; -0.055     ; 2.197      ;
; -1.253 ; estado_actual.BLOQUEO     ; estado_actual.BLOQUEO     ; clk          ; clk         ; 1.000        ; -0.055     ; 2.193      ;
; -1.224 ; estado_actual.IDLE        ; estado_actual.BLOQUEO     ; clk          ; clk         ; 1.000        ; -0.055     ; 2.164      ;
; -1.055 ; estado_actual.IDLE        ; estado_actual.IDLE        ; clk          ; clk         ; 1.000        ; -0.055     ; 1.995      ;
; -1.016 ; estado_actual.INGRESO     ; estado_actual.IDLE        ; clk          ; clk         ; 1.000        ; -0.055     ; 1.956      ;
; -0.994 ; estado_actual.BLOQUEO     ; estado_actual.INGRESO     ; clk          ; clk         ; 1.000        ; -0.055     ; 1.934      ;
; -0.986 ; intentos[1]               ; estado_actual.ERROR_CLAVE ; clk          ; clk         ; 1.000        ; -0.055     ; 1.926      ;
; -0.929 ; estado_actual.ERROR_CLAVE ; estado_actual.INGRESO     ; clk          ; clk         ; 1.000        ; -0.055     ; 1.869      ;
; -0.916 ; estado_actual.ABRIR       ; estado_actual.INGRESO     ; clk          ; clk         ; 1.000        ; -0.055     ; 1.856      ;
; -0.900 ; intentos[1]               ; estado_actual.BLOQUEO     ; clk          ; clk         ; 1.000        ; -0.055     ; 1.840      ;
; -0.832 ; estado_actual.ABRIR       ; estado_actual.ABRIR       ; clk          ; clk         ; 1.000        ; -0.055     ; 1.772      ;
; -0.686 ; estado_actual.INGRESO     ; intentos[1]               ; clk          ; clk         ; 1.000        ; -0.055     ; 1.626      ;
; -0.631 ; estado_actual.IDLE        ; estado_actual.INGRESO     ; clk          ; clk         ; 1.000        ; -0.055     ; 1.571      ;
; -0.596 ; estado_actual.INGRESO     ; estado_actual.INGRESO     ; clk          ; clk         ; 1.000        ; -0.055     ; 1.536      ;
; -0.550 ; estado_actual.INGRESO     ; intentos[0]               ; clk          ; clk         ; 1.000        ; -0.055     ; 1.490      ;
; -0.535 ; estado_actual.BLOQUEO     ; intentos[1]               ; clk          ; clk         ; 1.000        ; -0.055     ; 1.475      ;
; -0.291 ; estado_actual.BLOQUEO     ; intentos[0]               ; clk          ; clk         ; 1.000        ; -0.055     ; 1.231      ;
; -0.278 ; estado_actual.INGRESO     ; estado_actual.ABRIR       ; clk          ; clk         ; 1.000        ; -0.055     ; 1.218      ;
; -0.078 ; intentos[1]               ; intentos[0]               ; clk          ; clk         ; 1.000        ; -0.055     ; 1.018      ;
; 0.115  ; intentos[0]               ; intentos[1]               ; clk          ; clk         ; 1.000        ; -0.055     ; 0.825      ;
; 0.357  ; intentos[0]               ; intentos[0]               ; clk          ; clk         ; 1.000        ; -0.055     ; 0.583      ;
; 0.378  ; intentos[1]               ; intentos[1]               ; clk          ; clk         ; 1.000        ; -0.055     ; 0.562      ;
+--------+---------------------------+---------------------------+--------------+-------------+--------------+------------+------------+


+-------------------------------------------------------------------------------------------------------------------------------------+
; Slow 1200mV 0C Model Hold: 'clk'                                                                                                    ;
+-------+---------------------------+---------------------------+--------------+-------------+--------------+------------+------------+
; Slack ; From Node                 ; To Node                   ; Launch Clock ; Latch Clock ; Relationship ; Clock Skew ; Data Delay ;
+-------+---------------------------+---------------------------+--------------+-------------+--------------+------------+------------+
; 0.312 ; estado_actual.INGRESO     ; estado_actual.INGRESO     ; clk          ; clk         ; 0.000        ; 0.055      ; 0.511      ;
; 0.312 ; intentos[1]               ; intentos[1]               ; clk          ; clk         ; 0.000        ; 0.055      ; 0.511      ;
; 0.312 ; intentos[0]               ; intentos[0]               ; clk          ; clk         ; 0.000        ; 0.055      ; 0.511      ;
; 0.529 ; intentos[0]               ; intentos[1]               ; clk          ; clk         ; 0.000        ; 0.055      ; 0.728      ;
; 0.705 ; intentos[1]               ; intentos[0]               ; clk          ; clk         ; 0.000        ; 0.055      ; 0.904      ;
; 0.936 ; estado_actual.INGRESO     ; estado_actual.ABRIR       ; clk          ; clk         ; 0.000        ; 0.055      ; 1.135      ;
; 0.949 ; estado_actual.BLOQUEO     ; intentos[0]               ; clk          ; clk         ; 0.000        ; 0.055      ; 1.148      ;
; 0.969 ; estado_actual.INGRESO     ; intentos[1]               ; clk          ; clk         ; 0.000        ; 0.055      ; 1.168      ;
; 1.045 ; estado_actual.IDLE        ; estado_actual.INGRESO     ; clk          ; clk         ; 0.000        ; 0.055      ; 1.244      ;
; 1.082 ; estado_actual.INGRESO     ; intentos[0]               ; clk          ; clk         ; 0.000        ; 0.055      ; 1.281      ;
; 1.136 ; estado_actual.BLOQUEO     ; intentos[1]               ; clk          ; clk         ; 0.000        ; 0.055      ; 1.335      ;
; 1.222 ; estado_actual.BLOQUEO     ; estado_actual.INGRESO     ; clk          ; clk         ; 0.000        ; 0.055      ; 1.421      ;
; 1.231 ; estado_actual.ERROR_CLAVE ; estado_actual.ERROR_CLAVE ; clk          ; clk         ; 0.000        ; 0.055      ; 1.430      ;
; 1.252 ; estado_actual.ABRIR       ; estado_actual.INGRESO     ; clk          ; clk         ; 0.000        ; 0.055      ; 1.451      ;
; 1.290 ; estado_actual.ERROR_CLAVE ; estado_actual.INGRESO     ; clk          ; clk         ; 0.000        ; 0.055      ; 1.489      ;
; 1.394 ; estado_actual.INGRESO     ; estado_actual.BLOQUEO     ; clk          ; clk         ; 0.000        ; 0.055      ; 1.593      ;
; 1.398 ; estado_actual.ABRIR       ; estado_actual.ABRIR       ; clk          ; clk         ; 0.000        ; 0.055      ; 1.597      ;
; 1.436 ; estado_actual.IDLE        ; estado_actual.IDLE        ; clk          ; clk         ; 0.000        ; 0.055      ; 1.635      ;
; 1.463 ; estado_actual.INGRESO     ; estado_actual.ERROR_CLAVE ; clk          ; clk         ; 0.000        ; 0.055      ; 1.662      ;
; 1.500 ; estado_actual.BLOQUEO     ; estado_actual.BLOQUEO     ; clk          ; clk         ; 0.000        ; 0.055      ; 1.699      ;
; 1.509 ; intentos[1]               ; estado_actual.BLOQUEO     ; clk          ; clk         ; 0.000        ; 0.055      ; 1.708      ;
; 1.576 ; estado_actual.BLOQUEO     ; estado_actual.ERROR_CLAVE ; clk          ; clk         ; 0.000        ; 0.055      ; 1.775      ;
; 1.581 ; intentos[1]               ; estado_actual.ERROR_CLAVE ; clk          ; clk         ; 0.000        ; 0.055      ; 1.780      ;
; 1.582 ; estado_actual.INGRESO     ; estado_actual.IDLE        ; clk          ; clk         ; 0.000        ; 0.055      ; 1.781      ;
; 1.605 ; estado_actual.BLOQUEO     ; estado_actual.IDLE        ; clk          ; clk         ; 0.000        ; 0.055      ; 1.804      ;
; 1.631 ; estado_actual.IDLE        ; estado_actual.BLOQUEO     ; clk          ; clk         ; 0.000        ; 0.055      ; 1.830      ;
; 1.634 ; estado_actual.IDLE        ; estado_actual.ERROR_CLAVE ; clk          ; clk         ; 0.000        ; 0.055      ; 1.833      ;
; 1.636 ; estado_actual.ABRIR       ; estado_actual.IDLE        ; clk          ; clk         ; 0.000        ; 0.055      ; 1.835      ;
; 1.714 ; estado_actual.ERROR_CLAVE ; estado_actual.BLOQUEO     ; clk          ; clk         ; 0.000        ; 0.055      ; 1.913      ;
; 1.716 ; estado_actual.ERROR_CLAVE ; estado_actual.IDLE        ; clk          ; clk         ; 0.000        ; 0.055      ; 1.915      ;
; 1.800 ; estado_actual.ABRIR       ; estado_actual.BLOQUEO     ; clk          ; clk         ; 0.000        ; 0.055      ; 1.999      ;
; 1.804 ; estado_actual.ABRIR       ; estado_actual.ERROR_CLAVE ; clk          ; clk         ; 0.000        ; 0.055      ; 2.003      ;
+-------+---------------------------+---------------------------+--------------+-------------+--------------+------------+------------+


+----------------------------------------------------------------------------------------------------------------+
; Slow 1200mV 0C Model Minimum Pulse Width: 'clk'                                                                ;
+--------+--------------+----------------+------------------+-------+------------+-------------------------------+
; Slack  ; Actual Width ; Required Width ; Type             ; Clock ; Clock Edge ; Target                        ;
+--------+--------------+----------------+------------------+-------+------------+-------------------------------+
; -3.000 ; 1.000        ; 4.000          ; Port Rate        ; clk   ; Rise       ; clk                           ;
; -1.000 ; 1.000        ; 2.000          ; Min Period       ; clk   ; Rise       ; estado_actual.ABRIR           ;
; -1.000 ; 1.000        ; 2.000          ; Min Period       ; clk   ; Rise       ; estado_actual.BLOQUEO         ;
; -1.000 ; 1.000        ; 2.000          ; Min Period       ; clk   ; Rise       ; estado_actual.ERROR_CLAVE     ;
; -1.000 ; 1.000        ; 2.000          ; Min Period       ; clk   ; Rise       ; estado_actual.IDLE            ;
; -1.000 ; 1.000        ; 2.000          ; Min Period       ; clk   ; Rise       ; estado_actual.INGRESO         ;
; -1.000 ; 1.000        ; 2.000          ; Min Period       ; clk   ; Rise       ; intentos[0]                   ;
; -1.000 ; 1.000        ; 2.000          ; Min Period       ; clk   ; Rise       ; intentos[1]                   ;
; 0.182  ; 0.366        ; 0.184          ; Low Pulse Width  ; clk   ; Rise       ; estado_actual.BLOQUEO         ;
; 0.182  ; 0.366        ; 0.184          ; Low Pulse Width  ; clk   ; Rise       ; estado_actual.ERROR_CLAVE     ;
; 0.182  ; 0.366        ; 0.184          ; Low Pulse Width  ; clk   ; Rise       ; intentos[0]                   ;
; 0.182  ; 0.366        ; 0.184          ; Low Pulse Width  ; clk   ; Rise       ; intentos[1]                   ;
; 0.183  ; 0.367        ; 0.184          ; Low Pulse Width  ; clk   ; Rise       ; estado_actual.ABRIR           ;
; 0.183  ; 0.367        ; 0.184          ; Low Pulse Width  ; clk   ; Rise       ; estado_actual.IDLE            ;
; 0.183  ; 0.367        ; 0.184          ; Low Pulse Width  ; clk   ; Rise       ; estado_actual.INGRESO         ;
; 0.339  ; 0.339        ; 0.000          ; Low Pulse Width  ; clk   ; Rise       ; clk~input|o                   ;
; 0.342  ; 0.342        ; 0.000          ; Low Pulse Width  ; clk   ; Rise       ; estado_actual.BLOQUEO|clk     ;
; 0.342  ; 0.342        ; 0.000          ; Low Pulse Width  ; clk   ; Rise       ; estado_actual.ERROR_CLAVE|clk ;
; 0.342  ; 0.342        ; 0.000          ; Low Pulse Width  ; clk   ; Rise       ; intentos[0]|clk               ;
; 0.342  ; 0.342        ; 0.000          ; Low Pulse Width  ; clk   ; Rise       ; intentos[1]|clk               ;
; 0.343  ; 0.343        ; 0.000          ; Low Pulse Width  ; clk   ; Rise       ; estado_actual.ABRIR|clk       ;
; 0.343  ; 0.343        ; 0.000          ; Low Pulse Width  ; clk   ; Rise       ; estado_actual.IDLE|clk        ;
; 0.343  ; 0.343        ; 0.000          ; Low Pulse Width  ; clk   ; Rise       ; estado_actual.INGRESO|clk     ;
; 0.348  ; 0.348        ; 0.000          ; Low Pulse Width  ; clk   ; Rise       ; clk~inputclkctrl|inclk[0]     ;
; 0.348  ; 0.348        ; 0.000          ; Low Pulse Width  ; clk   ; Rise       ; clk~inputclkctrl|outclk       ;
; 0.417  ; 0.633        ; 0.216          ; High Pulse Width ; clk   ; Rise       ; estado_actual.ABRIR           ;
; 0.417  ; 0.633        ; 0.216          ; High Pulse Width ; clk   ; Rise       ; estado_actual.BLOQUEO         ;
; 0.417  ; 0.633        ; 0.216          ; High Pulse Width ; clk   ; Rise       ; estado_actual.ERROR_CLAVE     ;
; 0.417  ; 0.633        ; 0.216          ; High Pulse Width ; clk   ; Rise       ; estado_actual.IDLE            ;
; 0.417  ; 0.633        ; 0.216          ; High Pulse Width ; clk   ; Rise       ; estado_actual.INGRESO         ;
; 0.417  ; 0.633        ; 0.216          ; High Pulse Width ; clk   ; Rise       ; intentos[0]                   ;
; 0.417  ; 0.633        ; 0.216          ; High Pulse Width ; clk   ; Rise       ; intentos[1]                   ;
; 0.500  ; 0.500        ; 0.000          ; High Pulse Width ; clk   ; Rise       ; clk~input|i                   ;
; 0.500  ; 0.500        ; 0.000          ; Low Pulse Width  ; clk   ; Rise       ; clk~input|i                   ;
; 0.651  ; 0.651        ; 0.000          ; High Pulse Width ; clk   ; Rise       ; clk~inputclkctrl|inclk[0]     ;
; 0.651  ; 0.651        ; 0.000          ; High Pulse Width ; clk   ; Rise       ; clk~inputclkctrl|outclk       ;
; 0.657  ; 0.657        ; 0.000          ; High Pulse Width ; clk   ; Rise       ; estado_actual.ABRIR|clk       ;
; 0.657  ; 0.657        ; 0.000          ; High Pulse Width ; clk   ; Rise       ; estado_actual.BLOQUEO|clk     ;
; 0.657  ; 0.657        ; 0.000          ; High Pulse Width ; clk   ; Rise       ; estado_actual.ERROR_CLAVE|clk ;
; 0.657  ; 0.657        ; 0.000          ; High Pulse Width ; clk   ; Rise       ; estado_actual.IDLE|clk        ;
; 0.657  ; 0.657        ; 0.000          ; High Pulse Width ; clk   ; Rise       ; estado_actual.INGRESO|clk     ;
; 0.657  ; 0.657        ; 0.000          ; High Pulse Width ; clk   ; Rise       ; intentos[0]|clk               ;
; 0.657  ; 0.657        ; 0.000          ; High Pulse Width ; clk   ; Rise       ; intentos[1]|clk               ;
; 0.661  ; 0.661        ; 0.000          ; High Pulse Width ; clk   ; Rise       ; clk~input|o                   ;
+--------+--------------+----------------+------------------+-------+------------+-------------------------------+


+----------------------------------------------------------------------------------+
; Setup Times                                                                      ;
+----------------------+------------+-------+-------+------------+-----------------+
; Data Port            ; Clock Port ; Rise  ; Fall  ; Clock Edge ; Clock Reference ;
+----------------------+------------+-------+-------+------------+-----------------+
; clave_completa       ; clk        ; 2.584 ; 2.975 ; Rise       ; clk             ;
; clave_correcta       ; clk        ; 2.789 ; 3.093 ; Rise       ; clk             ;
; horario_correcto     ; clk        ; 3.178 ; 3.571 ; Rise       ; clk             ;
; intrusion            ; clk        ; 2.786 ; 3.110 ; Rise       ; clk             ;
; tiempo_apertura_fin  ; clk        ; 2.814 ; 3.172 ; Rise       ; clk             ;
; tiempo_bloqueo_fin   ; clk        ; 2.692 ; 3.045 ; Rise       ; clk             ;
; tiempo_error_fin     ; clk        ; 2.889 ; 3.268 ; Rise       ; clk             ;
; usuario_habilitado   ; clk        ; 3.048 ; 3.440 ; Rise       ; clk             ;
; usuario_seleccionado ; clk        ; 2.423 ; 2.754 ; Rise       ; clk             ;
+----------------------+------------+-------+-------+------------+-----------------+


+------------------------------------------------------------------------------------+
; Hold Times                                                                         ;
+----------------------+------------+--------+--------+------------+-----------------+
; Data Port            ; Clock Port ; Rise   ; Fall   ; Clock Edge ; Clock Reference ;
+----------------------+------------+--------+--------+------------+-----------------+
; clave_completa       ; clk        ; -0.959 ; -1.340 ; Rise       ; clk             ;
; clave_correcta       ; clk        ; -1.119 ; -1.473 ; Rise       ; clk             ;
; horario_correcto     ; clk        ; -1.647 ; -2.032 ; Rise       ; clk             ;
; intrusion            ; clk        ; -1.087 ; -1.411 ; Rise       ; clk             ;
; tiempo_apertura_fin  ; clk        ; -1.750 ; -2.102 ; Rise       ; clk             ;
; tiempo_bloqueo_fin   ; clk        ; -1.003 ; -1.370 ; Rise       ; clk             ;
; tiempo_error_fin     ; clk        ; -2.051 ; -2.401 ; Rise       ; clk             ;
; usuario_habilitado   ; clk        ; -1.564 ; -1.957 ; Rise       ; clk             ;
; usuario_seleccionado ; clk        ; -1.334 ; -1.656 ; Rise       ; clk             ;
+----------------------+------------+--------+--------+------------+-----------------+


+------------------------------------------------------------------------------+
; Clock to Output Times                                                        ;
+------------------+------------+-------+-------+------------+-----------------+
; Data Port        ; Clock Port ; Rise  ; Fall  ; Clock Edge ; Clock Reference ;
+------------------+------------+-------+-------+------------+-----------------+
; abrir_puerta     ; clk        ; 5.024 ; 4.987 ; Rise       ; clk             ;
; activar_alarma   ; clk        ; 5.755 ; 5.629 ; Rise       ; clk             ;
; estado_out[*]    ; clk        ; 5.891 ; 5.871 ; Rise       ; clk             ;
;  estado_out[0]   ; clk        ; 5.891 ; 5.871 ; Rise       ; clk             ;
;  estado_out[1]   ; clk        ; 5.365 ; 5.493 ; Rise       ; clk             ;
;  estado_out[2]   ; clk        ; 5.765 ; 5.641 ; Rise       ; clk             ;
; iniciar_apertura ; clk        ; 5.885 ; 5.897 ; Rise       ; clk             ;
; iniciar_bloqueo  ; clk        ; 7.676 ; 7.622 ; Rise       ; clk             ;
; iniciar_error    ; clk        ; 6.913 ; 6.875 ; Rise       ; clk             ;
; intentos_out[*]  ; clk        ; 5.198 ; 5.197 ; Rise       ; clk             ;
;  intentos_out[0] ; clk        ; 5.198 ; 5.197 ; Rise       ; clk             ;
;  intentos_out[1] ; clk        ; 4.991 ; 5.007 ; Rise       ; clk             ;
; limpiar_clave    ; clk        ; 8.760 ; 8.647 ; Rise       ; clk             ;
; limpiar_intentos ; clk        ; 5.908 ; 5.856 ; Rise       ; clk             ;
+------------------+------------+-------+-------+------------+-----------------+


+------------------------------------------------------------------------------+
; Minimum Clock to Output Times                                                ;
+------------------+------------+-------+-------+------------+-----------------+
; Data Port        ; Clock Port ; Rise  ; Fall  ; Clock Edge ; Clock Reference ;
+------------------+------------+-------+-------+------------+-----------------+
; abrir_puerta     ; clk        ; 4.929 ; 4.892 ; Rise       ; clk             ;
; activar_alarma   ; clk        ; 5.631 ; 5.508 ; Rise       ; clk             ;
; estado_out[*]    ; clk        ; 5.215 ; 5.366 ; Rise       ; clk             ;
;  estado_out[0]   ; clk        ; 5.700 ; 5.654 ; Rise       ; clk             ;
;  estado_out[1]   ; clk        ; 5.215 ; 5.366 ; Rise       ; clk             ;
;  estado_out[2]   ; clk        ; 5.641 ; 5.520 ; Rise       ; clk             ;
; iniciar_apertura ; clk        ; 5.214 ; 5.173 ; Rise       ; clk             ;
; iniciar_bloqueo  ; clk        ; 5.664 ; 5.622 ; Rise       ; clk             ;
; iniciar_error    ; clk        ; 5.392 ; 5.343 ; Rise       ; clk             ;
; intentos_out[*]  ; clk        ; 4.902 ; 4.917 ; Rise       ; clk             ;
;  intentos_out[0] ; clk        ; 5.099 ; 5.096 ; Rise       ; clk             ;
;  intentos_out[1] ; clk        ; 4.902 ; 4.917 ; Rise       ; clk             ;
; limpiar_clave    ; clk        ; 5.384 ; 5.343 ; Rise       ; clk             ;
; limpiar_intentos ; clk        ; 5.648 ; 5.589 ; Rise       ; clk             ;
+------------------+------------+-------+-------+------------+-----------------+


+-------------------------------------------------------------------------+
; Propagation Delay                                                       ;
+----------------------+------------------+-------+-------+-------+-------+
; Input Port           ; Output Port      ; RR    ; RF    ; FR    ; FF    ;
+----------------------+------------------+-------+-------+-------+-------+
; clave_completa       ; iniciar_apertura ; 6.503 ;       ;       ; 6.784 ;
; clave_completa       ; iniciar_bloqueo  ; 7.531 ; 7.225 ; 7.681 ; 7.860 ;
; clave_completa       ; iniciar_error    ; 6.763 ; 6.641 ; 7.071 ; 7.065 ;
; clave_completa       ; limpiar_clave    ; 8.447 ; 8.847 ; 9.311 ; 8.705 ;
; clave_completa       ; limpiar_intentos ; 6.646 ;       ;       ; 6.959 ;
; clave_correcta       ; iniciar_apertura ; 6.650 ;       ;       ; 6.914 ;
; clave_correcta       ; iniciar_bloqueo  ; 7.220 ; 7.372 ; 7.811 ; 7.491 ;
; clave_correcta       ; iniciar_error    ;       ; 6.846 ; 7.276 ;       ;
; clave_correcta       ; limpiar_clave    ; 7.263 ; 8.664 ; 9.174 ; 7.539 ;
; clave_correcta       ; limpiar_intentos ; 6.793 ;       ;       ; 7.089 ;
; horario_correcto     ; iniciar_apertura ; 7.270 ;       ;       ; 7.556 ;
; horario_correcto     ; iniciar_bloqueo  ;       ; 7.992 ; 8.453 ;       ;
; horario_correcto     ; iniciar_error    ; 7.065 ; 7.177 ; 7.641 ; 7.357 ;
; horario_correcto     ; limpiar_clave    ; 7.883 ; 9.188 ; 9.717 ; 8.181 ;
; horario_correcto     ; limpiar_intentos ; 7.413 ;       ;       ; 7.731 ;
; intrusion            ; iniciar_apertura ;       ; 6.222 ; 6.700 ;       ;
; intrusion            ; iniciar_bloqueo  ; 7.777 ; 7.723 ; 8.145 ; 8.099 ;
; intrusion            ; iniciar_error    ; 7.198 ; 7.160 ; 7.557 ; 7.409 ;
; intrusion            ; limpiar_clave    ; 9.039 ; 8.932 ; 9.367 ; 9.230 ;
; intrusion            ; limpiar_intentos ;       ; 6.397 ; 6.843 ;       ;
; tiempo_apertura_fin  ; iniciar_apertura ;       ; 6.392 ; 6.806 ;       ;
; tiempo_apertura_fin  ; iniciar_bloqueo  ; 7.857 ; 7.803 ; 8.219 ; 8.173 ;
; tiempo_apertura_fin  ; iniciar_error    ;       ; 7.188 ; 7.619 ;       ;
; tiempo_apertura_fin  ; limpiar_clave    ; 7.998 ; 9.076 ; 9.581 ; 8.276 ;
; tiempo_bloqueo_fin   ; iniciar_bloqueo  ; 7.951 ; 7.897 ; 8.296 ; 8.250 ;
; tiempo_bloqueo_fin   ; iniciar_error    ;       ; 6.991 ; 7.386 ;       ;
; tiempo_bloqueo_fin   ; limpiar_clave    ; 8.092 ; 8.879 ; 9.348 ; 8.353 ;
; tiempo_bloqueo_fin   ; limpiar_intentos ; 5.856 ;       ;       ; 6.148 ;
; tiempo_error_fin     ; iniciar_bloqueo  ; 8.148 ; 8.094 ; 8.519 ; 8.473 ;
; tiempo_error_fin     ; iniciar_error    ;       ; 7.108 ; 7.523 ;       ;
; tiempo_error_fin     ; limpiar_clave    ; 8.289 ; 8.996 ; 9.485 ; 8.576 ;
; usuario_habilitado   ; iniciar_apertura ; 7.140 ;       ;       ; 7.425 ;
; usuario_habilitado   ; iniciar_bloqueo  ;       ; 7.862 ; 8.322 ;       ;
; usuario_habilitado   ; iniciar_error    ; 7.042 ; 7.047 ; 7.510 ; 7.332 ;
; usuario_habilitado   ; limpiar_clave    ; 7.753 ; 9.058 ; 9.586 ; 8.050 ;
; usuario_habilitado   ; limpiar_intentos ; 7.283 ;       ;       ; 7.600 ;
; usuario_seleccionado ; iniciar_bloqueo  ; 7.551 ; 7.497 ; 7.902 ; 7.856 ;
; usuario_seleccionado ; iniciar_error    ;       ; 6.797 ; 7.201 ;       ;
; usuario_seleccionado ; limpiar_clave    ; 7.692 ; 8.685 ; 9.163 ; 7.959 ;
+----------------------+------------------+-------+-------+-------+-------+


+-------------------------------------------------------------------------+
; Minimum Propagation Delay                                               ;
+----------------------+------------------+-------+-------+-------+-------+
; Input Port           ; Output Port      ; RR    ; RF    ; FR    ; FF    ;
+----------------------+------------------+-------+-------+-------+-------+
; clave_completa       ; iniciar_apertura ; 6.350 ;       ;       ; 6.618 ;
; clave_completa       ; iniciar_bloqueo  ; 6.470 ; 6.738 ; 7.107 ; 6.792 ;
; clave_completa       ; iniciar_error    ; 6.535 ; 6.260 ; 6.707 ; 6.842 ;
; clave_completa       ; limpiar_clave    ; 6.734 ; 6.882 ; 7.267 ; 7.026 ;
; clave_completa       ; limpiar_intentos ; 6.464 ;       ;       ; 6.746 ;
; clave_correcta       ; iniciar_apertura ; 6.487 ;       ;       ; 6.742 ;
; clave_correcta       ; iniciar_bloqueo  ; 7.001 ; 6.764 ; 7.186 ; 7.269 ;
; clave_correcta       ; iniciar_error    ;       ; 6.397 ; 6.831 ;       ;
; clave_correcta       ; limpiar_clave    ; 7.066 ; 7.056 ; 7.448 ; 7.326 ;
; clave_correcta       ; limpiar_intentos ; 6.601 ;       ;       ; 6.870 ;
; horario_correcto     ; iniciar_apertura ; 7.043 ;       ;       ; 7.310 ;
; horario_correcto     ; iniciar_bloqueo  ;       ; 7.064 ; 7.501 ;       ;
; horario_correcto     ; iniciar_error    ; 6.861 ; 6.953 ; 7.399 ; 7.138 ;
; horario_correcto     ; limpiar_clave    ; 7.243 ; 8.731 ; 9.271 ; 7.556 ;
; horario_correcto     ; limpiar_intentos ; 7.157 ;       ;       ; 7.438 ;
; intrusion            ; iniciar_apertura ;       ; 5.952 ; 6.354 ;       ;
; intrusion            ; iniciar_bloqueo  ; 6.400 ; 6.686 ; 7.114 ; 6.665 ;
; intrusion            ; iniciar_error    ; 6.164 ; 6.350 ; 6.744 ; 6.453 ;
; intrusion            ; limpiar_clave    ; 6.682 ; 6.478 ; 6.869 ; 6.975 ;
; intrusion            ; limpiar_intentos ;       ; 6.203 ; 6.657 ;       ;
; tiempo_apertura_fin  ; iniciar_apertura ;       ; 6.216 ; 6.621 ;       ;
; tiempo_apertura_fin  ; iniciar_bloqueo  ; 7.007 ; 7.116 ; 7.525 ; 7.238 ;
; tiempo_apertura_fin  ; iniciar_error    ;       ; 6.959 ; 7.376 ;       ;
; tiempo_apertura_fin  ; limpiar_clave    ; 7.647 ; 6.742 ; 7.136 ; 7.857 ;
; tiempo_bloqueo_fin   ; iniciar_bloqueo  ; 7.222 ; 6.959 ; 7.338 ; 7.486 ;
; tiempo_bloqueo_fin   ; iniciar_error    ;       ; 6.802 ; 7.189 ;       ;
; tiempo_bloqueo_fin   ; limpiar_clave    ; 7.784 ; 6.956 ; 7.339 ; 7.984 ;
; tiempo_bloqueo_fin   ; limpiar_intentos ; 5.721 ;       ;       ; 5.998 ;
; tiempo_error_fin     ; iniciar_bloqueo  ; 7.333 ; 7.070 ; 7.470 ; 7.618 ;
; tiempo_error_fin     ; iniciar_error    ;       ; 6.913 ; 7.321 ;       ;
; tiempo_error_fin     ; limpiar_clave    ; 7.948 ; 7.067 ; 7.471 ; 8.156 ;
; usuario_habilitado   ; iniciar_apertura ; 6.960 ;       ;       ; 7.235 ;
; usuario_habilitado   ; iniciar_bloqueo  ;       ; 7.043 ; 7.477 ;       ;
; usuario_habilitado   ; iniciar_error    ; 6.840 ; 6.870 ; 7.324 ; 7.114 ;
; usuario_habilitado   ; limpiar_clave    ; 7.222 ; 8.648 ; 9.196 ; 7.532 ;
; usuario_habilitado   ; limpiar_intentos ; 7.074 ;       ;       ; 7.363 ;
; usuario_seleccionado ; iniciar_bloqueo  ; 7.002 ; 6.739 ; 7.117 ; 7.265 ;
; usuario_seleccionado ; iniciar_error    ;       ; 6.582 ; 6.968 ;       ;
; usuario_seleccionado ; limpiar_clave    ; 7.440 ; 6.736 ; 7.118 ; 7.660 ;
+----------------------+------------------+-------+-------+-------+-------+


---------------------------------------------
; Slow 1200mV 0C Model Metastability Report ;
---------------------------------------------
No synchronizer chains to report.


+------------------------------------+
; Fast 1200mV 0C Model Setup Summary ;
+-------+--------+-------------------+
; Clock ; Slack  ; End Point TNS     ;
+-------+--------+-------------------+
; clk   ; -0.549 ; -1.928            ;
+-------+--------+-------------------+


+-----------------------------------+
; Fast 1200mV 0C Model Hold Summary ;
+-------+-------+-------------------+
; Clock ; Slack ; End Point TNS     ;
+-------+-------+-------------------+
; clk   ; 0.187 ; 0.000             ;
+-------+-------+-------------------+


-----------------------------------------
; Fast 1200mV 0C Model Recovery Summary ;
-----------------------------------------
No paths to report.


----------------------------------------
; Fast 1200mV 0C Model Removal Summary ;
----------------------------------------
No paths to report.


+--------------------------------------------------+
; Fast 1200mV 0C Model Minimum Pulse Width Summary ;
+-------+--------+---------------------------------+
; Clock ; Slack  ; End Point TNS                   ;
+-------+--------+---------------------------------+
; clk   ; -3.000 ; -10.392                         ;
+-------+--------+---------------------------------+


+--------------------------------------------------------------------------------------------------------------------------------------+
; Fast 1200mV 0C Model Setup: 'clk'                                                                                                    ;
+--------+---------------------------+---------------------------+--------------+-------------+--------------+------------+------------+
; Slack  ; From Node                 ; To Node                   ; Launch Clock ; Latch Clock ; Relationship ; Clock Skew ; Data Delay ;
+--------+---------------------------+---------------------------+--------------+-------------+--------------+------------+------------+
; -0.549 ; estado_actual.ABRIR       ; estado_actual.ERROR_CLAVE ; clk          ; clk         ; 1.000        ; -0.036     ; 1.500      ;
; -0.495 ; estado_actual.ERROR_CLAVE ; estado_actual.ERROR_CLAVE ; clk          ; clk         ; 1.000        ; -0.036     ; 1.446      ;
; -0.476 ; estado_actual.BLOQUEO     ; estado_actual.IDLE        ; clk          ; clk         ; 1.000        ; -0.036     ; 1.427      ;
; -0.469 ; estado_actual.ABRIR       ; estado_actual.BLOQUEO     ; clk          ; clk         ; 1.000        ; -0.036     ; 1.420      ;
; -0.457 ; estado_actual.INGRESO     ; estado_actual.ERROR_CLAVE ; clk          ; clk         ; 1.000        ; -0.036     ; 1.408      ;
; -0.434 ; estado_actual.ERROR_CLAVE ; estado_actual.IDLE        ; clk          ; clk         ; 1.000        ; -0.036     ; 1.385      ;
; -0.429 ; estado_actual.IDLE        ; estado_actual.ERROR_CLAVE ; clk          ; clk         ; 1.000        ; -0.036     ; 1.380      ;
; -0.420 ; estado_actual.ABRIR       ; estado_actual.IDLE        ; clk          ; clk         ; 1.000        ; -0.036     ; 1.371      ;
; -0.415 ; estado_actual.ERROR_CLAVE ; estado_actual.BLOQUEO     ; clk          ; clk         ; 1.000        ; -0.036     ; 1.366      ;
; -0.387 ; estado_actual.INGRESO     ; estado_actual.BLOQUEO     ; clk          ; clk         ; 1.000        ; -0.036     ; 1.338      ;
; -0.370 ; estado_actual.BLOQUEO     ; estado_actual.ERROR_CLAVE ; clk          ; clk         ; 1.000        ; -0.036     ; 1.321      ;
; -0.356 ; estado_actual.BLOQUEO     ; estado_actual.BLOQUEO     ; clk          ; clk         ; 1.000        ; -0.036     ; 1.307      ;
; -0.351 ; estado_actual.IDLE        ; estado_actual.BLOQUEO     ; clk          ; clk         ; 1.000        ; -0.036     ; 1.302      ;
; -0.261 ; estado_actual.INGRESO     ; estado_actual.IDLE        ; clk          ; clk         ; 1.000        ; -0.036     ; 1.212      ;
; -0.241 ; estado_actual.IDLE        ; estado_actual.IDLE        ; clk          ; clk         ; 1.000        ; -0.036     ; 1.192      ;
; -0.227 ; estado_actual.BLOQUEO     ; estado_actual.INGRESO     ; clk          ; clk         ; 1.000        ; -0.036     ; 1.178      ;
; -0.204 ; intentos[1]               ; estado_actual.ERROR_CLAVE ; clk          ; clk         ; 1.000        ; -0.036     ; 1.155      ;
; -0.185 ; estado_actual.ERROR_CLAVE ; estado_actual.INGRESO     ; clk          ; clk         ; 1.000        ; -0.036     ; 1.136      ;
; -0.172 ; intentos[1]               ; estado_actual.BLOQUEO     ; clk          ; clk         ; 1.000        ; -0.036     ; 1.123      ;
; -0.171 ; estado_actual.ABRIR       ; estado_actual.INGRESO     ; clk          ; clk         ; 1.000        ; -0.036     ; 1.122      ;
; -0.131 ; estado_actual.ABRIR       ; estado_actual.ABRIR       ; clk          ; clk         ; 1.000        ; -0.036     ; 1.082      ;
; -0.076 ; estado_actual.INGRESO     ; intentos[1]               ; clk          ; clk         ; 1.000        ; -0.035     ; 1.028      ;
; -0.023 ; estado_actual.INGRESO     ; estado_actual.INGRESO     ; clk          ; clk         ; 1.000        ; -0.036     ; 0.974      ;
; 0.005  ; estado_actual.INGRESO     ; intentos[0]               ; clk          ; clk         ; 1.000        ; -0.035     ; 0.947      ;
; 0.006  ; estado_actual.IDLE        ; estado_actual.INGRESO     ; clk          ; clk         ; 1.000        ; -0.036     ; 0.945      ;
; 0.023  ; estado_actual.BLOQUEO     ; intentos[1]               ; clk          ; clk         ; 1.000        ; -0.035     ; 0.929      ;
; 0.187  ; estado_actual.BLOQUEO     ; intentos[0]               ; clk          ; clk         ; 1.000        ; -0.035     ; 0.765      ;
; 0.208  ; estado_actual.INGRESO     ; estado_actual.ABRIR       ; clk          ; clk         ; 1.000        ; -0.036     ; 0.743      ;
; 0.315  ; intentos[1]               ; intentos[0]               ; clk          ; clk         ; 1.000        ; -0.035     ; 0.637      ;
; 0.444  ; intentos[0]               ; intentos[1]               ; clk          ; clk         ; 1.000        ; -0.035     ; 0.508      ;
; 0.593  ; intentos[0]               ; intentos[0]               ; clk          ; clk         ; 1.000        ; -0.035     ; 0.359      ;
; 0.602  ; intentos[1]               ; intentos[1]               ; clk          ; clk         ; 1.000        ; -0.035     ; 0.350      ;
+--------+---------------------------+---------------------------+--------------+-------------+--------------+------------+------------+


+-------------------------------------------------------------------------------------------------------------------------------------+
; Fast 1200mV 0C Model Hold: 'clk'                                                                                                    ;
+-------+---------------------------+---------------------------+--------------+-------------+--------------+------------+------------+
; Slack ; From Node                 ; To Node                   ; Launch Clock ; Latch Clock ; Relationship ; Clock Skew ; Data Delay ;
+-------+---------------------------+---------------------------+--------------+-------------+--------------+------------+------------+
; 0.187 ; estado_actual.INGRESO     ; estado_actual.INGRESO     ; clk          ; clk         ; 0.000        ; 0.036      ; 0.307      ;
; 0.188 ; intentos[1]               ; intentos[1]               ; clk          ; clk         ; 0.000        ; 0.035      ; 0.307      ;
; 0.188 ; intentos[0]               ; intentos[0]               ; clk          ; clk         ; 0.000        ; 0.035      ; 0.307      ;
; 0.313 ; intentos[0]               ; intentos[1]               ; clk          ; clk         ; 0.000        ; 0.035      ; 0.432      ;
; 0.413 ; intentos[1]               ; intentos[0]               ; clk          ; clk         ; 0.000        ; 0.035      ; 0.532      ;
; 0.533 ; estado_actual.INGRESO     ; estado_actual.ABRIR       ; clk          ; clk         ; 0.000        ; 0.036      ; 0.653      ;
; 0.545 ; estado_actual.BLOQUEO     ; intentos[0]               ; clk          ; clk         ; 0.000        ; 0.036      ; 0.665      ;
; 0.549 ; estado_actual.INGRESO     ; intentos[1]               ; clk          ; clk         ; 0.000        ; 0.036      ; 0.669      ;
; 0.626 ; estado_actual.INGRESO     ; intentos[0]               ; clk          ; clk         ; 0.000        ; 0.036      ; 0.746      ;
; 0.648 ; estado_actual.IDLE        ; estado_actual.INGRESO     ; clk          ; clk         ; 0.000        ; 0.036      ; 0.768      ;
; 0.655 ; estado_actual.BLOQUEO     ; intentos[1]               ; clk          ; clk         ; 0.000        ; 0.036      ; 0.775      ;
; 0.726 ; estado_actual.ERROR_CLAVE ; estado_actual.ERROR_CLAVE ; clk          ; clk         ; 0.000        ; 0.036      ; 0.846      ;
; 0.726 ; estado_actual.BLOQUEO     ; estado_actual.INGRESO     ; clk          ; clk         ; 0.000        ; 0.036      ; 0.846      ;
; 0.770 ; estado_actual.ABRIR       ; estado_actual.INGRESO     ; clk          ; clk         ; 0.000        ; 0.036      ; 0.890      ;
; 0.784 ; estado_actual.ERROR_CLAVE ; estado_actual.INGRESO     ; clk          ; clk         ; 0.000        ; 0.036      ; 0.904      ;
; 0.810 ; estado_actual.ABRIR       ; estado_actual.ABRIR       ; clk          ; clk         ; 0.000        ; 0.036      ; 0.930      ;
; 0.811 ; estado_actual.INGRESO     ; estado_actual.BLOQUEO     ; clk          ; clk         ; 0.000        ; 0.036      ; 0.931      ;
; 0.816 ; estado_actual.IDLE        ; estado_actual.IDLE        ; clk          ; clk         ; 0.000        ; 0.036      ; 0.936      ;
; 0.857 ; estado_actual.INGRESO     ; estado_actual.ERROR_CLAVE ; clk          ; clk         ; 0.000        ; 0.036      ; 0.977      ;
; 0.873 ; estado_actual.BLOQUEO     ; estado_actual.BLOQUEO     ; clk          ; clk         ; 0.000        ; 0.036      ; 0.993      ;
; 0.879 ; intentos[1]               ; estado_actual.BLOQUEO     ; clk          ; clk         ; 0.000        ; 0.035      ; 0.998      ;
; 0.913 ; estado_actual.INGRESO     ; estado_actual.IDLE        ; clk          ; clk         ; 0.000        ; 0.036      ; 1.033      ;
; 0.931 ; estado_actual.BLOQUEO     ; estado_actual.IDLE        ; clk          ; clk         ; 0.000        ; 0.036      ; 1.051      ;
; 0.934 ; estado_actual.BLOQUEO     ; estado_actual.ERROR_CLAVE ; clk          ; clk         ; 0.000        ; 0.036      ; 1.054      ;
; 0.942 ; intentos[1]               ; estado_actual.ERROR_CLAVE ; clk          ; clk         ; 0.000        ; 0.035      ; 1.061      ;
; 0.953 ; estado_actual.IDLE        ; estado_actual.ERROR_CLAVE ; clk          ; clk         ; 0.000        ; 0.036      ; 1.073      ;
; 0.962 ; estado_actual.IDLE        ; estado_actual.BLOQUEO     ; clk          ; clk         ; 0.000        ; 0.036      ; 1.082      ;
; 0.975 ; estado_actual.ABRIR       ; estado_actual.IDLE        ; clk          ; clk         ; 0.000        ; 0.036      ; 1.095      ;
; 1.023 ; estado_actual.ERROR_CLAVE ; estado_actual.IDLE        ; clk          ; clk         ; 0.000        ; 0.036      ; 1.143      ;
; 1.032 ; estado_actual.ERROR_CLAVE ; estado_actual.BLOQUEO     ; clk          ; clk         ; 0.000        ; 0.036      ; 1.152      ;
; 1.067 ; estado_actual.ABRIR       ; estado_actual.BLOQUEO     ; clk          ; clk         ; 0.000        ; 0.036      ; 1.187      ;
; 1.096 ; estado_actual.ABRIR       ; estado_actual.ERROR_CLAVE ; clk          ; clk         ; 0.000        ; 0.036      ; 1.216      ;
+-------+---------------------------+---------------------------+--------------+-------------+--------------+------------+------------+


+----------------------------------------------------------------------------------------------------------------+
; Fast 1200mV 0C Model Minimum Pulse Width: 'clk'                                                                ;
+--------+--------------+----------------+------------------+-------+------------+-------------------------------+
; Slack  ; Actual Width ; Required Width ; Type             ; Clock ; Clock Edge ; Target                        ;
+--------+--------------+----------------+------------------+-------+------------+-------------------------------+
; -3.000 ; 1.000        ; 4.000          ; Port Rate        ; clk   ; Rise       ; clk                           ;
; -1.000 ; 1.000        ; 2.000          ; Min Period       ; clk   ; Rise       ; estado_actual.ABRIR           ;
; -1.000 ; 1.000        ; 2.000          ; Min Period       ; clk   ; Rise       ; estado_actual.BLOQUEO         ;
; -1.000 ; 1.000        ; 2.000          ; Min Period       ; clk   ; Rise       ; estado_actual.ERROR_CLAVE     ;
; -1.000 ; 1.000        ; 2.000          ; Min Period       ; clk   ; Rise       ; estado_actual.IDLE            ;
; -1.000 ; 1.000        ; 2.000          ; Min Period       ; clk   ; Rise       ; estado_actual.INGRESO         ;
; -1.000 ; 1.000        ; 2.000          ; Min Period       ; clk   ; Rise       ; intentos[0]                   ;
; -1.000 ; 1.000        ; 2.000          ; Min Period       ; clk   ; Rise       ; intentos[1]                   ;
; -0.056 ; 0.128        ; 0.184          ; Low Pulse Width  ; clk   ; Rise       ; estado_actual.ABRIR           ;
; -0.056 ; 0.128        ; 0.184          ; Low Pulse Width  ; clk   ; Rise       ; estado_actual.BLOQUEO         ;
; -0.056 ; 0.128        ; 0.184          ; Low Pulse Width  ; clk   ; Rise       ; estado_actual.ERROR_CLAVE     ;
; -0.056 ; 0.128        ; 0.184          ; Low Pulse Width  ; clk   ; Rise       ; estado_actual.IDLE            ;
; -0.056 ; 0.128        ; 0.184          ; Low Pulse Width  ; clk   ; Rise       ; estado_actual.INGRESO         ;
; -0.056 ; 0.128        ; 0.184          ; Low Pulse Width  ; clk   ; Rise       ; intentos[0]                   ;
; -0.056 ; 0.128        ; 0.184          ; Low Pulse Width  ; clk   ; Rise       ; intentos[1]                   ;
; 0.118  ; 0.118        ; 0.000          ; Low Pulse Width  ; clk   ; Rise       ; clk~input|o                   ;
; 0.123  ; 0.123        ; 0.000          ; Low Pulse Width  ; clk   ; Rise       ; estado_actual.ABRIR|clk       ;
; 0.123  ; 0.123        ; 0.000          ; Low Pulse Width  ; clk   ; Rise       ; estado_actual.BLOQUEO|clk     ;
; 0.123  ; 0.123        ; 0.000          ; Low Pulse Width  ; clk   ; Rise       ; estado_actual.ERROR_CLAVE|clk ;
; 0.123  ; 0.123        ; 0.000          ; Low Pulse Width  ; clk   ; Rise       ; estado_actual.IDLE|clk        ;
; 0.123  ; 0.123        ; 0.000          ; Low Pulse Width  ; clk   ; Rise       ; estado_actual.INGRESO|clk     ;
; 0.124  ; 0.124        ; 0.000          ; Low Pulse Width  ; clk   ; Rise       ; intentos[0]|clk               ;
; 0.124  ; 0.124        ; 0.000          ; Low Pulse Width  ; clk   ; Rise       ; intentos[1]|clk               ;
; 0.132  ; 0.132        ; 0.000          ; Low Pulse Width  ; clk   ; Rise       ; clk~inputclkctrl|inclk[0]     ;
; 0.132  ; 0.132        ; 0.000          ; Low Pulse Width  ; clk   ; Rise       ; clk~inputclkctrl|outclk       ;
; 0.500  ; 0.500        ; 0.000          ; High Pulse Width ; clk   ; Rise       ; clk~input|i                   ;
; 0.500  ; 0.500        ; 0.000          ; Low Pulse Width  ; clk   ; Rise       ; clk~input|i                   ;
; 0.654  ; 0.870        ; 0.216          ; High Pulse Width ; clk   ; Rise       ; intentos[0]                   ;
; 0.654  ; 0.870        ; 0.216          ; High Pulse Width ; clk   ; Rise       ; intentos[1]                   ;
; 0.655  ; 0.871        ; 0.216          ; High Pulse Width ; clk   ; Rise       ; estado_actual.ABRIR           ;
; 0.655  ; 0.871        ; 0.216          ; High Pulse Width ; clk   ; Rise       ; estado_actual.BLOQUEO         ;
; 0.655  ; 0.871        ; 0.216          ; High Pulse Width ; clk   ; Rise       ; estado_actual.ERROR_CLAVE     ;
; 0.655  ; 0.871        ; 0.216          ; High Pulse Width ; clk   ; Rise       ; estado_actual.IDLE            ;
; 0.655  ; 0.871        ; 0.216          ; High Pulse Width ; clk   ; Rise       ; estado_actual.INGRESO         ;
; 0.867  ; 0.867        ; 0.000          ; High Pulse Width ; clk   ; Rise       ; clk~inputclkctrl|inclk[0]     ;
; 0.867  ; 0.867        ; 0.000          ; High Pulse Width ; clk   ; Rise       ; clk~inputclkctrl|outclk       ;
; 0.876  ; 0.876        ; 0.000          ; High Pulse Width ; clk   ; Rise       ; estado_actual.ABRIR|clk       ;
; 0.876  ; 0.876        ; 0.000          ; High Pulse Width ; clk   ; Rise       ; estado_actual.BLOQUEO|clk     ;
; 0.876  ; 0.876        ; 0.000          ; High Pulse Width ; clk   ; Rise       ; estado_actual.ERROR_CLAVE|clk ;
; 0.876  ; 0.876        ; 0.000          ; High Pulse Width ; clk   ; Rise       ; estado_actual.IDLE|clk        ;
; 0.876  ; 0.876        ; 0.000          ; High Pulse Width ; clk   ; Rise       ; estado_actual.INGRESO|clk     ;
; 0.876  ; 0.876        ; 0.000          ; High Pulse Width ; clk   ; Rise       ; intentos[0]|clk               ;
; 0.876  ; 0.876        ; 0.000          ; High Pulse Width ; clk   ; Rise       ; intentos[1]|clk               ;
; 0.882  ; 0.882        ; 0.000          ; High Pulse Width ; clk   ; Rise       ; clk~input|o                   ;
+--------+--------------+----------------+------------------+-------+------------+-------------------------------+


+----------------------------------------------------------------------------------+
; Setup Times                                                                      ;
+----------------------+------------+-------+-------+------------+-----------------+
; Data Port            ; Clock Port ; Rise  ; Fall  ; Clock Edge ; Clock Reference ;
+----------------------+------------+-------+-------+------------+-----------------+
; clave_completa       ; clk        ; 1.606 ; 2.209 ; Rise       ; clk             ;
; clave_correcta       ; clk        ; 1.741 ; 2.294 ; Rise       ; clk             ;
; horario_correcto     ; clk        ; 1.952 ; 2.630 ; Rise       ; clk             ;
; intrusion            ; clk        ; 1.740 ; 2.259 ; Rise       ; clk             ;
; tiempo_apertura_fin  ; clk        ; 1.740 ; 2.363 ; Rise       ; clk             ;
; tiempo_bloqueo_fin   ; clk        ; 1.643 ; 2.226 ; Rise       ; clk             ;
; tiempo_error_fin     ; clk        ; 1.791 ; 2.410 ; Rise       ; clk             ;
; usuario_habilitado   ; clk        ; 1.859 ; 2.535 ; Rise       ; clk             ;
; usuario_seleccionado ; clk        ; 1.502 ; 2.088 ; Rise       ; clk             ;
+----------------------+------------+-------+-------+------------+-----------------+


+------------------------------------------------------------------------------------+
; Hold Times                                                                         ;
+----------------------+------------+--------+--------+------------+-----------------+
; Data Port            ; Clock Port ; Rise   ; Fall   ; Clock Edge ; Clock Reference ;
+----------------------+------------+--------+--------+------------+-----------------+
; clave_completa       ; clk        ; -0.609 ; -1.193 ; Rise       ; clk             ;
; clave_correcta       ; clk        ; -0.744 ; -1.281 ; Rise       ; clk             ;
; horario_correcto     ; clk        ; -1.033 ; -1.649 ; Rise       ; clk             ;
; intrusion            ; clk        ; -0.701 ; -1.227 ; Rise       ; clk             ;
; tiempo_apertura_fin  ; clk        ; -1.117 ; -1.697 ; Rise       ; clk             ;
; tiempo_bloqueo_fin   ; clk        ; -0.643 ; -1.207 ; Rise       ; clk             ;
; tiempo_error_fin     ; clk        ; -1.288 ; -1.878 ; Rise       ; clk             ;
; usuario_habilitado   ; clk        ; -0.970 ; -1.594 ; Rise       ; clk             ;
; usuario_seleccionado ; clk        ; -0.834 ; -1.421 ; Rise       ; clk             ;
+----------------------+------------+--------+--------+------------+-----------------+


+------------------------------------------------------------------------------+
; Clock to Output Times                                                        ;
+------------------+------------+-------+-------+------------+-----------------+
; Data Port        ; Clock Port ; Rise  ; Fall  ; Clock Edge ; Clock Reference ;
+------------------+------------+-------+-------+------------+-----------------+
; abrir_puerta     ; clk        ; 3.145 ; 3.184 ; Rise       ; clk             ;
; activar_alarma   ; clk        ; 3.543 ; 3.614 ; Rise       ; clk             ;
; estado_out[*]    ; clk        ; 3.656 ; 3.778 ; Rise       ; clk             ;
;  estado_out[0]   ; clk        ; 3.656 ; 3.778 ; Rise       ; clk             ;
;  estado_out[1]   ; clk        ; 3.395 ; 3.435 ; Rise       ; clk             ;
;  estado_out[2]   ; clk        ; 3.554 ; 3.625 ; Rise       ; clk             ;
; iniciar_apertura ; clk        ; 3.646 ; 3.747 ; Rise       ; clk             ;
; iniciar_bloqueo  ; clk        ; 4.714 ; 4.803 ; Rise       ; clk             ;
; iniciar_error    ; clk        ; 4.319 ; 4.336 ; Rise       ; clk             ;
; intentos_out[*]  ; clk        ; 3.262 ; 3.346 ; Rise       ; clk             ;
;  intentos_out[0] ; clk        ; 3.262 ; 3.346 ; Rise       ; clk             ;
;  intentos_out[1] ; clk        ; 3.175 ; 3.199 ; Rise       ; clk             ;
; limpiar_clave    ; clk        ; 5.323 ; 5.497 ; Rise       ; clk             ;
; limpiar_intentos ; clk        ; 3.686 ; 3.756 ; Rise       ; clk             ;
+------------------+------------+-------+-------+------------+-----------------+


+------------------------------------------------------------------------------+
; Minimum Clock to Output Times                                                ;
+------------------+------------+-------+-------+------------+-----------------+
; Data Port        ; Clock Port ; Rise  ; Fall  ; Clock Edge ; Clock Reference ;
+------------------+------------+-------+-------+------------+-----------------+
; abrir_puerta     ; clk        ; 3.083 ; 3.120 ; Rise       ; clk             ;
; activar_alarma   ; clk        ; 3.466 ; 3.533 ; Rise       ; clk             ;
; estado_out[*]    ; clk        ; 3.312 ; 3.347 ; Rise       ; clk             ;
;  estado_out[0]   ; clk        ; 3.538 ; 3.649 ; Rise       ; clk             ;
;  estado_out[1]   ; clk        ; 3.312 ; 3.347 ; Rise       ; clk             ;
;  estado_out[2]   ; clk        ; 3.476 ; 3.544 ; Rise       ; clk             ;
; iniciar_apertura ; clk        ; 3.241 ; 3.287 ; Rise       ; clk             ;
; iniciar_bloqueo  ; clk        ; 3.496 ; 3.584 ; Rise       ; clk             ;
; iniciar_error    ; clk        ; 3.335 ; 3.408 ; Rise       ; clk             ;
; intentos_out[*]  ; clk        ; 3.117 ; 3.140 ; Rise       ; clk             ;
;  intentos_out[0] ; clk        ; 3.197 ; 3.280 ; Rise       ; clk             ;
;  intentos_out[1] ; clk        ; 3.117 ; 3.140 ; Rise       ; clk             ;
; limpiar_clave    ; clk        ; 3.338 ; 3.412 ; Rise       ; clk             ;
; limpiar_intentos ; clk        ; 3.527 ; 3.580 ; Rise       ; clk             ;
+------------------+------------+-------+-------+------------+-----------------+


+-------------------------------------------------------------------------+
; Propagation Delay                                                       ;
+----------------------+------------------+-------+-------+-------+-------+
; Input Port           ; Output Port      ; RR    ; RF    ; FR    ; FF    ;
+----------------------+------------------+-------+-------+-------+-------+
; clave_completa       ; iniciar_apertura ; 4.054 ;       ;       ; 4.674 ;
; clave_completa       ; iniciar_bloqueo  ; 4.646 ; 4.538 ; 5.160 ; 5.346 ;
; clave_completa       ; iniciar_error    ; 4.225 ; 4.218 ; 4.766 ; 4.821 ;
; clave_completa       ; limpiar_clave    ; 5.160 ; 5.636 ; 6.042 ; 5.908 ;
; clave_completa       ; limpiar_intentos ; 4.190 ;       ;       ; 4.805 ;
; clave_correcta       ; iniciar_apertura ; 4.161 ;       ;       ; 4.785 ;
; clave_correcta       ; iniciar_bloqueo  ; 4.513 ; 4.645 ; 5.271 ; 5.120 ;
; clave_correcta       ; iniciar_error    ;       ; 4.353 ; 4.925 ;       ;
; clave_correcta       ; limpiar_clave    ; 4.520 ; 5.573 ; 5.978 ; 5.195 ;
; clave_correcta       ; limpiar_intentos ; 4.297 ;       ;       ; 4.916 ;
; horario_correcto     ; iniciar_apertura ; 4.523 ;       ;       ; 5.185 ;
; horario_correcto     ; iniciar_bloqueo  ;       ; 5.007 ; 5.671 ;       ;
; horario_correcto     ; iniciar_error    ; 4.445 ; 4.531 ; 5.177 ; 5.017 ;
; horario_correcto     ; limpiar_clave    ; 4.882 ; 5.876 ; 6.309 ; 5.595 ;
; horario_correcto     ; limpiar_intentos ; 4.659 ;       ;       ; 5.316 ;
; intrusion            ; iniciar_apertura ;       ; 4.002 ; 4.504 ;       ;
; intrusion            ; iniciar_bloqueo  ; 4.817 ; 4.899 ; 5.406 ; 5.495 ;
; intrusion            ; iniciar_error    ; 4.516 ; 4.533 ; 5.057 ; 5.011 ;
; intrusion            ; limpiar_clave    ; 5.518 ; 5.694 ; 6.058 ; 6.215 ;
; intrusion            ; limpiar_intentos ;       ; 4.133 ; 4.640 ;       ;
; tiempo_apertura_fin  ; iniciar_apertura ;       ; 4.108 ; 4.649 ;       ;
; tiempo_apertura_fin  ; iniciar_bloqueo  ; 4.877 ; 4.959 ; 5.473 ; 5.562 ;
; tiempo_apertura_fin  ; iniciar_error    ;       ; 4.523 ; 5.161 ;       ;
; tiempo_apertura_fin  ; limpiar_clave    ; 4.972 ; 5.774 ; 6.252 ; 5.627 ;
; tiempo_bloqueo_fin   ; iniciar_bloqueo  ; 4.894 ; 4.976 ; 5.470 ; 5.559 ;
; tiempo_bloqueo_fin   ; iniciar_error    ;       ; 4.379 ; 4.988 ;       ;
; tiempo_bloqueo_fin   ; limpiar_clave    ; 4.989 ; 5.630 ; 6.079 ; 5.624 ;
; tiempo_bloqueo_fin   ; limpiar_intentos ; 3.727 ;       ;       ; 4.289 ;
; tiempo_error_fin     ; iniciar_bloqueo  ; 5.042 ; 5.124 ; 5.654 ; 5.743 ;
; tiempo_error_fin     ; iniciar_error    ;       ; 4.477 ; 5.108 ;       ;
; tiempo_error_fin     ; limpiar_clave    ; 5.137 ; 5.728 ; 6.199 ; 5.808 ;
; usuario_habilitado   ; iniciar_apertura ; 4.430 ;       ;       ; 5.090 ;
; usuario_habilitado   ; iniciar_bloqueo  ;       ; 4.914 ; 5.576 ;       ;
; usuario_habilitado   ; iniciar_error    ; 4.420 ; 4.438 ; 5.082 ; 4.998 ;
; usuario_habilitado   ; limpiar_clave    ; 4.789 ; 5.783 ; 6.214 ; 5.500 ;
; usuario_habilitado   ; limpiar_intentos ; 4.566 ;       ;       ; 5.221 ;
; usuario_seleccionado ; iniciar_bloqueo  ; 4.686 ; 4.768 ; 5.263 ; 5.352 ;
; usuario_seleccionado ; iniciar_error    ;       ; 4.285 ; 4.886 ;       ;
; usuario_seleccionado ; limpiar_clave    ; 4.781 ; 5.536 ; 5.977 ; 5.417 ;
+----------------------+------------------+-------+-------+-------+-------+


+-------------------------------------------------------------------------+
; Minimum Propagation Delay                                               ;
+----------------------+------------------+-------+-------+-------+-------+
; Input Port           ; Output Port      ; RR    ; RF    ; FR    ; FF    ;
+----------------------+------------------+-------+-------+-------+-------+
; clave_completa       ; iniciar_apertura ; 3.954 ;       ;       ; 4.564 ;
; clave_completa       ; iniciar_bloqueo  ; 4.035 ; 4.259 ; 4.764 ; 4.659 ;
; clave_completa       ; iniciar_error    ; 4.072 ; 3.962 ; 4.559 ; 4.681 ;
; clave_completa       ; limpiar_clave    ; 4.199 ; 4.364 ; 4.875 ; 4.795 ;
; clave_completa       ; limpiar_intentos ; 4.071 ;       ;       ; 4.662 ;
; clave_correcta       ; iniciar_apertura ; 4.058 ;       ;       ; 4.670 ;
; clave_correcta       ; iniciar_bloqueo  ; 4.376 ; 4.335 ; 4.843 ; 4.973 ;
; clave_correcta       ; iniciar_error    ;       ; 4.066 ; 4.665 ;       ;
; clave_correcta       ; limpiar_clave    ; 4.397 ; 4.482 ; 5.020 ; 5.050 ;
; clave_correcta       ; limpiar_intentos ; 4.175 ;       ;       ; 4.768 ;
; horario_correcto     ; iniciar_apertura ; 4.378 ;       ;       ; 5.019 ;
; horario_correcto     ; iniciar_bloqueo  ;       ; 4.495 ; 5.028 ;       ;
; horario_correcto     ; iniciar_error    ; 4.308 ; 4.386 ; 5.014 ; 4.876 ;
; horario_correcto     ; limpiar_clave    ; 4.542 ; 5.581 ; 6.022 ; 5.134 ;
; horario_correcto     ; limpiar_intentos ; 4.495 ;       ;       ; 5.117 ;
; intrusion            ; iniciar_apertura ;       ; 3.804 ; 4.318 ;       ;
; intrusion            ; iniciar_bloqueo  ; 3.980 ; 4.229 ; 4.772 ; 4.584 ;
; intrusion            ; iniciar_error    ; 3.897 ; 4.025 ; 4.561 ; 4.410 ;
; intrusion            ; limpiar_clave    ; 4.169 ; 4.140 ; 4.618 ; 4.761 ;
; intrusion            ; limpiar_intentos ;       ; 4.000 ; 4.519 ;       ;
; tiempo_apertura_fin  ; iniciar_apertura ;       ; 3.991 ; 4.524 ;       ;
; tiempo_apertura_fin  ; iniciar_bloqueo  ; 4.400 ; 4.504 ; 5.072 ; 4.943 ;
; tiempo_apertura_fin  ; iniciar_error    ;       ; 4.381 ; 5.000 ;       ;
; tiempo_apertura_fin  ; limpiar_clave    ; 4.739 ; 4.327 ; 4.824 ; 5.372 ;
; tiempo_bloqueo_fin   ; iniciar_bloqueo  ; 4.446 ; 4.382 ; 4.927 ; 5.119 ;
; tiempo_bloqueo_fin   ; iniciar_error    ;       ; 4.259 ; 4.855 ;       ;
; tiempo_bloqueo_fin   ; limpiar_clave    ; 4.779 ; 4.373 ; 4.943 ; 5.405 ;
; tiempo_bloqueo_fin   ; limpiar_intentos ; 3.639 ;       ;       ; 4.186 ;
; tiempo_error_fin     ; iniciar_bloqueo  ; 4.543 ; 4.479 ; 5.041 ; 5.233 ;
; tiempo_error_fin     ; iniciar_error    ;       ; 4.356 ; 4.969 ;       ;
; tiempo_error_fin     ; limpiar_clave    ; 4.910 ; 4.470 ; 5.057 ; 5.553 ;
; usuario_habilitado   ; iniciar_apertura ; 4.315 ;       ;       ; 4.964 ;
; usuario_habilitado   ; iniciar_bloqueo  ;       ; 4.471 ; 5.010 ;       ;
; usuario_habilitado   ; iniciar_error    ; 4.284 ; 4.323 ; 4.959 ; 4.858 ;
; usuario_habilitado   ; limpiar_clave    ; 4.518 ; 5.518 ; 5.967 ; 5.116 ;
; usuario_habilitado   ; limpiar_intentos ; 4.432 ;       ;       ; 5.062 ;
; usuario_seleccionado ; iniciar_bloqueo  ; 4.335 ; 4.271 ; 4.807 ; 4.999 ;
; usuario_seleccionado ; iniciar_error    ;       ; 4.148 ; 4.735 ;       ;
; usuario_seleccionado ; limpiar_clave    ; 4.613 ; 4.262 ; 4.823 ; 5.223 ;
+----------------------+------------------+-------+-------+-------+-------+


---------------------------------------------
; Fast 1200mV 0C Model Metastability Report ;
---------------------------------------------
No synchronizer chains to report.


+------------------------------------------------------------------------------+
; Multicorner Timing Analysis Summary                                          ;
+------------------+--------+-------+----------+---------+---------------------+
; Clock            ; Setup  ; Hold  ; Recovery ; Removal ; Minimum Pulse Width ;
+------------------+--------+-------+----------+---------+---------------------+
; Worst-case Slack ; -1.801 ; 0.187 ; N/A      ; N/A     ; -3.000              ;
;  clk             ; -1.801 ; 0.187 ; N/A      ; N/A     ; -3.000              ;
; Design-wide TNS  ; -9.03  ; 0.0   ; 0.0      ; 0.0     ; -10.392             ;
;  clk             ; -9.030 ; 0.000 ; N/A      ; N/A     ; -10.392             ;
+------------------+--------+-------+----------+---------+---------------------+


+----------------------------------------------------------------------------------+
; Setup Times                                                                      ;
+----------------------+------------+-------+-------+------------+-----------------+
; Data Port            ; Clock Port ; Rise  ; Fall  ; Clock Edge ; Clock Reference ;
+----------------------+------------+-------+-------+------------+-----------------+
; clave_completa       ; clk        ; 2.983 ; 3.455 ; Rise       ; clk             ;
; clave_correcta       ; clk        ; 3.210 ; 3.567 ; Rise       ; clk             ;
; horario_correcto     ; clk        ; 3.612 ; 4.120 ; Rise       ; clk             ;
; intrusion            ; clk        ; 3.207 ; 3.583 ; Rise       ; clk             ;
; tiempo_apertura_fin  ; clk        ; 3.210 ; 3.673 ; Rise       ; clk             ;
; tiempo_bloqueo_fin   ; clk        ; 3.078 ; 3.514 ; Rise       ; clk             ;
; tiempo_error_fin     ; clk        ; 3.302 ; 3.774 ; Rise       ; clk             ;
; usuario_habilitado   ; clk        ; 3.466 ; 3.967 ; Rise       ; clk             ;
; usuario_seleccionado ; clk        ; 2.790 ; 3.208 ; Rise       ; clk             ;
+----------------------+------------+-------+-------+------------+-----------------+


+------------------------------------------------------------------------------------+
; Hold Times                                                                         ;
+----------------------+------------+--------+--------+------------+-----------------+
; Data Port            ; Clock Port ; Rise   ; Fall   ; Clock Edge ; Clock Reference ;
+----------------------+------------+--------+--------+------------+-----------------+
; clave_completa       ; clk        ; -0.609 ; -1.193 ; Rise       ; clk             ;
; clave_correcta       ; clk        ; -0.744 ; -1.281 ; Rise       ; clk             ;
; horario_correcto     ; clk        ; -1.033 ; -1.649 ; Rise       ; clk             ;
; intrusion            ; clk        ; -0.701 ; -1.227 ; Rise       ; clk             ;
; tiempo_apertura_fin  ; clk        ; -1.117 ; -1.697 ; Rise       ; clk             ;
; tiempo_bloqueo_fin   ; clk        ; -0.643 ; -1.207 ; Rise       ; clk             ;
; tiempo_error_fin     ; clk        ; -1.288 ; -1.878 ; Rise       ; clk             ;
; usuario_habilitado   ; clk        ; -0.970 ; -1.594 ; Rise       ; clk             ;
; usuario_seleccionado ; clk        ; -0.834 ; -1.421 ; Rise       ; clk             ;
+----------------------+------------+--------+--------+------------+-----------------+


+------------------------------------------------------------------------------+
; Clock to Output Times                                                        ;
+------------------+------------+-------+-------+------------+-----------------+
; Data Port        ; Clock Port ; Rise  ; Fall  ; Clock Edge ; Clock Reference ;
+------------------+------------+-------+-------+------------+-----------------+
; abrir_puerta     ; clk        ; 5.283 ; 5.271 ; Rise       ; clk             ;
; activar_alarma   ; clk        ; 6.057 ; 5.987 ; Rise       ; clk             ;
; estado_out[*]    ; clk        ; 6.216 ; 6.253 ; Rise       ; clk             ;
;  estado_out[0]   ; clk        ; 6.216 ; 6.253 ; Rise       ; clk             ;
;  estado_out[1]   ; clk        ; 5.679 ; 5.810 ; Rise       ; clk             ;
;  estado_out[2]   ; clk        ; 6.066 ; 5.999 ; Rise       ; clk             ;
; iniciar_apertura ; clk        ; 6.235 ; 6.291 ; Rise       ; clk             ;
; iniciar_bloqueo  ; clk        ; 8.204 ; 8.214 ; Rise       ; clk             ;
; iniciar_error    ; clk        ; 7.406 ; 7.373 ; Rise       ; clk             ;
; intentos_out[*]  ; clk        ; 5.471 ; 5.482 ; Rise       ; clk             ;
;  intentos_out[0] ; clk        ; 5.471 ; 5.482 ; Rise       ; clk             ;
;  intentos_out[1] ; clk        ; 5.239 ; 5.273 ; Rise       ; clk             ;
; limpiar_clave    ; clk        ; 9.371 ; 9.396 ; Rise       ; clk             ;
; limpiar_intentos ; clk        ; 6.204 ; 6.219 ; Rise       ; clk             ;
+------------------+------------+-------+-------+------------+-----------------+


+------------------------------------------------------------------------------+
; Minimum Clock to Output Times                                                ;
+------------------+------------+-------+-------+------------+-----------------+
; Data Port        ; Clock Port ; Rise  ; Fall  ; Clock Edge ; Clock Reference ;
+------------------+------------+-------+-------+------------+-----------------+
; abrir_puerta     ; clk        ; 3.083 ; 3.120 ; Rise       ; clk             ;
; activar_alarma   ; clk        ; 3.466 ; 3.533 ; Rise       ; clk             ;
; estado_out[*]    ; clk        ; 3.312 ; 3.347 ; Rise       ; clk             ;
;  estado_out[0]   ; clk        ; 3.538 ; 3.649 ; Rise       ; clk             ;
;  estado_out[1]   ; clk        ; 3.312 ; 3.347 ; Rise       ; clk             ;
;  estado_out[2]   ; clk        ; 3.476 ; 3.544 ; Rise       ; clk             ;
; iniciar_apertura ; clk        ; 3.241 ; 3.287 ; Rise       ; clk             ;
; iniciar_bloqueo  ; clk        ; 3.496 ; 3.584 ; Rise       ; clk             ;
; iniciar_error    ; clk        ; 3.335 ; 3.408 ; Rise       ; clk             ;
; intentos_out[*]  ; clk        ; 3.117 ; 3.140 ; Rise       ; clk             ;
;  intentos_out[0] ; clk        ; 3.197 ; 3.280 ; Rise       ; clk             ;
;  intentos_out[1] ; clk        ; 3.117 ; 3.140 ; Rise       ; clk             ;
; limpiar_clave    ; clk        ; 3.338 ; 3.412 ; Rise       ; clk             ;
; limpiar_intentos ; clk        ; 3.527 ; 3.580 ; Rise       ; clk             ;
+------------------+------------+-------+-------+------------+-----------------+


+----------------------------------------------------------------------------+
; Propagation Delay                                                          ;
+----------------------+------------------+-------+--------+--------+--------+
; Input Port           ; Output Port      ; RR    ; RF     ; FR     ; FF     ;
+----------------------+------------------+-------+--------+--------+--------+
; clave_completa       ; iniciar_apertura ; 7.025 ;        ;        ; 7.407  ;
; clave_completa       ; iniciar_bloqueo  ; 8.138 ; 7.849  ; 8.388  ; 8.617  ;
; clave_completa       ; iniciar_error    ; 7.313 ; 7.212  ; 7.696  ; 7.694  ;
; clave_completa       ; limpiar_clave    ; 9.111 ; 9.707  ; 10.107 ; 9.579  ;
; clave_completa       ; limpiar_intentos ; 7.155 ;        ;        ; 7.583  ;
; clave_correcta       ; iniciar_apertura ; 7.186 ;        ;        ; 7.548  ;
; clave_correcta       ; iniciar_bloqueo  ; 7.824 ; 8.010  ; 8.529  ; 8.186  ;
; clave_correcta       ; iniciar_error    ;       ; 7.439  ; 7.918  ;        ;
; clave_correcta       ; limpiar_clave    ; 7.860 ; 9.520  ; 9.941  ; 8.265  ;
; clave_correcta       ; limpiar_intentos ; 7.316 ;        ;        ; 7.724  ;
; horario_correcto     ; iniciar_apertura ; 7.865 ;        ;        ; 8.264  ;
; horario_correcto     ; iniciar_bloqueo  ;       ; 8.689  ; 9.245  ;        ;
; horario_correcto     ; iniciar_error    ; 7.658 ; 7.791  ; 8.335  ; 8.018  ;
; horario_correcto     ; limpiar_clave    ; 8.539 ; 10.088 ; 10.541 ; 8.981  ;
; horario_correcto     ; limpiar_intentos ; 7.995 ;        ;        ; 8.440  ;
; intrusion            ; iniciar_apertura ;       ; 6.759  ; 7.252  ;        ;
; intrusion            ; iniciar_bloqueo  ; 8.429 ; 8.430  ; 8.872  ; 8.882  ;
; intrusion            ; iniciar_error    ; 7.810 ; 7.777  ; 8.224  ; 8.070  ;
; intrusion            ; limpiar_clave    ; 9.769 ; 9.800  ; 10.157 ; 10.156 ;
; intrusion            ; limpiar_intentos ;       ; 6.935  ; 7.382  ;        ;
; tiempo_apertura_fin  ; iniciar_apertura ;       ; 6.939  ; 7.392  ;        ;
; tiempo_apertura_fin  ; iniciar_bloqueo  ; 8.507 ; 8.508  ; 8.953  ; 8.963  ;
; tiempo_apertura_fin  ; iniciar_error    ;       ; 7.776  ; 8.314  ;        ;
; tiempo_apertura_fin  ; limpiar_clave    ; 8.660 ; 9.940  ; 10.417 ; 9.076  ;
; tiempo_bloqueo_fin   ; iniciar_bloqueo  ; 8.602 ; 8.603  ; 9.029  ; 9.039  ;
; tiempo_bloqueo_fin   ; iniciar_error    ;       ; 7.553  ; 8.056  ;        ;
; tiempo_bloqueo_fin   ; limpiar_clave    ; 8.755 ; 9.717  ; 10.159 ; 9.152  ;
; tiempo_bloqueo_fin   ; limpiar_intentos ; 6.283 ;        ;        ; 6.667  ;
; tiempo_error_fin     ; iniciar_bloqueo  ; 8.826 ; 8.827  ; 9.289  ; 9.299  ;
; tiempo_error_fin     ; iniciar_error    ;       ; 7.684  ; 8.210  ;        ;
; tiempo_error_fin     ; limpiar_clave    ; 8.979 ; 9.848  ; 10.313 ; 9.412  ;
; usuario_habilitado   ; iniciar_apertura ; 7.719 ;        ;        ; 8.111  ;
; usuario_habilitado   ; iniciar_bloqueo  ;       ; 8.543  ; 9.092  ;        ;
; usuario_habilitado   ; iniciar_error    ; 7.634 ; 7.645  ; 8.182  ; 7.992  ;
; usuario_habilitado   ; limpiar_clave    ; 8.393 ; 9.942  ; 10.388 ; 8.828  ;
; usuario_habilitado   ; limpiar_intentos ; 7.849 ;        ;        ; 8.287  ;
; usuario_seleccionado ; iniciar_bloqueo  ; 8.184 ; 8.185  ; 8.594  ; 8.604  ;
; usuario_seleccionado ; iniciar_error    ;       ; 7.356  ; 7.849  ;        ;
; usuario_seleccionado ; limpiar_clave    ; 8.337 ; 9.520  ; 9.952  ; 8.717  ;
+----------------------+------------------+-------+--------+--------+--------+


+-------------------------------------------------------------------------+
; Minimum Propagation Delay                                               ;
+----------------------+------------------+-------+-------+-------+-------+
; Input Port           ; Output Port      ; RR    ; RF    ; FR    ; FF    ;
+----------------------+------------------+-------+-------+-------+-------+
; clave_completa       ; iniciar_apertura ; 3.954 ;       ;       ; 4.564 ;
; clave_completa       ; iniciar_bloqueo  ; 4.035 ; 4.259 ; 4.764 ; 4.659 ;
; clave_completa       ; iniciar_error    ; 4.072 ; 3.962 ; 4.559 ; 4.681 ;
; clave_completa       ; limpiar_clave    ; 4.199 ; 4.364 ; 4.875 ; 4.795 ;
; clave_completa       ; limpiar_intentos ; 4.071 ;       ;       ; 4.662 ;
; clave_correcta       ; iniciar_apertura ; 4.058 ;       ;       ; 4.670 ;
; clave_correcta       ; iniciar_bloqueo  ; 4.376 ; 4.335 ; 4.843 ; 4.973 ;
; clave_correcta       ; iniciar_error    ;       ; 4.066 ; 4.665 ;       ;
; clave_correcta       ; limpiar_clave    ; 4.397 ; 4.482 ; 5.020 ; 5.050 ;
; clave_correcta       ; limpiar_intentos ; 4.175 ;       ;       ; 4.768 ;
; horario_correcto     ; iniciar_apertura ; 4.378 ;       ;       ; 5.019 ;
; horario_correcto     ; iniciar_bloqueo  ;       ; 4.495 ; 5.028 ;       ;
; horario_correcto     ; iniciar_error    ; 4.308 ; 4.386 ; 5.014 ; 4.876 ;
; horario_correcto     ; limpiar_clave    ; 4.542 ; 5.581 ; 6.022 ; 5.134 ;
; horario_correcto     ; limpiar_intentos ; 4.495 ;       ;       ; 5.117 ;
; intrusion            ; iniciar_apertura ;       ; 3.804 ; 4.318 ;       ;
; intrusion            ; iniciar_bloqueo  ; 3.980 ; 4.229 ; 4.772 ; 4.584 ;
; intrusion            ; iniciar_error    ; 3.897 ; 4.025 ; 4.561 ; 4.410 ;
; intrusion            ; limpiar_clave    ; 4.169 ; 4.140 ; 4.618 ; 4.761 ;
; intrusion            ; limpiar_intentos ;       ; 4.000 ; 4.519 ;       ;
; tiempo_apertura_fin  ; iniciar_apertura ;       ; 3.991 ; 4.524 ;       ;
; tiempo_apertura_fin  ; iniciar_bloqueo  ; 4.400 ; 4.504 ; 5.072 ; 4.943 ;
; tiempo_apertura_fin  ; iniciar_error    ;       ; 4.381 ; 5.000 ;       ;
; tiempo_apertura_fin  ; limpiar_clave    ; 4.739 ; 4.327 ; 4.824 ; 5.372 ;
; tiempo_bloqueo_fin   ; iniciar_bloqueo  ; 4.446 ; 4.382 ; 4.927 ; 5.119 ;
; tiempo_bloqueo_fin   ; iniciar_error    ;       ; 4.259 ; 4.855 ;       ;
; tiempo_bloqueo_fin   ; limpiar_clave    ; 4.779 ; 4.373 ; 4.943 ; 5.405 ;
; tiempo_bloqueo_fin   ; limpiar_intentos ; 3.639 ;       ;       ; 4.186 ;
; tiempo_error_fin     ; iniciar_bloqueo  ; 4.543 ; 4.479 ; 5.041 ; 5.233 ;
; tiempo_error_fin     ; iniciar_error    ;       ; 4.356 ; 4.969 ;       ;
; tiempo_error_fin     ; limpiar_clave    ; 4.910 ; 4.470 ; 5.057 ; 5.553 ;
; usuario_habilitado   ; iniciar_apertura ; 4.315 ;       ;       ; 4.964 ;
; usuario_habilitado   ; iniciar_bloqueo  ;       ; 4.471 ; 5.010 ;       ;
; usuario_habilitado   ; iniciar_error    ; 4.284 ; 4.323 ; 4.959 ; 4.858 ;
; usuario_habilitado   ; limpiar_clave    ; 4.518 ; 5.518 ; 5.967 ; 5.116 ;
; usuario_habilitado   ; limpiar_intentos ; 4.432 ;       ;       ; 5.062 ;
; usuario_seleccionado ; iniciar_bloqueo  ; 4.335 ; 4.271 ; 4.807 ; 4.999 ;
; usuario_seleccionado ; iniciar_error    ;       ; 4.148 ; 4.735 ;       ;
; usuario_seleccionado ; limpiar_clave    ; 4.613 ; 4.262 ; 4.823 ; 5.223 ;
+----------------------+------------------+-------+-------+-------+-------+


+---------------------------------------------------------------------------------------------------------------------------------------------------------------------------------------------------------------------------------------------------------------------------------------------------------------------------------------------------------------------------------------------------------------------+
; Board Trace Model Assignments                                                                                                                                                                                                                                                                                                                                                                                       ;
+------------------+--------------+-------------------+-------------------------+-------------------------+---------------+---------------------+----------------+------------------+--------+------------------+------------------------+------------------------+--------------+---------------+-----------------+-------+---------------------+--------------------+---------------+-----------------+-------------+
; Pin              ; I/O Standard ; Near Tline Length ; Near Tline L per Length ; Near Tline C per Length ; Near Series R ; Near Differential R ; Near Pull-up R ; Near Pull-down R ; Near C ; Far Tline Length ; Far Tline L per Length ; Far Tline C per Length ; Far Series R ; Far Pull-up R ; Far Pull-down R ; Far C ; Termination Voltage ; Far Differential R ; EBD File Name ; EBD Signal Name ; EBD Far-end ;
+------------------+--------------+-------------------+-------------------------+-------------------------+---------------+---------------------+----------------+------------------+--------+------------------+------------------------+------------------------+--------------+---------------+-----------------+-------+---------------------+--------------------+---------------+-----------------+-------------+
; estado_out[0]    ; 2.5 V        ; 0 in              ; 0 H/in                  ; 0 F/in                  ; short         ; -                   ; open           ; open             ; open   ; 0 in             ; 0 H/in                 ; 0 F/in                 ; short        ; open          ; open            ; open  ; 0 V                 ; -                  ; n/a           ; n/a             ; n/a         ;
; estado_out[1]    ; 2.5 V        ; 0 in              ; 0 H/in                  ; 0 F/in                  ; short         ; -                   ; open           ; open             ; open   ; 0 in             ; 0 H/in                 ; 0 F/in                 ; short        ; open          ; open            ; open  ; 0 V                 ; -                  ; n/a           ; n/a             ; n/a         ;
; estado_out[2]    ; 2.5 V        ; 0 in              ; 0 H/in                  ; 0 F/in                  ; short         ; -                   ; open           ; open             ; open   ; 0 in             ; 0 H/in                 ; 0 F/in                 ; short        ; open          ; open            ; open  ; 0 V                 ; -                  ; n/a           ; n/a             ; n/a         ;
; limpiar_clave    ; 2.5 V        ; 0 in              ; 0 H/in                  ; 0 F/in                  ; short         ; -                   ; open           ; open             ; open   ; 0 in             ; 0 H/in                 ; 0 F/in                 ; short        ; open          ; open            ; open  ; 0 V                 ; -                  ; n/a           ; n/a             ; n/a         ;
; limpiar_intentos ; 2.5 V        ; 0 in              ; 0 H/in                  ; 0 F/in                  ; short         ; -                   ; open           ; open             ; open   ; 0 in             ; 0 H/in                 ; 0 F/in                 ; short        ; open          ; open            ; open  ; 0 V                 ; -                  ; n/a           ; n/a             ; n/a         ;
; iniciar_apertura ; 2.5 V        ; 0 in              ; 0 H/in                  ; 0 F/in                  ; short         ; -                   ; open           ; open             ; open   ; 0 in             ; 0 H/in                 ; 0 F/in                 ; short        ; open          ; open            ; open  ; 0 V                 ; -                  ; n/a           ; n/a             ; n/a         ;
; iniciar_bloqueo  ; 2.5 V        ; 0 in              ; 0 H/in                  ; 0 F/in                  ; short         ; -                   ; open           ; open             ; open   ; 0 in             ; 0 H/in                 ; 0 F/in                 ; short        ; open          ; open            ; open  ; 0 V                 ; -                  ; n/a           ; n/a             ; n/a         ;
; iniciar_error    ; 2.5 V        ; 0 in              ; 0 H/in                  ; 0 F/in                  ; short         ; -                   ; open           ; open             ; open   ; 0 in             ; 0 H/in                 ; 0 F/in                 ; short        ; open          ; open            ; open  ; 0 V                 ; -                  ; n/a           ; n/a             ; n/a         ;
; activar_alarma   ; 2.5 V        ; 0 in              ; 0 H/in                  ; 0 F/in                  ; short         ; -                   ; open           ; open             ; open   ; 0 in             ; 0 H/in                 ; 0 F/in                 ; short        ; open          ; open            ; open  ; 0 V                 ; -                  ; n/a           ; n/a             ; n/a         ;
; abrir_puerta     ; 2.5 V        ; 0 in              ; 0 H/in                  ; 0 F/in                  ; short         ; -                   ; open           ; open             ; open   ; 0 in             ; 0 H/in                 ; 0 F/in                 ; short        ; open          ; open            ; open  ; 0 V                 ; -                  ; n/a           ; n/a             ; n/a         ;
; intentos_out[0]  ; 2.5 V        ; 0 in              ; 0 H/in                  ; 0 F/in                  ; short         ; -                   ; open           ; open             ; open   ; 0 in             ; 0 H/in                 ; 0 F/in                 ; short        ; open          ; open            ; open  ; 0 V                 ; -                  ; n/a           ; n/a             ; n/a         ;
; intentos_out[1]  ; 2.5 V        ; 0 in              ; 0 H/in                  ; 0 F/in                  ; short         ; -                   ; open           ; open             ; open   ; 0 in             ; 0 H/in                 ; 0 F/in                 ; short        ; open          ; open            ; open  ; 0 V                 ; -                  ; n/a           ; n/a             ; n/a         ;
; ~ALTERA_DCLK~    ; 2.5 V        ; 0 in              ; 0 H/in                  ; 0 F/in                  ; short         ; -                   ; open           ; open             ; open   ; 0 in             ; 0 H/in                 ; 0 F/in                 ; short        ; open          ; open            ; open  ; 0 V                 ; -                  ; n/a           ; n/a             ; n/a         ;
; ~ALTERA_nCEO~    ; 2.5 V        ; 0 in              ; 0 H/in                  ; 0 F/in                  ; short         ; -                   ; open           ; open             ; open   ; 0 in             ; 0 H/in                 ; 0 F/in                 ; short        ; open          ; open            ; open  ; 0 V                 ; -                  ; n/a           ; n/a             ; n/a         ;
+------------------+--------------+-------------------+-------------------------+-------------------------+---------------+---------------------+----------------+------------------+--------+------------------+------------------------+------------------------+--------------+---------------+-----------------+-------+---------------------+--------------------+---------------+-----------------+-------------+


+----------------------------------------------------------------------------+
; Input Transition Times                                                     ;
+-------------------------+--------------+-----------------+-----------------+
; Pin                     ; I/O Standard ; 10-90 Rise Time ; 90-10 Fall Time ;
+-------------------------+--------------+-----------------+-----------------+
; intrusion               ; 2.5 V        ; 2000 ps         ; 2000 ps         ;
; clave_completa          ; 2.5 V        ; 2000 ps         ; 2000 ps         ;
; usuario_seleccionado    ; 2.5 V        ; 2000 ps         ; 2000 ps         ;
; tiempo_apertura_fin     ; 2.5 V        ; 2000 ps         ; 2000 ps         ;
; tiempo_bloqueo_fin      ; 2.5 V        ; 2000 ps         ; 2000 ps         ;
; tiempo_error_fin        ; 2.5 V        ; 2000 ps         ; 2000 ps         ;
; clave_correcta          ; 2.5 V        ; 2000 ps         ; 2000 ps         ;
; usuario_habilitado      ; 2.5 V        ; 2000 ps         ; 2000 ps         ;
; horario_correcto        ; 2.5 V        ; 2000 ps         ; 2000 ps         ;
; clk                     ; 2.5 V        ; 2000 ps         ; 2000 ps         ;
; rst                     ; 2.5 V        ; 2000 ps         ; 2000 ps         ;
; ~ALTERA_ASDO_DATA1~     ; 2.5 V        ; 2000 ps         ; 2000 ps         ;
; ~ALTERA_FLASH_nCE_nCSO~ ; 2.5 V        ; 2000 ps         ; 2000 ps         ;
; ~ALTERA_DATA0~          ; 2.5 V        ; 2000 ps         ; 2000 ps         ;
+-------------------------+--------------+-----------------+-----------------+


+-----------------------------------------------------------------------------------------------------------------------------------------------------------------------------------------------------------------------------------------------------------------------------------------------------------------------------------------------------------------------------------------------------------------------------------------------------------------------------------------------------------------------------------------------------------------------------------------------------------------------------------------------------------------------------------------------+
; Slow Corner Signal Integrity Metrics                                                                                                                                                                                                                                                                                                                                                                                                                                                                                                                                                                                                                                                          ;
+------------------+--------------+---------------------+---------------------+------------------------------+------------------------------+---------------------+---------------------+--------------------------------------+--------------------------------------+-----------------------------+-----------------------------+----------------------------+----------------------------+-----------------------------+-----------------------------+--------------------+--------------------+-------------------------------------+-------------------------------------+----------------------------+----------------------------+---------------------------+---------------------------+
; Pin              ; I/O Standard ; Board Delay on Rise ; Board Delay on Fall ; Steady State Voh at FPGA Pin ; Steady State Vol at FPGA Pin ; Voh Max at FPGA Pin ; Vol Min at FPGA Pin ; Ringback Voltage on Rise at FPGA Pin ; Ringback Voltage on Fall at FPGA Pin ; 10-90 Rise Time at FPGA Pin ; 90-10 Fall Time at FPGA Pin ; Monotonic Rise at FPGA Pin ; Monotonic Fall at FPGA Pin ; Steady State Voh at Far-end ; Steady State Vol at Far-end ; Voh Max at Far-end ; Vol Min at Far-end ; Ringback Voltage on Rise at Far-end ; Ringback Voltage on Fall at Far-end ; 10-90 Rise Time at Far-end ; 90-10 Fall Time at Far-end ; Monotonic Rise at Far-end ; Monotonic Fall at Far-end ;
+------------------+--------------+---------------------+---------------------+------------------------------+------------------------------+---------------------+---------------------+--------------------------------------+--------------------------------------+-----------------------------+-----------------------------+----------------------------+----------------------------+-----------------------------+-----------------------------+--------------------+--------------------+-------------------------------------+-------------------------------------+----------------------------+----------------------------+---------------------------+---------------------------+
; estado_out[0]    ; 2.5 V        ; 0 s                 ; 0 s                 ; 2.32 V                       ; 7.25e-07 V                   ; 2.36 V              ; -0.00946 V          ; 0.111 V                              ; 0.027 V                              ; 6.46e-10 s                  ; 6.2e-10 s                   ; Yes                        ; Yes                        ; 2.32 V                      ; 7.25e-07 V                  ; 2.36 V             ; -0.00946 V         ; 0.111 V                             ; 0.027 V                             ; 6.46e-10 s                 ; 6.2e-10 s                  ; Yes                       ; Yes                       ;
; estado_out[1]    ; 2.5 V        ; 0 s                 ; 0 s                 ; 2.32 V                       ; 1.08e-06 V                   ; 2.36 V              ; -0.0113 V           ; 0.122 V                              ; 0.022 V                              ; 4.5e-10 s                   ; 4.45e-10 s                  ; Yes                        ; Yes                        ; 2.32 V                      ; 1.08e-06 V                  ; 2.36 V             ; -0.0113 V          ; 0.122 V                             ; 0.022 V                             ; 4.5e-10 s                  ; 4.45e-10 s                 ; Yes                       ; Yes                       ;
; estado_out[2]    ; 2.5 V        ; 0 s                 ; 0 s                 ; 2.32 V                       ; 1.08e-06 V                   ; 2.36 V              ; -0.0113 V           ; 0.122 V                              ; 0.022 V                              ; 4.5e-10 s                   ; 4.45e-10 s                  ; Yes                        ; Yes                        ; 2.32 V                      ; 1.08e-06 V                  ; 2.36 V             ; -0.0113 V          ; 0.122 V                             ; 0.022 V                             ; 4.5e-10 s                  ; 4.45e-10 s                 ; Yes                       ; Yes                       ;
; limpiar_clave    ; 2.5 V        ; 0 s                 ; 0 s                 ; 2.32 V                       ; 1.08e-06 V                   ; 2.36 V              ; -0.0113 V           ; 0.122 V                              ; 0.022 V                              ; 4.5e-10 s                   ; 4.45e-10 s                  ; Yes                        ; Yes                        ; 2.32 V                      ; 1.08e-06 V                  ; 2.36 V             ; -0.0113 V          ; 0.122 V                             ; 0.022 V                             ; 4.5e-10 s                  ; 4.45e-10 s                 ; Yes                       ; Yes                       ;
; limpiar_intentos ; 2.5 V        ; 0 s                 ; 0 s                 ; 2.32 V                       ; 7.25e-07 V                   ; 2.35 V              ; -0.0111 V           ; 0.113 V                              ; 0.035 V                              ; 7.76e-10 s                  ; 8.04e-10 s                  ; Yes                        ; Yes                        ; 2.32 V                      ; 7.25e-07 V                  ; 2.35 V             ; -0.0111 V          ; 0.113 V                             ; 0.035 V                             ; 7.76e-10 s                 ; 8.04e-10 s                 ; Yes                       ; Yes                       ;
; iniciar_apertura ; 2.5 V        ; 0 s                 ; 0 s                 ; 2.32 V                       ; 1.08e-06 V                   ; 2.36 V              ; -0.0113 V           ; 0.122 V                              ; 0.022 V                              ; 4.5e-10 s                   ; 4.45e-10 s                  ; Yes                        ; Yes                        ; 2.32 V                      ; 1.08e-06 V                  ; 2.36 V             ; -0.0113 V          ; 0.122 V                             ; 0.022 V                             ; 4.5e-10 s                  ; 4.45e-10 s                 ; Yes                       ; Yes                       ;
; iniciar_bloqueo  ; 2.5 V        ; 0 s                 ; 0 s                 ; 2.32 V                       ; 1.08e-06 V                   ; 2.36 V              ; -0.0113 V           ; 0.122 V                              ; 0.022 V                              ; 4.5e-10 s                   ; 4.45e-10 s                  ; Yes                        ; Yes                        ; 2.32 V                      ; 1.08e-06 V                  ; 2.36 V             ; -0.0113 V          ; 0.122 V                             ; 0.022 V                             ; 4.5e-10 s                  ; 4.45e-10 s                 ; Yes                       ; Yes                       ;
; iniciar_error    ; 2.5 V        ; 0 s                 ; 0 s                 ; 2.32 V                       ; 1.08e-06 V                   ; 2.36 V              ; -0.0113 V           ; 0.122 V                              ; 0.022 V                              ; 4.5e-10 s                   ; 4.45e-10 s                  ; Yes                        ; Yes                        ; 2.32 V                      ; 1.08e-06 V                  ; 2.36 V             ; -0.0113 V          ; 0.122 V                             ; 0.022 V                             ; 4.5e-10 s                  ; 4.45e-10 s                 ; Yes                       ; Yes                       ;
; activar_alarma   ; 2.5 V        ; 0 s                 ; 0 s                 ; 2.32 V                       ; 1.08e-06 V                   ; 2.36 V              ; -0.0113 V           ; 0.122 V                              ; 0.022 V                              ; 4.5e-10 s                   ; 4.45e-10 s                  ; Yes                        ; Yes                        ; 2.32 V                      ; 1.08e-06 V                  ; 2.36 V             ; -0.0113 V          ; 0.122 V                             ; 0.022 V                             ; 4.5e-10 s                  ; 4.45e-10 s                 ; Yes                       ; Yes                       ;
; abrir_puerta     ; 2.5 V        ; 0 s                 ; 0 s                 ; 2.32 V                       ; 1.08e-06 V                   ; 2.36 V              ; -0.0113 V           ; 0.122 V                              ; 0.022 V                              ; 4.5e-10 s                   ; 4.45e-10 s                  ; Yes                        ; Yes                        ; 2.32 V                      ; 1.08e-06 V                  ; 2.36 V             ; -0.0113 V          ; 0.122 V                             ; 0.022 V                             ; 4.5e-10 s                  ; 4.45e-10 s                 ; Yes                       ; Yes                       ;
; intentos_out[0]  ; 2.5 V        ; 0 s                 ; 0 s                 ; 2.32 V                       ; 7.25e-07 V                   ; 2.36 V              ; -0.00946 V          ; 0.111 V                              ; 0.027 V                              ; 6.46e-10 s                  ; 6.2e-10 s                   ; Yes                        ; Yes                        ; 2.32 V                      ; 7.25e-07 V                  ; 2.36 V             ; -0.00946 V         ; 0.111 V                             ; 0.027 V                             ; 6.46e-10 s                 ; 6.2e-10 s                  ; Yes                       ; Yes                       ;
; intentos_out[1]  ; 2.5 V        ; 0 s                 ; 0 s                 ; 2.32 V                       ; 7.25e-07 V                   ; 2.35 V              ; -0.0111 V           ; 0.113 V                              ; 0.035 V                              ; 7.76e-10 s                  ; 8.04e-10 s                  ; Yes                        ; Yes                        ; 2.32 V                      ; 7.25e-07 V                  ; 2.35 V             ; -0.0111 V          ; 0.113 V                             ; 0.035 V                             ; 7.76e-10 s                 ; 8.04e-10 s                 ; Yes                       ; Yes                       ;
; ~ALTERA_DCLK~    ; 2.5 V        ; 0 s                 ; 0 s                 ; 2.32 V                       ; 5.68e-07 V                   ; 2.35 V              ; -0.0132 V           ; 0.2 V                                ; 0.027 V                              ; 5.26e-10 s                  ; 4.81e-10 s                  ; Yes                        ; Yes                        ; 2.32 V                      ; 5.68e-07 V                  ; 2.35 V             ; -0.0132 V          ; 0.2 V                               ; 0.027 V                             ; 5.26e-10 s                 ; 4.81e-10 s                 ; Yes                       ; Yes                       ;
; ~ALTERA_nCEO~    ; 2.5 V        ; 0 s                 ; 0 s                 ; 2.32 V                       ; 9.36e-07 V                   ; 2.35 V              ; -0.00444 V          ; 0.18 V                               ; 0.019 V                              ; 7.23e-10 s                  ; 9.82e-10 s                  ; Yes                        ; Yes                        ; 2.32 V                      ; 9.36e-07 V                  ; 2.35 V             ; -0.00444 V         ; 0.18 V                              ; 0.019 V                             ; 7.23e-10 s                 ; 9.82e-10 s                 ; Yes                       ; Yes                       ;
+------------------+--------------+---------------------+---------------------+------------------------------+------------------------------+---------------------+---------------------+--------------------------------------+--------------------------------------+-----------------------------+-----------------------------+----------------------------+----------------------------+-----------------------------+-----------------------------+--------------------+--------------------+-------------------------------------+-------------------------------------+----------------------------+----------------------------+---------------------------+---------------------------+


+-----------------------------------------------------------------------------------------------------------------------------------------------------------------------------------------------------------------------------------------------------------------------------------------------------------------------------------------------------------------------------------------------------------------------------------------------------------------------------------------------------------------------------------------------------------------------------------------------------------------------------------------------------------------------------------------------+
; Fast Corner Signal Integrity Metrics                                                                                                                                                                                                                                                                                                                                                                                                                                                                                                                                                                                                                                                          ;
+------------------+--------------+---------------------+---------------------+------------------------------+------------------------------+---------------------+---------------------+--------------------------------------+--------------------------------------+-----------------------------+-----------------------------+----------------------------+----------------------------+-----------------------------+-----------------------------+--------------------+--------------------+-------------------------------------+-------------------------------------+----------------------------+----------------------------+---------------------------+---------------------------+
; Pin              ; I/O Standard ; Board Delay on Rise ; Board Delay on Fall ; Steady State Voh at FPGA Pin ; Steady State Vol at FPGA Pin ; Voh Max at FPGA Pin ; Vol Min at FPGA Pin ; Ringback Voltage on Rise at FPGA Pin ; Ringback Voltage on Fall at FPGA Pin ; 10-90 Rise Time at FPGA Pin ; 90-10 Fall Time at FPGA Pin ; Monotonic Rise at FPGA Pin ; Monotonic Fall at FPGA Pin ; Steady State Voh at Far-end ; Steady State Vol at Far-end ; Voh Max at Far-end ; Vol Min at Far-end ; Ringback Voltage on Rise at Far-end ; Ringback Voltage on Fall at Far-end ; 10-90 Rise Time at Far-end ; 90-10 Fall Time at Far-end ; Monotonic Rise at Far-end ; Monotonic Fall at Far-end ;
+------------------+--------------+---------------------+---------------------+------------------------------+------------------------------+---------------------+---------------------+--------------------------------------+--------------------------------------+-----------------------------+-----------------------------+----------------------------+----------------------------+-----------------------------+-----------------------------+--------------------+--------------------+-------------------------------------+-------------------------------------+----------------------------+----------------------------+---------------------------+---------------------------+
; estado_out[0]    ; 2.5 V        ; 0 s                 ; 0 s                 ; 2.62 V                       ; 2.78e-08 V                   ; 2.72 V              ; -0.0408 V           ; 0.163 V                              ; 0.075 V                              ; 4.51e-10 s                  ; 4.33e-10 s                  ; No                         ; Yes                        ; 2.62 V                      ; 2.78e-08 V                  ; 2.72 V             ; -0.0408 V          ; 0.163 V                             ; 0.075 V                             ; 4.51e-10 s                 ; 4.33e-10 s                 ; No                        ; Yes                       ;
; estado_out[1]    ; 2.5 V        ; 0 s                 ; 0 s                 ; 2.62 V                       ; 4.11e-08 V                   ; 2.73 V              ; -0.0566 V           ; 0.191 V                              ; 0.12 V                               ; 2.69e-10 s                  ; 2.76e-10 s                  ; Yes                        ; Yes                        ; 2.62 V                      ; 4.11e-08 V                  ; 2.73 V             ; -0.0566 V          ; 0.191 V                             ; 0.12 V                              ; 2.69e-10 s                 ; 2.76e-10 s                 ; Yes                       ; Yes                       ;
; estado_out[2]    ; 2.5 V        ; 0 s                 ; 0 s                 ; 2.62 V                       ; 4.11e-08 V                   ; 2.73 V              ; -0.0566 V           ; 0.191 V                              ; 0.12 V                               ; 2.69e-10 s                  ; 2.76e-10 s                  ; Yes                        ; Yes                        ; 2.62 V                      ; 4.11e-08 V                  ; 2.73 V             ; -0.0566 V          ; 0.191 V                             ; 0.12 V                              ; 2.69e-10 s                 ; 2.76e-10 s                 ; Yes                       ; Yes                       ;
; limpiar_clave    ; 2.5 V        ; 0 s                 ; 0 s                 ; 2.62 V                       ; 4.11e-08 V                   ; 2.73 V              ; -0.0566 V           ; 0.191 V                              ; 0.12 V                               ; 2.69e-10 s                  ; 2.76e-10 s                  ; Yes                        ; Yes                        ; 2.62 V                      ; 4.11e-08 V                  ; 2.73 V             ; -0.0566 V          ; 0.191 V                             ; 0.12 V                              ; 2.69e-10 s                 ; 2.76e-10 s                 ; Yes                       ; Yes                       ;
; limpiar_intentos ; 2.5 V        ; 0 s                 ; 0 s                 ; 2.62 V                       ; 2.78e-08 V                   ; 2.71 V              ; -0.0349 V           ; 0.253 V                              ; 0.069 V                              ; 4.96e-10 s                  ; 5.19e-10 s                  ; No                         ; Yes                        ; 2.62 V                      ; 2.78e-08 V                  ; 2.71 V             ; -0.0349 V          ; 0.253 V                             ; 0.069 V                             ; 4.96e-10 s                 ; 5.19e-10 s                 ; No                        ; Yes                       ;
; iniciar_apertura ; 2.5 V        ; 0 s                 ; 0 s                 ; 2.62 V                       ; 4.11e-08 V                   ; 2.73 V              ; -0.0566 V           ; 0.191 V                              ; 0.12 V                               ; 2.69e-10 s                  ; 2.76e-10 s                  ; Yes                        ; Yes                        ; 2.62 V                      ; 4.11e-08 V                  ; 2.73 V             ; -0.0566 V          ; 0.191 V                             ; 0.12 V                              ; 2.69e-10 s                 ; 2.76e-10 s                 ; Yes                       ; Yes                       ;
; iniciar_bloqueo  ; 2.5 V        ; 0 s                 ; 0 s                 ; 2.62 V                       ; 4.11e-08 V                   ; 2.73 V              ; -0.0566 V           ; 0.191 V                              ; 0.12 V                               ; 2.69e-10 s                  ; 2.76e-10 s                  ; Yes                        ; Yes                        ; 2.62 V                      ; 4.11e-08 V                  ; 2.73 V             ; -0.0566 V          ; 0.191 V                             ; 0.12 V                              ; 2.69e-10 s                 ; 2.76e-10 s                 ; Yes                       ; Yes                       ;
; iniciar_error    ; 2.5 V        ; 0 s                 ; 0 s                 ; 2.62 V                       ; 4.11e-08 V                   ; 2.73 V              ; -0.0566 V           ; 0.191 V                              ; 0.12 V                               ; 2.69e-10 s                  ; 2.76e-10 s                  ; Yes                        ; Yes                        ; 2.62 V                      ; 4.11e-08 V                  ; 2.73 V             ; -0.0566 V          ; 0.191 V                             ; 0.12 V                              ; 2.69e-10 s                 ; 2.76e-10 s                 ; Yes                       ; Yes                       ;
; activar_alarma   ; 2.5 V        ; 0 s                 ; 0 s                 ; 2.62 V                       ; 4.11e-08 V                   ; 2.73 V              ; -0.0566 V           ; 0.191 V                              ; 0.12 V                               ; 2.69e-10 s                  ; 2.76e-10 s                  ; Yes                        ; Yes                        ; 2.62 V                      ; 4.11e-08 V                  ; 2.73 V             ; -0.0566 V          ; 0.191 V                             ; 0.12 V                              ; 2.69e-10 s                 ; 2.76e-10 s                 ; Yes                       ; Yes                       ;
; abrir_puerta     ; 2.5 V        ; 0 s                 ; 0 s                 ; 2.62 V                       ; 4.11e-08 V                   ; 2.73 V              ; -0.0566 V           ; 0.191 V                              ; 0.12 V                               ; 2.69e-10 s                  ; 2.76e-10 s                  ; Yes                        ; Yes                        ; 2.62 V                      ; 4.11e-08 V                  ; 2.73 V             ; -0.0566 V          ; 0.191 V                             ; 0.12 V                              ; 2.69e-10 s                 ; 2.76e-10 s                 ; Yes                       ; Yes                       ;
; intentos_out[0]  ; 2.5 V        ; 0 s                 ; 0 s                 ; 2.62 V                       ; 2.78e-08 V                   ; 2.72 V              ; -0.0408 V           ; 0.163 V                              ; 0.075 V                              ; 4.51e-10 s                  ; 4.33e-10 s                  ; No                         ; Yes                        ; 2.62 V                      ; 2.78e-08 V                  ; 2.72 V             ; -0.0408 V          ; 0.163 V                             ; 0.075 V                             ; 4.51e-10 s                 ; 4.33e-10 s                 ; No                        ; Yes                       ;
; intentos_out[1]  ; 2.5 V        ; 0 s                 ; 0 s                 ; 2.62 V                       ; 2.78e-08 V                   ; 2.71 V              ; -0.0349 V           ; 0.253 V                              ; 0.069 V                              ; 4.96e-10 s                  ; 5.19e-10 s                  ; No                         ; Yes                        ; 2.62 V                      ; 2.78e-08 V                  ; 2.71 V             ; -0.0349 V          ; 0.253 V                             ; 0.069 V                             ; 4.96e-10 s                 ; 5.19e-10 s                 ; No                        ; Yes                       ;
; ~ALTERA_DCLK~    ; 2.5 V        ; 0 s                 ; 0 s                 ; 2.62 V                       ; 2.22e-08 V                   ; 2.72 V              ; -0.0747 V           ; 0.28 V                               ; 0.169 V                              ; 3.1e-10 s                   ; 3.01e-10 s                  ; No                         ; Yes                        ; 2.62 V                      ; 2.22e-08 V                  ; 2.72 V             ; -0.0747 V          ; 0.28 V                              ; 0.169 V                             ; 3.1e-10 s                  ; 3.01e-10 s                 ; No                        ; Yes                       ;
; ~ALTERA_nCEO~    ; 2.5 V        ; 0 s                 ; 0 s                 ; 2.62 V                       ; 3.53e-08 V                   ; 2.7 V               ; -0.0212 V           ; 0.204 V                              ; 0.049 V                              ; 4.85e-10 s                  ; 6.73e-10 s                  ; No                         ; Yes                        ; 2.62 V                      ; 3.53e-08 V                  ; 2.7 V              ; -0.0212 V          ; 0.204 V                             ; 0.049 V                             ; 4.85e-10 s                 ; 6.73e-10 s                 ; No                        ; Yes                       ;
+------------------+--------------+---------------------+---------------------+------------------------------+------------------------------+---------------------+---------------------+--------------------------------------+--------------------------------------+-----------------------------+-----------------------------+----------------------------+----------------------------+-----------------------------+-----------------------------+--------------------+--------------------+-------------------------------------+-------------------------------------+----------------------------+----------------------------+---------------------------+---------------------------+


+-------------------------------------------------------------------+
; Setup Transfers                                                   ;
+------------+----------+----------+----------+----------+----------+
; From Clock ; To Clock ; RR Paths ; FR Paths ; RF Paths ; FF Paths ;
+------------+----------+----------+----------+----------+----------+
; clk        ; clk      ; 70       ; 0        ; 0        ; 0        ;
+------------+----------+----------+----------+----------+----------+
Entries labeled "false path" only account for clock-to-clock false paths and not path-based false paths. As a result, actual path counts may be lower than reported.


+-------------------------------------------------------------------+
; Hold Transfers                                                    ;
+------------+----------+----------+----------+----------+----------+
; From Clock ; To Clock ; RR Paths ; FR Paths ; RF Paths ; FF Paths ;
+------------+----------+----------+----------+----------+----------+
; clk        ; clk      ; 70       ; 0        ; 0        ; 0        ;
+------------+----------+----------+----------+----------+----------+
Entries labeled "false path" only account for clock-to-clock false paths and not path-based false paths. As a result, actual path counts may be lower than reported.


---------------
; Report TCCS ;
---------------
No dedicated SERDES Transmitter circuitry present in device or used in design


---------------
; Report RSKM ;
---------------
No non-DPA dedicated SERDES Receiver circuitry present in device or used in design


+------------------------------------------------+
; Unconstrained Paths                            ;
+---------------------------------+-------+------+
; Property                        ; Setup ; Hold ;
+---------------------------------+-------+------+
; Illegal Clocks                  ; 0     ; 0    ;
; Unconstrained Clocks            ; 0     ; 0    ;
; Unconstrained Input Ports       ; 10    ; 10   ;
; Unconstrained Input Port Paths  ; 94    ; 94   ;
; Unconstrained Output Ports      ; 12    ; 12   ;
; Unconstrained Output Port Paths ; 70    ; 70   ;
+---------------------------------+-------+------+


+------------------------------------+
; TimeQuest Timing Analyzer Messages ;
+------------------------------------+
Info: *******************************************************************
Info: Running Quartus II 64-Bit TimeQuest Timing Analyzer
    Info: Version 13.1.0 Build 162 10/23/2013 SJ Web Edition
    Info: Processing started: Thu May 07 23:16:29 2026
Info: Command: quartus_sta maquina_estados_principal -c maquina_estados_principal
Info: qsta_default_script.tcl version: #1
Info (20030): Parallel compilation is enabled and will use 12 of the 12 processors detected
Info (21077): Core supply voltage is 1.2V
Info (21077): Low junction temperature is 0 degrees C
Info (21077): High junction temperature is 85 degrees C
Critical Warning (332012): Synopsys Design Constraints File file not found: 'maquina_estados_principal.sdc'. A Synopsys Design Constraints File is required by the TimeQuest Timing Analyzer to get proper timing constraints. Without it, the Compiler will not properly optimize the design.
Info (332142): No user constrained base clocks found in the design. Calling "derive_clocks -period 1.0"
Info (332105): Deriving Clocks
    Info (332105): create_clock -period 1.000 -name clk clk
Info (332143): No user constrained clock uncertainty found in the design. Calling "derive_clock_uncertainty"
Info (332123): Deriving Clock Uncertainty. Please refer to report_sdc in TimeQuest to see clock uncertainties.
Info: Found TIMEQUEST_REPORT_SCRIPT_INCLUDE_DEFAULT_ANALYSIS = ON
Info: Analyzing Slow 1200mV 85C Model
Critical Warning (332148): Timing requirements not met
    Info (11105): For recommendations on closing timing, run Report Timing Closure Recommendations in the TimeQuest Timing Analyzer.
Info (332146): Worst-case setup slack is -1.801
    Info (332119):     Slack       End Point TNS Clock 
    Info (332119): ========= =================== =====================
    Info (332119):    -1.801              -9.030 clk 
Info (332146): Worst-case hold slack is 0.358
    Info (332119):     Slack       End Point TNS Clock 
    Info (332119): ========= =================== =====================
    Info (332119):     0.358               0.000 clk 
Info (332140): No Recovery paths to report
Info (332140): No Removal paths to report
Info (332146): Worst-case minimum pulse width slack is -3.000
    Info (332119):     Slack       End Point TNS Clock 
    Info (332119): ========= =================== =====================
    Info (332119):    -3.000             -10.000 clk 
Info: Analyzing Slow 1200mV 0C Model
Info (334003): Started post-fitting delay annotation
Info (334004): Delay annotation completed successfully
Info (332123): Deriving Clock Uncertainty. Please refer to report_sdc in TimeQuest to see clock uncertainties.
Critical Warning (332148): Timing requirements not met
    Info (11105): For recommendations on closing timing, run Report Timing Closure Recommendations in the TimeQuest Timing Analyzer.
Info (332146): Worst-case setup slack is -1.502
    Info (332119):     Slack       End Point TNS Clock 
    Info (332119): ========= =================== =====================
    Info (332119):    -1.502              -7.364 clk 
Info (332146): Worst-case hold slack is 0.312
    Info (332119):     Slack       End Point TNS Clock 
    Info (332119): ========= =================== =====================
    Info (332119):     0.312               0.000 clk 
Info (332140): No Recovery paths to report
Info (332140): No Removal paths to report
Info (332146): Worst-case minimum pulse width slack is -3.000
    Info (332119):     Slack       End Point TNS Clock 
    Info (332119): ========= =================== =====================
    Info (332119):    -3.000             -10.000 clk 
Info: Analyzing Fast 1200mV 0C Model
Info (332123): Deriving Clock Uncertainty. Please refer to report_sdc in TimeQuest to see clock uncertainties.
Critical Warning (332148): Timing requirements not met
    Info (11105): For recommendations on closing timing, run Report Timing Closure Recommendations in the TimeQuest Timing Analyzer.
Info (332146): Worst-case setup slack is -0.549
    Info (332119):     Slack       End Point TNS Clock 
    Info (332119): ========= =================== =====================
    Info (332119):    -0.549              -1.928 clk 
Info (332146): Worst-case hold slack is 0.187
    Info (332119):     Slack       End Point TNS Clock 
    Info (332119): ========= =================== =====================
    Info (332119):     0.187               0.000 clk 
Info (332140): No Recovery paths to report
Info (332140): No Removal paths to report
Info (332146): Worst-case minimum pulse width slack is -3.000
    Info (332119):     Slack       End Point TNS Clock 
    Info (332119): ========= =================== =====================
    Info (332119):    -3.000             -10.392 clk 
Info (332102): Design is not fully constrained for setup requirements
Info (332102): Design is not fully constrained for hold requirements
Info: Quartus II 64-Bit TimeQuest Timing Analyzer was successful. 0 errors, 4 warnings
    Info: Peak virtual memory: 4779 megabytes
    Info: Processing ended: Thu May 07 23:16:30 2026
    Info: Elapsed time: 00:00:01
    Info: Total CPU time (on all processors): 00:00:01


